mathematiques;physique;chimie;francais;histoire_et_geographie;philosophie;anglais;test_psychotechnique;science_de_la_vie_et_de_la_terre;informatique;economie_generale;education_physique_et_sportive;dessin_technique_et_arts_appliques;statistiques_et_probabilites;biologie_appliquee_et_biotechnologie;filiere_recommandee
16,58;10,29;11,13;13,63;8,81;8,51;16,45;17,24;10,92;10,58;18,62;11,96;7,62;16,74;9,76;finance_comptabilite_et_audit
10,8;4,58;8,32;17,3;11,82;15,17;18,69;15,75;8,08;11,17;11,84;11,14;11,16;9,37;10,6;journalisme_et_medias
5,42;6,83;6,44;15,42;13,46;13,37;16,61;13,43;9,77;7,33;8,67;8,37;7,32;8,77;10,1;langues_et_communication
11,33;8,72;7,91;15,6;17,92;13,92;18,02;10,58;11,12;10,77;10,81;12,32;11,32;12,3;9,43;droit_et_sciences_politiques
12,07;11,02;13,18;15,53;16,72;9,57;16,37;11,43;9,43;11,25;14,16;14,67;10,03;11,0;7,65;commerce_international_et_logistique
15,2;12,61;14,02;8,86;14,07;5,77;10,62;11,29;16,34;8,66;11,38;19,87;11,5;16,38;14,0;agronomie_et_environnement
12,3;14,59;17,35;12,74;10,07;12,11;14,17;11,34;17,79;10,17;7,1;13,16;10,52;10,7;18,88;biotechnologie_et_sciences_pharmaceutiques
5,7;9,91;10,43;17,12;17,92;15,69;15,64;14,82;8,87;11,53;12,06;13,14;11,31;10,78;7,21;journalisme_et_medias
8,51;6,31;7,17;14,87;18,22;14,15;19,9;15,63;10,97;8,69;8,08;14,57;8,02;9,16;8,54;journalisme_et_medias
17,22;17,94;11,07;14,24;11,43;8,85;11,62;15,48;13,56;12,16;10,93;10,01;13,94;11,98;10,06;genie_civil_et_construction
9,46;2,8;7,4;17,9;13,55;15,91;15,26;15,72;6,45;4,41;7,41;11,02;12,26;8,95;6,34;journalisme_et_medias
16,73;13,67;13,25;12,66;11,73;10,19;12,05;14,59;9,23;12,32;9,75;12,36;17,64;15,15;8,58;architecture_et_design_interieur
14,29;15,64;7,48;10,88;10,97;9,74;14,13;16,45;6,47;19,26;10,92;11,17;9,84;13,95;5,1;cybersecurite_et_reseaux
14,38;12,12;11,99;13,03;17,31;11,77;16,97;16,53;12,05;12,9;14,59;13,14;10,05;13,45;6,55;commerce_international_et_logistique
14,29;15,82;18,73;9,73;10,69;8,66;15,21;12,52;16,04;8,14;9,22;11,99;10,19;13,31;18,14;pharmacie
19,62;16,79;11,65;11,29;10,06;11,05;17,99;15,52;15,49;19,59;14,26;11,14;9,41;20,0;9,67;science_des_donnees_et_intelligence_artificielle
9,04;6,91;9,83;14,98;17,18;16,27;17,48;8,88;9,64;9,91;17,7;14,53;7,07;10,14;10,19;droit_et_sciences_politiques
8,9;9,54;10,83;17,09;14,34;15,92;13,01;17,75;15,44;11,44;9,41;10,69;9,48;10,46;12,94;psychologie_et_sciences_de_l_education
16,96;20,0;13,64;12,6;8,95;10,06;9,89;13,61;12,26;14,12;8,86;13,71;17,1;13,58;10,42;genie_civil_et_construction
6,84;7,1;7,74;18,56;17,09;19,31;12,88;12,55;9,1;7,14;12,69;11,81;6,15;9,93;6,17;droit_et_sciences_politiques
15,3;15,7;12,13;10,94;10,09;9,57;16,78;17,24;6,92;20,0;12,69;12,52;9,71;14,46;7,72;cybersecurite_et_reseaux
12,94;16,93;18,71;13,43;11,3;13,53;10,45;13,51;17,25;12,48;11,02;13,34;8,03;11,26;16,86;pharmacie
12,29;4,9;8,57;17,2;17,5;17,15;16,3;11,61;10,29;7,96;14,0;12,74;9,23;11,79;9,28;droit_et_sciences_politiques
11,88;10,13;11,82;11,29;15,6;13,88;16,63;13,87;11,56;8,73;14,24;11,44;8,64;10,22;9,49;commerce_international_et_logistique
9,33;6,12;8,64;18,56;14,83;13,04;18,13;10,81;7,39;10,81;8,88;11,81;9,26;6,86;7,12;traduction_et_interpretariat
12,77;17,96;20,0;11,1;11,86;12,09;12,95;17,59;16,33;12,83;9,18;8,43;9,91;14,29;17,73;biotechnologie_et_sciences_pharmaceutiques
10,03;15,72;13,71;12,4;10,22;12,12;12,19;13,55;18,69;8,12;7,69;13,43;9,38;8,92;15,59;sciences_veterinaires
17,34;18,98;8,51;14,79;14,43;11,6;15,22;16,22;10,71;11,91;8,88;10,69;17,48;15,91;9,69;architecture_et_design_interieur
6,66;8,1;9,83;19,29;13,8;13,93;18,48;10,61;7,85;7,51;8,35;9,73;5,18;8,77;12,7;traduction_et_interpretariat
16,52;13,92;17,32;7,72;15,12;7,74;15,01;7,89;17,19;11,82;8,6;12,53;12,2;16,7;16,58;biotechnologie_et_sciences_pharmaceutiques
18,13;19,88;11,53;10,39;8,63;16,94;16,8;15,21;11,83;17,99;10,36;8,82;13,86;16,32;9,16;genie_electrique_et_electronique
14,81;14,9;6,76;11,24;11,68;8,84;13,1;14,8;12,54;10,58;4,04;9,57;17,43;10,7;7,94;architecture_et_design_interieur
13,22;13,63;10,14;9,78;13,5;9,58;10,49;15,29;9,82;8,64;11,53;12,28;16,79;14,07;8,66;urbanisme_et_amenagement_du_territoire
16,68;16,57;11,92;14,68;15,31;9,45;15,09;11,65;7,95;13,33;11,76;12,43;15,58;15,25;6,14;urbanisme_et_amenagement_du_territoire
15,01;19,72;11,33;11,91;8,66;11,15;13,93;15,1;13,5;13,59;9,87;11,84;16,03;11,25;7,6;genie_civil_et_construction
7,83;4,88;6,69;15,66;18,8;16,28;18,35;14,97;11,22;9,96;10,21;13,06;11,05;13,27;9,37;journalisme_et_medias
19,5;17,13;11,25;11,28;9,87;9,55;13,86;19,11;11,06;19,9;11,63;10,71;10,55;19,92;9,79;science_des_donnees_et_intelligence_artificielle
9,8;10,95;7,51;11,64;13,18;6,29;6,73;10,48;11,68;10,5;7,64;15,96;10,05;8,72;13,31;sport_et_sciences_du_mouvement
11,07;11,08;8,24;12,64;13,94;10,41;8,66;13,51;10,13;10,93;12,98;11,78;17,25;8,95;10,81;urbanisme_et_amenagement_du_territoire
17,55;19,23;13,71;10,31;12,81;8,47;12,39;11,81;10,33;14,48;7,93;14,16;19,57;11,95;7,35;genie_mecanique_et_industriel
16,51;13,65;14,52;9,31;13,04;5,49;15,35;19,47;6,8;18,73;12,3;10,63;12,02;17,19;6,45;science_des_donnees_et_intelligence_artificielle
8,98;11,81;16,04;11,25;11,05;9,96;12,83;13,37;17,25;7,79;8,4;14,15;8,07;7,79;16,42;sciences_veterinaires
12,86;17,04;19,26;12,3;12,71;14,54;13,91;12,21;19,09;13,21;9,91;14,35;9,21;11,42;19,88;agronomie_et_environnement
13,93;15,6;20,0;11,64;16,23;8,8;9,94;12,5;18,78;15,56;11,04;14,2;12,17;12,4;17,52;agronomie_et_environnement
16,34;15,68;9,08;12,85;7,48;7,85;14,43;17,16;13,78;20,0;10,35;11,61;12,69;16,08;9,8;cybersecurite_et_reseaux
9,01;10,34;10,77;17,23;20,0;15,67;10,59;15,25;11,71;10,65;13,5;9,05;11,48;11,77;11,47;sciences_sociales_et_sociologie
17,02;14,1;14,88;13,7;11,16;10,98;12,47;17,03;8,5;13,72;15,98;11,88;5,66;17,91;7,94;sciences_actuarielles_et_statistiques
6,5;7,94;9,57;18,54;12,06;13,77;17,19;11,84;5,47;5,94;8,25;13,94;6,77;5,03;9,07;traduction_et_interpretariat
10,21;15,14;20,0;12,42;11,0;12,94;16,25;12,72;18,71;7,28;12,43;12,35;8,93;10,27;20,0;pharmacie
7,78;7,69;9,85;17,05;14,46;14,58;17,47;12,2;11,4;9,09;6,37;8,82;9,97;5,46;7,89;langues_et_communication
9,98;7,1;5,72;16,87;12,94;13,12;17,66;11,27;8,27;11,04;6,43;13,09;8,62;12,11;7,12;traduction_et_interpretariat
5,3;6,37;7,46;16,33;10,99;11,73;20,0;12,17;11,0;7,37;5,19;16,48;9,36;6,62;7,99;traduction_et_interpretariat
10,35;8,24;10,76;18,03;16,5;17,62;13,57;9,78;5,59;12,55;9,91;10,0;7,32;10,65;10,08;journalisme_et_medias
13,42;15,54;17,96;15,97;13,43;14,38;12,83;16,08;17,47;12,57;10,07;10,73;11,41;9,82;17,83;medecine_et_sante
8,49;4,71;8,72;20,0;16,55;19,54;11,97;15,14;9,68;9,09;14,98;14,35;7,15;8,17;8,72;droit_et_sciences_politiques
15,5;17,01;20,0;8,78;11,75;8,66;15,41;10,99;16,19;15,73;10,82;7,8;11,5;11,22;16,07;pharmacie
6,38;9,03;9,43;20,0;16,74;16,35;10,95;12,22;8,23;10,74;9,91;12,21;8,76;10,92;6,57;droit_et_sciences_politiques
12,2;13,3;16,41;16,74;9,68;16,22;14,21;14,18;16,84;12,88;13,28;13,23;10,32;12,25;18,87;agronomie_et_environnement
16,32;17,99;12,69;10,19;10,28;9,19;13,71;16,81;11,36;12,77;9,06;11,97;18,3;13,61;8,2;genie_civil_et_construction
5,66;7,71;11,22;17,08;18,7;14,9;14,5;11,49;6,3;11,89;13,52;12,85;10,54;7,29;10,73;journalisme_et_medias
18,19;17,86;13,45;14,29;8,62;11,02;12,4;17,07;8,13;16,13;14,44;10,93;10,36;13,46;9,46;informatique_administration_reseaux_et_ia
12,09;10,37;6,94;12,17;15,15;12,9;14,43;12,62;14,38;9,32;8,71;16,19;10,16;8,66;13,39;sport_et_sciences_du_mouvement
9,83;10,31;9,44;13,56;9,51;10,37;12,41;14,39;13,11;8,51;11,13;18,27;7,44;8,9;13,67;sport_et_sciences_du_mouvement
8,5;7,32;12,98;17,43;17,55;17,8;9,96;17,75;12,0;12,66;10,68;12,98;11,18;14,54;9,77;sciences_sociales_et_sociologie
12,68;13,02;16,44;9,92;13,44;8,67;9,46;14,56;19,56;11,28;9,3;16,87;11,4;12,19;17,98;agronomie_et_environnement
10,61;7,29;13,5;14,62;17,25;15,14;15,89;14,01;9,83;8,71;7,42;14,5;11,74;11,23;6,12;langues_et_communication
8,76;10,39;11,15;15,17;12,17;14,52;13,81;17,06;17,94;10,56;8,06;12,2;10,72;11,53;14,17;psychologie_et_sciences_de_l_education
12,88;15,45;14,17;13,87;12,35;7,46;18,11;16,78;11,71;16,93;9,34;11,02;12,77;13,97;10,06;informatique_administration_reseaux_et_ia
16,14;12,95;13,78;13,56;12,49;10,7;12,36;17,3;9,39;17,24;14,14;10,58;7,57;17,63;6,47;sciences_actuarielles_et_statistiques
3,9;8,18;7,5;13,38;11,91;13,0;15,36;13,67;8,03;8,15;5,02;15,14;7,52;3,9;7,02;traduction_et_interpretariat
19,98;19,78;12,22;8,58;10,73;10,75;12,01;16,31;11,89;15,73;10,78;9,95;14,79;15,48;8,74;genie_electrique_et_electronique
12,23;13,88;15,81;10,42;13,03;11,41;15,25;12,08;15,53;9,93;8,35;14,22;10,56;9,76;16,93;agronomie_et_environnement
17,22;19,19;13,4;14,63;6,6;9,58;12,51;13,32;6,66;14,19;8,44;8,67;20,0;12,63;4,37;architecture_et_design_interieur
18,06;15,8;12,39;15,02;12,6;9,66;12,89;14,97;10,39;14,55;9,26;13,7;18,79;14,75;6,37;architecture_et_design_interieur
6,18;8,31;9,25;15,6;17,67;16,87;13,62;12,77;9,08;7,58;13,21;10,87;8,45;7,93;8,51;droit_et_sciences_politiques
16,68;18,28;15,8;11,48;12,17;13,18;14,79;13,31;13,52;15,07;9,36;9,8;20,0;11,5;8,07;genie_mecanique_et_industriel
13,9;9,46;12,55;15,46;16,3;11,6;17,38;12,54;9,28;12,65;15,91;10,26;8,27;15,87;6,87;commerce_international_et_logistique
13,61;17,84;19,98;13,94;11,27;11,49;13,32;12,61;17,75;13,0;11,46;9,8;12,36;10,52;19,36;medecine_et_sante
13,37;7,85;6,94;16,46;13,5;19,23;16,23;13,09;11,43;11,35;7,97;15,1;13,02;12,73;8,19;journalisme_et_medias
18,98;13,62;15,01;12,21;10,57;9,94;14,78;11,19;6,55;15,14;14,95;8,66;11,23;17,37;7,63;sciences_actuarielles_et_statistiques
11,17;10,27;9,88;15,95;12,93;17,47;14,47;18,05;15,67;10,06;7,89;13,0;8,62;12,73;11,51;psychologie_et_sciences_de_l_education
11,77;18,76;20,0;13,16;12,38;10,99;10,15;11,07;16,93;10,28;9,46;10,87;8,48;11,21;16,93;pharmacie
13,17;10,22;12,71;8,52;14,53;5,59;8,91;14,14;17,28;10,88;8,5;15,55;6,92;10,67;16,98;sciences_veterinaires
17,13;18,84;12,16;8,78;9,25;9,8;11,53;15,88;12,03;14,59;10,92;15,18;15,55;8,51;7,15;genie_civil_et_construction
12,47;19,94;20,0;14,05;11,83;11,02;10,05;14,03;16,44;12,46;9,86;11,48;11,33;11,9;18,65;pharmacie
19,12;8,67;10,02;10,8;12,09;7,88;18,71;13,08;9,94;14,75;18,14;7,62;7,62;17,64;6,46;finance_comptabilite_et_audit
12,73;10,91;11,52;19,64;16,43;13,18;19,05;15,42;12,35;12,66;14,49;10,05;8,32;12,82;9,31;commerce_international_et_logistique
16,75;13,39;13,47;18,14;16,45;9,88;19,45;16,79;13,96;13,65;17,52;13,98;10,76;14,28;10,5;commerce_international_et_logistique
10,42;6,88;7,09;18,87;14,86;13,36;18,62;9,13;7,59;10,15;10,63;13,01;7,22;7,97;7,12;traduction_et_interpretariat
13,38;8,73;11,41;18,01;20,0;15,02;10,41;14,39;13,19;13,56;12,51;14,17;11,05;13,07;10,75;sciences_sociales_et_sociologie
11,79;14,84;13,96;12,43;10,16;12,71;11,35;13,39;16,98;9,08;9,86;12,75;9,53;10,05;17,72;sciences_veterinaires
11,69;14,98;16,81;16,59;5,14;14,41;14,49;15,91;18,06;8,47;7,96;11,89;8,2;13,3;17,52;biotechnologie_et_sciences_pharmaceutiques
11,69;15,83;16,69;9,98;10,9;9,64;15,84;11,49;14,92;13,08;9,81;15,45;9,26;10,65;18,97;agronomie_et_environnement
14,54;10,36;14,03;14,09;18,48;13,23;12,45;18,91;8,54;12,38;16,58;14,23;9,88;14,81;6,42;economie_et_gestion
14,3;14,79;16,74;12,45;12,54;9,41;15,82;9,43;17,48;11,01;11,68;10,7;8,59;14,79;16,11;biotechnologie_et_sciences_pharmaceutiques
8,32;8,48;8,75;16,3;13,1;12,2;19,29;9,91;8,78;11,5;11,79;9,34;6,75;9,51;8,9;traduction_et_interpretariat
15,52;14,45;15,85;11,46;11,12;10,92;11,0;13,76;18,88;12,09;8,85;13,91;8,33;12,86;18,2;medecine_et_sante
19,68;13,81;8,47;12,73;10,07;9,77;14,76;18,11;7,63;19,76;11,44;8,75;9,43;19,35;6,56;science_des_donnees_et_intelligence_artificielle
17,45;17,15;13,4;14,51;10,59;8,14;13,23;13,92;9,34;15,14;9,12;10,39;19,06;11,06;6,61;architecture_et_design_interieur
12,84;12,86;16,86;9,86;12,83;9,39;14,56;13,35;17,15;9,22;12,27;18,51;7,07;12,0;19,19;agronomie_et_environnement
15,25;8,95;8,92;13,68;9,78;8,62;14,47;15,97;12,04;12,24;16,98;9,92;7,98;20,0;8,7;finance_comptabilite_et_audit
16,98;19,46;14,44;13,77;7,34;11,54;10,0;12,89;11,56;15,25;9,58;10,3;15,84;10,43;8,0;genie_civil_et_construction
16,55;19,55;13,77;9,73;9,15;12,06;14,35;12,59;11,02;16,56;6,92;12,51;20,0;11,5;8,61;genie_mecanique_et_industriel
11,82;9,09;9,38;17,75;18,15;10,07;17,71;13,69;13,79;10,98;13,21;11,12;9,83;11,56;10,59;tourisme_et_hotellerie
13,11;14,72;18,24;12,44;12,58;11,67;14,78;11,02;19,4;10,41;10,18;11,26;4,69;7,94;16,48;biotechnologie_et_sciences_pharmaceutiques
15,37;14,24;11,33;6,54;12,48;10,45;13,89;16,89;7,0;11,95;12,67;10,92;20,0;8,54;6,8;architecture_et_design_interieur
15,95;16,95;10,1;10,38;6,52;8,96;14,29;16,21;9,53;18,5;9,25;12,42;9,99;14,49;6,87;cybersecurite_et_reseaux
16,95;7,69;8,91;15,65;14,65;12,16;13,58;17,6;7,7;13,02;19,96;10,47;7,43;16,89;5,64;economie_et_gestion
8,99;7,46;9,08;15,65;16,69;12,73;17,52;14,42;9,86;9,32;10,14;15,81;11,13;9,81;11,0;tourisme_et_hotellerie
16,5;11,01;9,11;16,8;15,9;12,83;15,26;15,98;9,23;14,45;17,54;13,69;9,1;13,32;7,07;economie_et_gestion
19,0;10,05;15,63;14,04;12,55;4,82;16,57;16,41;10,43;13,26;16,89;9,08;8,93;18,59;8,93;finance_comptabilite_et_audit
10,89;6,6;14,64;14,49;18,34;18,31;17,83;11,99;11,85;12,36;15,71;10,43;11,58;9,4;11,99;droit_et_sciences_politiques
12,17;8,41;10,07;11,47;14,02;10,0;12,28;13,86;12,42;8,13;8,86;16,27;7,49;9,66;12,88;sport_et_sciences_du_mouvement
15,74;9,89;13,4;17,31;15,6;9,1;17,57;12,89;9,69;14,87;20,0;11,08;9,92;14,4;11,51;commerce_international_et_logistique
14,52;16,72;14,78;10,04;9,66;8,62;15,02;15,98;8,33;17,25;8,99;11,84;12,75;13,27;7,83;informatique_administration_reseaux_et_ia
18,81;14,21;12,4;11,43;11,67;14,09;13,42;15,5;8,13;17,52;13,78;11,48;7,56;17,66;5,79;sciences_actuarielles_et_statistiques
14,38;20,0;14,24;10,24;8,9;7,81;10,96;17,61;9,27;15,54;6,39;11,8;18,52;13,57;7,48;genie_mecanique_et_industriel
15,55;18,21;13,23;8,17;12,5;13,95;14,78;15,6;10,7;12,1;11,55;11,47;18,07;10,74;5,95;genie_mecanique_et_industriel
15,56;17,7;9,65;13,82;9,64;11,4;12,32;13,63;11,25;12,2;7,16;9,34;19,82;14,4;7,05;architecture_et_design_interieur
14,92;17,54;15,92;7,57;11,98;6,41;13,22;17,38;8,06;14,6;9,76;11,63;9,16;14,66;4,68;informatique_administration_reseaux_et_ia
16,42;10,59;12,29;14,12;14,45;13,46;15,27;13,71;9,58;11,45;18,08;13,3;9,48;15,86;9,72;economie_et_gestion
7,66;8,43;9,8;16,31;19,22;15,41;15,32;10,36;8,46;7,09;12,4;16,04;11,02;12,02;5,55;droit_et_sciences_politiques
13,36;13,02;10,0;12,38;15,4;13,41;16,35;12,55;9,55;8,9;9,89;10,98;16,92;12,51;9,35;urbanisme_et_amenagement_du_territoire
12,08;14,85;17,55;12,42;12,01;9,88;8,44;11,83;16,4;13,07;12,81;11,76;9,86;10,33;17,76;agronomie_et_environnement
19,37;16,03;13,5;14,92;10,09;12,54;17,13;18,52;15,64;14,99;13,7;9,44;11,68;16,85;8,88;informatique_administration_reseaux_et_ia
8,86;7,1;8,17;16,86;13,98;12,77;17,97;9,07;8,93;10,36;8,97;12,5;6,75;10,2;7,72;traduction_et_interpretariat
16,54;17,62;13,68;13,87;12,22;7,42;15,83;15,69;12,29;17,1;8,26;6,13;14,85;16,78;11,54;informatique_administration_reseaux_et_ia
6,55;8,86;8,81;16,93;12,74;12,65;17,27;10,03;7,44;11,48;3,2;11,97;7,12;7,78;5,61;traduction_et_interpretariat
14,43;15,87;19,57;11,63;12,33;11,36;14,54;13,53;18,6;12,73;9,39;13,61;8,27;10,11;19,69;medecine_et_sante
12,96;16,9;19,78;9,96;12,5;6,19;12,41;12,45;16,69;9,48;9,61;8,72;6,46;12,86;17,41;pharmacie
11,23;12,78;12,33;12,37;13,11;12,35;13,31;15,49;13,18;7,53;9,53;18,52;10,23;10,36;11,56;sport_et_sciences_du_mouvement
9,89;17,15;19,86;16,23;8,24;16,07;16,77;16,34;18,87;10,18;12,63;12,54;6,14;11,16;19,4;pharmacie
16,34;20,0;10,87;9,46;7,79;11,11;14,75;18,53;8,93;16,32;8,96;9,72;10,94;14,83;10,25;genie_electrique_et_electronique
13,67;11,54;15,25;14,54;17,43;11,0;13,27;11,39;8,8;10,97;17,84;8,69;7,75;14,34;8,18;economie_et_gestion
4,76;9,67;10,08;18,15;15,2;19,13;12,44;16,4;14,79;9,02;8,67;12,27;5,22;11,51;13,16;sciences_sociales_et_sociologie
11,34;12,36;16,78;11,11;11,02;10,17;15,15;11,85;20,0;8,72;7,78;12,13;9,61;9,93;17,2;sciences_veterinaires
9,05;8,03;8,18;16,64;18,25;13,58;18,17;13,74;10,8;10,15;13,85;17,67;11,4;11,87;8,0;tourisme_et_hotellerie
15,87;15,57;12,12;12,44;13,39;8,18;15,82;18,06;10,47;19,75;10,9;8,29;8,64;16,84;8,4;science_des_donnees_et_intelligence_artificielle
16,52;14,95;7,93;12,13;9,63;8,02;14,05;18,87;14,22;20,0;12,63;9,92;10,43;14,24;9,79;cybersecurite_et_reseaux
14,14;14,85;16,38;11,25;14,89;11,06;14,67;16,5;16,71;10,22;10,45;13,23;9,51;12,22;18,31;agronomie_et_environnement
19,68;14,72;10,68;10,52;10,46;9,45;15,3;14,25;8,97;18,42;14,94;10,94;8,11;20,0;6,22;sciences_actuarielles_et_statistiques
5,56;10,79;12,58;18,12;17,01;15,59;14,5;15,71;13,32;6,39;12,26;8,71;8,58;9,92;9,15;sciences_sociales_et_sociologie
11,72;15,92;10,67;12,34;15,49;11,6;13,8;15,11;11,43;10,9;12,33;14,27;14,27;11,58;7,12;urbanisme_et_amenagement_du_territoire
10,66;7,74;9,68;13,23;18,39;15,91;13,69;13,8;12,75;10,0;10,42;14,02;12,22;12,22;10,98;sciences_sociales_et_sociologie
10,34;5,15;7,81;15,99;17,45;12,55;17,37;14,31;10,19;9,62;11,8;17,21;8,19;9,04;9,95;tourisme_et_hotellerie
9,98;11,43;14,15;15,67;12,31;17,07;14,2;17,91;17,15;10,51;7,9;14,91;11,15;12,81;12,03;psychologie_et_sciences_de_l_education
11,62;16,33;17,53;11,08;9,22;11,92;14,25;13,44;16,97;11,66;8,21;11,55;6,54;9,66;18,34;medecine_et_sante
18,36;14,6;9,5;12,64;10,65;8,54;15,13;13,36;8,56;18,73;12,91;8,75;9,2;16,75;5,81;science_des_donnees_et_intelligence_artificielle
14,9;14,17;17,64;11,78;12,72;12,49;15,84;12,93;17,86;13,21;7,94;12,26;11,01;12,16;18,53;medecine_et_sante
11,79;6,06;9,34;17,82;15,92;14,16;18,46;16,03;11,87;13,24;10,48;8,58;10,88;13,15;7,18;journalisme_et_medias
18,9;12,12;11,49;13,3;11,38;10,37;16,64;15,64;9,75;11,28;18,3;12,67;9,82;16,39;7,54;finance_comptabilite_et_audit
12,26;7,34;7,72;16,68;15,7;16,09;14,35;13,68;13,24;9,88;9,11;14,98;11,04;13,33;12,14;sciences_sociales_et_sociologie
9,4;9,21;7,38;17,58;15,29;14,15;17,63;7,12;7,26;10,98;5,38;10,29;5,46;9,62;6,83;traduction_et_interpretariat
16,18;15,47;12,95;9,05;16,98;10,61;13,93;16,23;5,89;13,11;12,77;10,12;19,45;15,3;7,67;urbanisme_et_amenagement_du_territoire
18,54;20,0;12,47;10,9;7,99;7,84;11,76;16,07;7,34;16,23;9,52;14,0;14,68;16,12;9,01;genie_electrique_et_electronique
10,81;13,18;16,91;10,95;10,33;10,31;10,07;11,12;16,82;11,58;12,2;17,68;7,02;6,96;16,83;agronomie_et_environnement
14,02;15,45;18,52;12,07;16,17;10,15;15,53;10,2;17,01;9,83;7,09;10,43;8,6;17,15;16,27;medecine_et_sante
13,18;16,28;20,0;12,97;8,29;11,69;16,17;16,08;19,57;8,96;7,14;13,47;11,19;9,61;19,54;medecine_et_sante
18,55;15,44;14,47;11,72;10,85;13,85;17,13;13,32;8,14;13,62;13,03;9,72;12,01;18,81;4,69;sciences_actuarielles_et_statistiques
15,8;13,13;15,55;13,41;14,67;9,29;14,49;11,34;14,89;11,76;12,0;11,48;8,67;11,09;17,09;agronomie_et_environnement
16,45;18,57;14,09;11,29;12,39;14,42;14,97;14,1;15,68;13,4;8,03;11,01;20,0;12,94;9,0;genie_mecanique_et_industriel
14,16;12,35;18,99;12,32;10,41;11,0;13,6;13,3;17,78;11,83;13,35;14,17;6,21;11,63;18,26;pharmacie
14,07;15,3;12,19;10,15;10,11;8,09;15,36;17,44;6,97;20,0;10,37;12,16;10,7;11,63;9,41;cybersecurite_et_reseaux
8,47;6,16;8,36;19,52;17,21;15,16;12,25;11,68;7,69;9,55;13,62;14,1;7,96;9,9;6,57;droit_et_sciences_politiques
11,7;12,45;16,15;7,71;11,77;9,0;11,85;12,85;17,44;10,47;10,77;17,81;7,07;9,93;17,51;agronomie_et_environnement
20,0;11,35;12,74;12,4;10,28;11,93;13,27;14,38;7,55;20,0;12,68;6,88;14,46;18,78;8,49;science_des_donnees_et_intelligence_artificielle
10,5;5,98;10,07;16,41;16,73;17,62;13,2;9,65;10,91;11,36;13,76;9,57;7,72;9,49;7,27;droit_et_sciences_politiques
18,17;11,14;10,98;11,36;12,32;6,39;16,06;15,97;12,27;14,47;17,6;8,41;6,02;19,02;10,51;finance_comptabilite_et_audit
10,66;19,47;20,0;12,25;9,72;10,98;11,36;12,17;16,24;10,64;8,61;14,07;8,05;11,84;17,99;pharmacie
15,04;20,0;12,88;9,36;12,78;11,95;11,49;18,62;12,8;11,87;6,01;13,0;20,0;12,81;9,03;genie_mecanique_et_industriel
19,61;16,96;10,76;12,34;9,75;11,54;14,19;14,8;12,68;19,8;12,61;10,32;11,13;19,71;9,37;science_des_donnees_et_intelligence_artificielle
18,17;20,0;10,87;13,31;10,65;13,02;14,92;16,06;9,21;13,88;7,82;10,21;16,1;13,11;7,12;genie_electrique_et_electronique
6,6;9,7;8,29;17,55;12,06;11,88;19,21;12,73;8,88;7,69;7,62;11,41;9,0;7,59;7,69;langues_et_communication
14,78;15,71;18,34;11,35;10,7;7,36;13,45;14,43;18,48;11,03;5,36;7,01;7,03;14,81;16,85;pharmacie
12,86;18,25;17,97;11,59;11,32;12,54;16,86;12,95;15,36;12,32;7,46;7,71;9,24;10,83;18,47;biotechnologie_et_sciences_pharmaceutiques
6,28;10,98;12,24;14,75;11,17;16,68;13,07;16,6;16,47;6,95;3,69;12,69;6,08;9,73;12,41;psychologie_et_sciences_de_l_education
14,71;16,27;14,37;12,74;8,66;10,1;10,01;14,59;18,69;14,14;11,76;13,12;9,47;11,52;17,74;sciences_veterinaires
17,12;16,38;10,86;9,53;10,75;13,35;14,68;20,0;11,85;18,02;8,03;12,32;12,29;17,97;14,59;science_des_donnees_et_intelligence_artificielle
17,2;17,91;11,31;7,72;11,35;11,26;13,47;17,27;4,92;11,11;11,73;11,14;19,46;10,99;7,0;architecture_et_design_interieur
18,74;16,92;13,32;11,23;8,14;8,96;9,49;15,72;12,06;15,62;11,54;18,68;17,48;15,35;4,48;genie_civil_et_construction
3,88;7,51;8,91;16,2;12,01;12,02;19,26;7,37;6,3;12,61;11,14;11,13;3,67;6,26;10,87;traduction_et_interpretariat
14,44;12,92;18,9;10,93;12,29;11,5;14,19;10,04;16,65;10,01;6,21;13,64;8,58;14,74;17,39;medecine_et_sante
19,22;20,0;11,82;9,32;9,54;12,36;13,47;18,9;11,94;16,46;8,81;9,1;15,84;16,77;12,15;genie_electrique_et_electronique
11,52;12,53;14,23;11,6;14,26;9,99;12,77;15,41;18,65;11,14;9,17;16,75;11,1;11,14;16,65;agronomie_et_environnement
13,72;15,0;18,0;11,25;15,22;13,98;10,5;11,82;18,24;11,69;8,3;17,95;7,73;11,8;15,9;medecine_et_sante
18,75;14,56;11,05;12,59;9,1;16,21;16,8;17,69;7,53;19,55;11,18;16,17;13,11;17,9;9,53;science_des_donnees_et_intelligence_artificielle
19,07;12,1;9,47;13,24;12,69;9,88;16,97;15,34;8,43;16,52;15,97;11,16;6,26;19,2;5,79;sciences_actuarielles_et_statistiques
19,71;15,13;12,53;6,7;8,93;7,8;13,19;14,16;11,98;14,69;16,62;9,92;5,16;16,02;10,77;sciences_actuarielles_et_statistiques
15,5;16,92;19,7;8,67;14,37;9,73;8,97;14,01;17,04;11,84;9,44;11,73;11,34;14,81;19,54;biotechnologie_et_sciences_pharmaceutiques
18,05;19,62;12,39;11,61;11,07;10,85;16,51;14,97;9,86;18,62;8,75;13,36;14,89;14,95;9,06;genie_electrique_et_electronique
16,0;9,22;9,62;16,96;15,89;7,5;18,48;15,86;9,62;11,45;15,48;16,62;7,71;18,43;12,08;commerce_international_et_logistique
17,73;16,45;12,16;10,45;10,06;11,76;15,93;13,78;8,16;17,99;10,32;7,5;11,94;17,96;6,4;sciences_actuarielles_et_statistiques
8,87;6,42;11,15;16,99;19,11;16,93;12,03;16,14;9,55;12,38;12,23;13,25;11,14;10,38;9,86;sciences_sociales_et_sociologie
8,95;7,66;7,77;17,36;13,31;13,91;18,19;10,19;5,04;10,62;9,31;12,63;8,57;7,49;3,72;traduction_et_interpretariat
17,25;19,06;14,04;13,55;9,46;8,42;13,21;13,36;12,04;13,4;10,26;14,08;18,99;13,43;8,38;genie_mecanique_et_industriel
14,35;4,72;7,97;18,21;19,61;15,5;19,31;12,16;11,06;11,84;16,91;11,75;10,22;12,65;11,38;droit_et_sciences_politiques
15,2;14,43;10,64;10,37;11,55;10,34;12,41;18,95;9,58;19,24;11,36;10,7;11,04;15,48;8,96;cybersecurite_et_reseaux
13,78;16,1;18,13;13,44;12,87;11,71;11,56;13,68;19,72;9,86;6,67;13,27;9,55;12,54;16,55;medecine_et_sante
6,76;7,8;8,31;16,59;17,18;17,13;13,14;15,79;13,03;10,43;13,61;13,3;7,72;6,3;9,75;sciences_sociales_et_sociologie
11,51;10,71;9,6;13,3;12,66;12,89;13,18;15,5;14,24;8,37;7,39;20,0;10,36;11,26;11,16;sport_et_sciences_du_mouvement
10,22;6,54;6,53;14,79;18,71;14,89;11,5;13,23;14,07;10,39;13,97;12,48;10,94;14,75;13,04;sciences_sociales_et_sociologie
15,85;9,36;9,42;12,82;13,11;14,92;16,49;13,59;9,27;8,75;18,06;15,66;10,81;14,91;9,3;commerce_international_et_logistique
9,77;8,17;4,94;18,47;14,06;14,01;18,58;11,64;8,48;10,75;8,51;12,71;9,03;9,85;4,75;langues_et_communication
10,7;12,55;10,3;14,21;10,94;11,07;9,12;8,56;12,92;9,98;9,36;17,14;9,47;9,46;12,38;sport_et_sciences_du_mouvement
9,68;10,4;12,6;16,1;10,07;17,58;15,9;19,16;17,37;12,09;6,39;16,1;8,19;14,01;15,14;psychologie_et_sciences_de_l_education
18,87;18,02;14,41;14,96;10,44;8,49;12,96;10,87;7,34;13,63;9,04;14,9;18,18;15,08;3,46;genie_mecanique_et_industriel
14,48;17,16;15,53;13,77;7,62;10,39;15,86;17,18;13,31;18,43;10,28;9,49;8,29;15,43;10,58;informatique_administration_reseaux_et_ia
18,39;13,18;9,44;7,89;9,2;8,99;13,69;18,99;10,76;18,54;11,78;8,97;10,72;20,0;9,73;science_des_donnees_et_intelligence_artificielle
11,95;8,26;11,64;18,65;19,5;15,73;12,75;13,97;11,28;12,56;10,3;9,77;7,99;13,02;10,17;sciences_sociales_et_sociologie
12,43;14,4;5,13;9,19;8,91;12,28;16,57;17,78;9,55;17,4;10,16;11,86;9,65;12,84;10,79;cybersecurite_et_reseaux
13,81;14,16;19,08;12,55;8,56;10,26;14,2;12,38;15,25;11,77;8,42;9,33;4,45;13,03;17,62;pharmacie
15,37;14,56;9,25;8,83;7,82;10,88;15,05;15,12;7,48;18,58;11,82;13,28;7,53;12,74;8,37;cybersecurite_et_reseaux
19,03;14,92;12,54;11,55;12,06;8,59;14,29;15,29;10,14;14,87;17,38;9,14;9,43;20,0;9,32;sciences_actuarielles_et_statistiques
9,29;7,2;9,43;15,85;17,54;15,16;15,66;13,82;9,93;10,37;8,09;11,32;10,5;12,1;11,13;journalisme_et_medias
12,19;13,79;16,13;14,55;8,29;12,63;15,77;14,6;18,63;8,13;9,28;15,96;7,83;9,58;14,71;sciences_veterinaires
15,67;17,19;14,18;10,89;12,61;8,46;17,16;16,84;11,29;19,74;11,65;7,18;12,16;13,09;11,79;informatique_administration_reseaux_et_ia
12,66;14,28;12,35;11,12;18,5;14,05;17,46;16,18;6,15;13,75;15,01;8,57;19,11;11,36;7,09;urbanisme_et_amenagement_du_territoire
12,14;12,51;16,75;10,65;12,2;11,16;9,81;11,54;18,34;11,36;7,48;18,49;8,5;12,83;18,87;agronomie_et_environnement
17,25;13,89;10,79;11,99;10,0;9,99;14,13;15,38;11,2;15,06;17,86;11,44;5,6;15,99;11,13;sciences_actuarielles_et_statistiques
11,9;4,58;7,22;13,89;18,34;16,27;17,56;10,98;12,06;10,55;17,73;10,32;11,08;12,62;8,73;droit_et_sciences_politiques
16,53;17,34;12,05;9,42;8,39;8,58;10,36;13,61;14,65;14,87;10,12;9,95;16,65;11,92;6,53;genie_civil_et_construction
14,52;10,26;10,19;14,31;16,78;11,36;19,6;14,87;9,68;12,27;17,67;10,55;9,31;10,63;8,05;commerce_international_et_logistique
12,95;6,12;7,18;17,09;13,89;11,62;14,78;12,22;10,49;10,63;14,75;17,98;9,49;15,05;10,42;tourisme_et_hotellerie
6,64;9,4;10,92;16,04;14,53;20,0;12,16;16,73;14,75;9,38;5,69;11,69;8,12;8,91;13,8;psychologie_et_sciences_de_l_education
17,14;19,69;12,98;12,52;11,77;9,38;10,04;15,33;11,56;15,55;10,94;12,22;15,85;14,77;10,06;genie_civil_et_construction
12,94;15,29;17,83;15,52;9,15;13,23;9,3;13,84;18,81;7,43;7,53;13,79;6,66;11,69;18,15;pharmacie
8,29;5,68;6,74;18,58;14,35;13,45;17,67;12,1;8,54;9,78;9,36;12,25;8,66;12,51;10,07;langues_et_communication
7,28;8,82;9,15;15,87;12,88;13,08;17,32;13,49;10,77;8,78;9,33;10,77;9,93;8,73;9,24;langues_et_communication
13,71;12,82;13,36;11,89;9,06;9,88;13,98;13,52;10,0;9,1;10,33;10,67;17,01;8,22;8,02;architecture_et_design_interieur
16,02;18,32;14,42;10,69;6,98;12,18;17,15;16,4;11,28;19,36;11,36;10,54;11,55;14,67;6,31;informatique_administration_reseaux_et_ia
12,84;12,43;11,63;12,01;15,89;12,6;20,0;14,03;11,22;10,68;13,11;11,1;6,62;12,37;6,49;commerce_international_et_logistique
19,77;14,43;12,78;13,13;11,07;6,43;14,74;13,43;10,34;17,89;19,21;13,7;3,35;13,88;11,29;sciences_actuarielles_et_statistiques
17,3;7,81;12,37;11,57;16,39;14,61;13,38;14,03;9,59;15,69;18,03;14,77;11,34;17,88;9,38;economie_et_gestion
10,53;7,91;9,61;19,31;17,83;12,3;16,06;10,66;10,21;9,85;10,43;16,34;11,09;10,34;5,98;tourisme_et_hotellerie
14,84;11,28;11,65;14,11;11,86;8,05;10,3;15,17;10,21;10,87;12,72;12,65;18,49;13,29;10,8;architecture_et_design_interieur
11,99;10,08;10,4;19,71;14,01;14,99;15,17;18,92;16,7;9,31;10,19;14,63;9,63;13,46;15,43;psychologie_et_sciences_de_l_education
9,48;9,8;9,59;16,51;13,51;17,66;12,13;18,62;16,04;10,59;8,07;14,42;10,47;12,31;14,63;psychologie_et_sciences_de_l_education
14,89;10,84;12,51;13,78;15,13;16,04;17,25;14,09;11,4;10,43;17,2;14,05;11,28;12,89;8,12;commerce_international_et_logistique
7,43;5,02;8,06;19,28;13,12;13,32;17,32;12,3;9,31;9,11;6,47;12,78;8,21;6,75;9,07;langues_et_communication
16,37;16,06;12,7;11,34;15,12;8,12;9,63;13,68;7,63;13,29;10,01;10,7;20,0;16,95;8,43;urbanisme_et_amenagement_du_territoire
18,16;15,95;9,59;8,22;5,81;8,77;14,41;15,54;13,71;19,91;9,3;12,18;8,6;19,92;8,11;cybersecurite_et_reseaux
16,45;10,39;11,75;16,75;13,88;10,29;20,0;13,13;7,08;11,22;18,94;14,05;10,98;14,19;7,25;commerce_international_et_logistique
13,78;11,87;14,11;11,64;9,32;11,85;11,22;13,07;19,11;8,96;9,6;14,37;6,7;12,6;17,26;sciences_veterinaires
7,89;18,47;15,76;14,71;6,74;14,46;14,27;14,96;18,51;6,86;7,34;13,88;11,06;7,77;16,38;sciences_veterinaires
14,1;9,1;9,46;15,22;14,12;11,34;16,73;14,39;10,47;9,01;19,81;12,66;9,88;16,04;9,65;economie_et_gestion
18,35;19,61;11,48;10,15;7,78;11,07;15,95;15,95;12,79;13,51;8,8;9,92;14,62;14,8;8,21;genie_electrique_et_electronique
18,75;19,55;13,64;9,11;10,67;9,67;10,38;10,8;10,69;16,5;8,54;14,51;20,0;13,54;7,11;genie_mecanique_et_industriel
16,03;10,8;12,71;9,43;11,55;11,73;15,96;14,87;8,79;11,63;17,99;12,27;8,47;17,08;9,54;finance_comptabilite_et_audit
16,98;15,32;13,9;9,98;10,9;11,58;13,56;15,31;12,98;12,54;10,62;12,16;16,46;14,58;9,44;genie_civil_et_construction
8,55;8,63;8,57;15,11;15,06;16,04;16,71;13,07;6,77;8,26;9,34;11,79;6,48;4,28;8,47;traduction_et_interpretariat
13,92;8,51;9,93;17,5;15,08;14,69;19,07;13,53;10,44;8,76;9,49;15,77;11,04;9,65;5,07;traduction_et_interpretariat
11,26;15,34;14,14;11,13;11,56;8,88;15,42;16,12;18,59;13,63;7,98;19,46;7,79;9,04;17,49;sciences_veterinaires
16,34;18,85;12,62;10,25;9,44;10,17;13,43;15,85;10,97;12,36;9,11;12,42;17,48;13,38;8,67;genie_civil_et_construction
13,62;7,85;10,22;9,25;14,34;11,54;14,72;16,41;13,85;11,52;16,1;9,86;8,05;15,93;9,96;finance_comptabilite_et_audit
15,32;20,0;17,03;8,88;12,06;10,49;17,74;17,53;7,6;19,53;14,68;9,43;11,03;12,94;8,16;informatique_administration_reseaux_et_ia
18,7;14,43;9,25;15,96;7,04;12,39;15,29;16,32;4,65;18,38;9,77;9,07;13,08;15,07;8,7;cybersecurite_et_reseaux
18,46;15,23;8,61;10,37;9,76;4,2;13,31;19,15;7,67;18,61;10,47;10,05;8,41;18,73;8,37;science_des_donnees_et_intelligence_artificielle
16,55;19,9;10,77;10,07;11,5;12,17;11,95;13,57;13,95;10,76;9,67;14,1;19,38;14,35;10,97;genie_mecanique_et_industriel
16,04;16,29;18,09;7,74;13,96;10,19;15,05;10,93;17,29;14,14;7,93;15,47;10,14;13,83;16,77;biotechnologie_et_sciences_pharmaceutiques
14,47;9,97;9,4;15,25;14,33;10,02;18,1;14,04;7,47;11,41;15,99;12,38;8,98;15,5;8,15;commerce_international_et_logistique
17,47;12,95;15,69;12,57;12,08;13,81;15,44;17,45;9,47;11,1;17,38;10,84;5,69;15,84;9,08;finance_comptabilite_et_audit
18,77;18,4;15,77;12,6;10,08;12,23;17,94;17,8;16,57;19,74;10,27;11,31;9,95;18,22;11,37;informatique_administration_reseaux_et_ia
17,64;14,92;14,88;9,03;11,86;8,81;14,45;15,58;11,4;19,57;9,69;10,09;11,62;16,07;9,9;informatique_administration_reseaux_et_ia
9,76;6,8;8,92;15,72;17,42;11,23;18,08;12,55;13,32;10,39;10,59;13,27;11,23;9,69;7,8;tourisme_et_hotellerie
19,3;8,02;11,3;11,93;11,66;14,35;13,62;14,66;9,35;13,71;18,88;12,29;7,36;18,36;7,84;finance_comptabilite_et_audit
18,1;18,4;11,88;9,85;8,96;9,9;14,26;17,0;7,06;13,58;9,68;14,29;17,18;14,72;6,33;genie_civil_et_construction
12,61;6,22;9,6;16,86;14,42;17,78;16,57;13,12;11,14;13,21;10,94;10,07;12,67;11,16;10,97;journalisme_et_medias
10,69;9,55;9,11;15,95;18,37;13,45;18,22;13,17;12,62;12,54;11,59;13,06;10,88;10,39;9,35;journalisme_et_medias
16,21;12,66;15,63;13,23;10,57;12,2;12,81;13,24;15,51;10,48;8,17;15,99;8,73;12,2;19,44;medecine_et_sante
11,47;14,35;14,3;12,0;14,33;10,67;11,37;15,99;18,07;9,15;10,19;14,69;12,59;9,14;18,23;agronomie_et_environnement
15,16;12,06;11,3;14,12;14,67;11,37;17,39;13,42;9,72;9,88;16,02;11,91;8,4;17,91;9,16;commerce_international_et_logistique
16,33;9,11;12,39;14,11;16,46;12,57;13,16;14,22;10,08;16,45;19,5;15,56;10,86;16,05;6,51;economie_et_gestion
15,11;14,76;13,84;14,15;16,72;10,79;16,42;13,41;7,84;17,21;16,32;11,86;17,18;13,3;8,98;urbanisme_et_amenagement_du_territoire
11,7;13,28;16,72;10,28;14,41;9,86;11,53;13,79;19,98;9,67;11,7;16,31;8,08;12,9;18,19;agronomie_et_environnement
14,8;20,0;10,18;12,03;9,64;14,99;17,57;16,55;10,84;15,8;7,66;12,21;10,25;12,4;8,6;genie_electrique_et_electronique
9,01;10,62;13,44;12,05;5,97;17,0;14,18;14,99;12,5;11,2;8,36;11,45;8,55;9,65;11,07;psychologie_et_sciences_de_l_education
18,68;8,56;11,17;13,78;13,56;8,12;17,47;11,74;9,38;12,91;18,45;10,62;8,11;16,78;7,78;finance_comptabilite_et_audit
4,79;5,98;9,1;12,74;12,51;10,48;17,11;14,14;9,11;7,39;8,2;9,84;7,89;8,76;8,69;langues_et_communication
20,0;13,38;10,26;12,19;8,5;10,24;17,01;13,16;8,77;15,66;16,93;9,86;5,99;19,34;7,7;sciences_actuarielles_et_statistiques
17,59;10,26;12,53;11,21;10,72;5,6;17,64;13,71;13,21;13,46;18,65;12,15;8,49;14,91;8,34;finance_comptabilite_et_audit
3,99;5,52;8,87;16,66;13,0;11,18;19,98;10,0;6,7;8,22;10,42;11,88;5,21;4,57;11,09;traduction_et_interpretariat
11,52;4,44;9,08;15,54;14,49;7,93;14,13;14,73;13,32;10,96;10,61;17,57;9,22;9,94;11,49;tourisme_et_hotellerie
14,91;9,49;11,79;12,18;14,66;9,61;17,14;15,49;9,83;12,01;17,92;13,82;6,82;14,21;8,81;commerce_international_et_logistique
16,85;10,79;12,79;13,11;15,23;13,61;14,44;12,84;9,89;12,8;20,0;11,2;7,14;16,9;9,42;economie_et_gestion
16,46;16,46;14,02;9,88;11,42;9,31;9,91;17,77;13,52;14,72;6,28;17,3;14,32;13,86;8,9;genie_civil_et_construction
8,99;9,47;10,31;13,8;17,8;16,8;12,9;13,6;12,65;8,32;12,39;15,06;11,46;11,33;6,83;sciences_sociales_et_sociologie
15,68;9,09;9,7;15,61;18,73;12,66;16,16;15,33;9,48;11,38;19,87;12,38;10,92;18,45;11,52;economie_et_gestion
9,9;10,06;13,51;14,19;15,99;17,78;13,17;16,85;14,41;11,91;9,9;12,78;8,78;11,16;11,64;psychologie_et_sciences_de_l_education
16,97;19,87;11,15;10,4;9,82;11,27;14,95;13,44;11,73;18,33;9,1;11,6;15,47;15,52;8,42;genie_electrique_et_electronique
9,82;18,63;20,0;13,6;12,16;12,76;12,04;15,76;19,01;11,37;6,6;9,35;6,61;13,2;17,73;biotechnologie_et_sciences_pharmaceutiques
13,72;18,98;19,44;14,31;11,69;11,59;13,51;15,39;18,88;14,29;7,37;7,88;8,12;11,65;17,5;biotechnologie_et_sciences_pharmaceutiques
13,7;15,96;17,87;12,35;12,05;14,85;11,57;13,41;17,91;13,18;10,51;14,05;8,22;11,79;16,56;medecine_et_sante
13,42;19,56;13,73;12,36;6,3;4,46;14,75;17,14;10,62;15,3;8,88;15,07;11,5;10,7;9,75;informatique_administration_reseaux_et_ia
18,53;18,7;14,04;11,27;9,5;7,61;10,09;14,01;10,08;11,72;11,51;15,74;15,11;11,6;7,11;genie_mecanique_et_industriel
13,96;17,47;18,62;11,28;10,92;5,81;12,94;11,53;15,32;12,66;7,51;13,13;9,0;13,29;18,2;pharmacie
14,21;11,34;11,41;13,83;15,99;14,08;17,64;13,12;9,99;11,32;17,08;16,62;7,68;13,19;8,94;commerce_international_et_logistique
15,72;19,67;14,36;13,66;10,88;11,66;17,41;16,18;8,19;18,03;11,52;8,35;10,94;14,41;6,86;informatique_administration_reseaux_et_ia
17,0;14,36;14,52;14,07;8,67;13,15;14,56;17,55;13,59;16,91;9,08;9,72;11,72;16,96;9,84;informatique_administration_reseaux_et_ia
13,25;10,89;11,16;9,42;11,81;10,49;17,31;15,36;12,97;11,59;9,33;19,02;9,86;10,03;9,78;sport_et_sciences_du_mouvement
10,15;9,95;7,76;18,96;19,08;14,85;15,36;10,89;10,25;10,93;9,4;13,15;8,89;8,84;8,15;droit_et_sciences_politiques
14,15;12,39;17,47;12,3;15,28;6,68;9,91;13,35;16,69;9,77;11,57;13,72;10,3;12,63;17,08;agronomie_et_environnement
12,77;13,8;18,37;13,15;14,97;10,79;15,21;10,24;16,43;13,95;8,93;15,22;5,89;13,28;18,49;biotechnologie_et_sciences_pharmaceutiques
10,55;11,06;10,14;13,26;11,76;16,47;15,04;18,04;13,71;10,74;11,03;11,17;8,57;13,64;9,56;psychologie_et_sciences_de_l_education
16,65;15,35;13,91;12,97;12,05;12,34;16,29;16,39;9,9;15,16;16,73;8,8;6,71;15,88;4,8;finance_comptabilite_et_audit
12,2;16,21;17,1;12,8;11,69;13,05;13,15;12,2;15,69;12,44;11,1;11,6;10,45;9,76;16,27;medecine_et_sante
12,06;8,76;11,87;14,2;15,48;11,44;15,81;11,33;10,19;12,72;11,0;12,35;11,06;9,66;10,36;tourisme_et_hotellerie
11,37;8,94;9,42;16,07;14,85;14,48;19,43;12,01;9,76;8,02;10,24;12,01;8,98;11,21;8,98;traduction_et_interpretariat
13,51;16,79;18,93;11,0;12,71;11,9;12,52;12,59;17,16;13,04;6,91;11,74;7,2;10,26;16,86;medecine_et_sante
16,73;15,4;11,37;15,45;10,8;8,79;10,67;14,97;10,98;13,95;8,46;10,03;19,23;13,43;5,37;architecture_et_design_interieur
18,12;19,84;12,05;11,96;8,62;7,56;15,51;13,16;8,92;16,66;9,86;10,11;15,94;15,9;9,1;genie_electrique_et_electronique
11,84;15,68;18,29;13,02;9,99;12,69;14,64;16,2;19,49;7,62;11,21;9,92;5,64;9,74;15,6;pharmacie
15,98;12,87;10,37;13,14;10,19;8,38;14,45;18,67;10,09;16,46;14,94;12,02;8,68;18,72;7,05;sciences_actuarielles_et_statistiques
16,58;15,59;13,15;13,81;12,03;8,12;13,38;14,94;10,6;18,9;8,86;11,14;9,45;13,35;9,65;informatique_administration_reseaux_et_ia
14,85;14,38;12,49;14,92;15,63;11,85;14,53;12,0;8,47;11,75;14,0;11,19;17,95;12,13;8,91;urbanisme_et_amenagement_du_territoire
17,53;17,0;12,3;10,97;9,29;10,62;14,23;14,69;13,38;14,04;7,34;12,66;14,9;17,5;13,09;genie_civil_et_construction
15,24;12,37;5,69;17,1;4,41;9,19;11,33;14,96;7,52;19,07;12,1;7,84;12,41;14,51;11,15;cybersecurite_et_reseaux
18,69;19,5;12,63;10,46;11,02;11,89;19,44;10,06;7,03;13,23;8,2;15,9;15,05;13,2;4,52;genie_electrique_et_electronique
7,64;5,5;5,4;17,0;13,59;14,79;16,51;10,12;10,92;8,67;6,94;11,82;8,84;9,12;10,5;langues_et_communication
11,75;12,29;8,51;11,2;16,6;10,82;14,17;14,47;9,93;10,49;10,48;12,58;13,19;12,36;9,94;urbanisme_et_amenagement_du_territoire
18,11;14,51;10,54;13,26;10,59;13,95;14,93;15,97;7,45;20,0;10,47;14,53;14,25;18,58;10,36;science_des_donnees_et_intelligence_artificielle
11,22;14,86;6,94;10,57;13,46;13,82;9,46;14,65;13,34;11,95;15,36;13,51;14,76;8,71;8,37;urbanisme_et_amenagement_du_territoire
8,73;8,84;8,89;16,69;17,65;16,92;10,22;15,55;12,96;10,48;12,26;12,48;10,44;12,61;8,74;sciences_sociales_et_sociologie
19,33;19,32;12,82;12,22;11,58;11,38;12,06;12,22;14,7;12,45;10,39;13,49;19,05;17,77;11,28;genie_mecanique_et_industriel
12,75;14,91;18,12;11,7;11,94;10,5;13,78;12,64;18,3;11,84;8,67;11,16;8,92;9,39;18,5;pharmacie
13,89;13,42;17,65;14,94;12,28;10,13;12,39;11,14;19,22;8,94;10,74;11,81;6,23;12,69;17,58;biotechnologie_et_sciences_pharmaceutiques
14,94;16,51;10,96;12,49;13,54;8,78;16,04;16,12;2,88;19,43;13,77;12,95;8,99;15,97;3,05;cybersecurite_et_reseaux
6,97;9,91;8,78;18,46;12,77;16,33;16,63;13,5;8,71;12,25;10,25;13,5;9,43;8,09;8,63;journalisme_et_medias
15,68;14,52;16,79;11,3;12,57;9,92;15,52;10,45;18,14;10,39;12,62;16,8;8,58;15,71;18,04;biotechnologie_et_sciences_pharmaceutiques
12,14;13,88;13,22;12,65;9,32;11,46;14,6;13,11;17,67;10,39;10,19;15,1;11,92;10,81;16,38;sciences_veterinaires
12,13;12,86;12,71;12,1;12,88;13,94;13,99;14,79;14,15;8,96;11,77;18,49;9,23;8,28;14,37;sport_et_sciences_du_mouvement
12,45;10,6;8,52;16,9;20,0;16,31;12,66;13,62;11,06;15,07;14,39;13,04;14,53;15,15;11,4;sciences_sociales_et_sociologie
13,96;17,97;18,02;14,46;9,9;13,08;17,85;13,69;18,29;12,29;8,83;8,54;8,05;12,41;19,04;biotechnologie_et_sciences_pharmaceutiques
14,15;10,49;15,79;10,51;8,81;7,86;13,76;14,45;18,35;10,83;7,69;15,18;8,73;13,77;17,96;sciences_veterinaires
12,6;6,71;6,51;18,45;18,66;17,92;15,3;17,04;12,16;9,05;12,94;7,71;7,27;13,26;7,54;droit_et_sciences_politiques
14,91;14,65;16,91;12,02;11,65;9,55;13,28;11,64;18,38;8,07;10,44;12,11;10,6;12,45;20,0;biotechnologie_et_sciences_pharmaceutiques
15,93;15,39;10,55;11,33;12,09;8,08;14,27;17,17;9,99;19,65;9,37;8,82;12,29;16,68;9,95;cybersecurite_et_reseaux
14,61;11,71;10,15;11,26;11,83;11,39;13,12;16,96;6,24;20,0;12,64;12,6;8,2;13,89;8,17;cybersecurite_et_reseaux
11,28;18,24;18,68;14,99;7,67;14,49;14,68;13,96;18,65;10,68;10,07;11,02;7,81;11,2;19,84;biotechnologie_et_sciences_pharmaceutiques
12,25;7,84;10,2;14,5;19,08;17,98;11,79;14,27;11,86;11,98;10,26;10,18;11,9;15,23;11,57;sciences_sociales_et_sociologie
9,48;4,72;8,3;18,82;18,34;18,25;11,8;16,63;12,02;9,06;9,96;12,16;8,61;11,05;9,28;droit_et_sciences_politiques
10,36;8,87;7,43;9,64;10,55;8,77;13,17;15,35;10,6;7,89;7,78;16,85;9,8;7,09;10,37;sport_et_sciences_du_mouvement
11,38;14,66;17,86;15,23;10,55;11,95;14,78;13,67;19,19;8,64;10,6;10,76;11,04;9,45;16,71;sciences_veterinaires
16,26;11,19;13,4;12,95;17,05;13,56;13,57;16,27;13,59;17,1;17,77;13,61;10,83;17,77;7,38;economie_et_gestion
14,5;15,74;12,31;12,39;14,82;8,88;14,98;16,64;5,82;17,68;11,29;5,75;8,87;12,89;7,76;informatique_administration_reseaux_et_ia
19,12;13,81;10,58;13,2;12,66;8,25;13,85;16,03;10,63;18,36;14,31;10,62;7,85;19,9;9,23;science_des_donnees_et_intelligence_artificielle
16,79;12,27;10,54;13,93;9,53;5,52;15,65;16,43;9,83;17,86;16,03;9,38;7,17;19,35;7,65;sciences_actuarielles_et_statistiques
1,72;6,93;8,36;14,08;8,71;12,61;17,37;14,14;5,83;5,93;8,37;13,41;6,73;3,62;7,78;traduction_et_interpretariat
11,55;18,88;19,5;13,71;8,09;11,14;15,98;14,29;18,43;7,29;9,6;12,37;7,7;10,0;16,94;pharmacie
17,32;20,0;13,9;10,59;10,61;7,61;12,4;15,26;9,7;12,1;7,13;9,67;19,98;15,3;9,16;genie_mecanique_et_industriel
13,28;20,0;14,46;9,52;9,25;7,32;12,89;18,46;7,16;14,77;9,27;9,62;16,34;15,45;7,47;genie_mecanique_et_industriel
12,24;16,14;19,52;12,91;8,78;11,99;14,18;14,46;15,12;9,86;8,55;9,82;3,87;11,77;17,5;pharmacie
9,3;11,36;11,58;14,65;16,36;17,74;13,72;14,21;14,44;8,49;11,54;11,4;10,64;13,23;11,95;sciences_sociales_et_sociologie
15,85;10,18;15,29;12,99;16,13;11,51;16,97;14,52;11,09;12,32;18,7;14,39;12,55;12,99;7,44;economie_et_gestion
16,32;15,57;12,84;15,33;9,37;8,02;13,22;13,17;9,68;14,97;11,9;8,83;18,29;11,01;5,84;architecture_et_design_interieur
11,45;14,05;11,08;15,18;16,74;12,34;13,81;11,83;11,07;13,52;12,55;13,81;15,52;9,84;11,94;urbanisme_et_amenagement_du_territoire
15,55;14,41;11,12;13,49;10,78;11,08;14,12;14,15;9,66;13,63;9,77;11,46;17,72;8,03;7,28;architecture_et_design_interieur
10,0;9,49;11,57;15,17;11,11;15,78;14,61;17,24;17,39;10,53;10,15;7,49;11,04;10,13;11,96;psychologie_et_sciences_de_l_education
16,03;14,24;9,85;14,57;10,59;11,47;12,55;13,26;10,55;15,61;11,22;12,66;19,02;10,55;6,25;architecture_et_design_interieur
10,48;7,78;10,55;18,34;17,5;16,41;14,95;11,57;12,72;9,28;12,43;10,82;8,95;12,01;10,34;droit_et_sciences_politiques
18,49;19,42;12,89;11,98;13,79;13,38;16,25;13,92;10,1;14,07;10,72;12,78;17,0;14,29;7,69;genie_electrique_et_electronique
13,17;15,77;17,5;14,76;7,06;13,67;15,29;14,72;17,64;9,76;10,03;12,65;7,95;12,46;18,54;biotechnologie_et_sciences_pharmaceutiques
15,24;12,45;14,09;8,78;16,07;6,6;14,62;10,04;15,54;9,51;11,63;15,42;12,1;13,28;15,32;agronomie_et_environnement
17,85;13,66;15,04;11,76;13,04;7,38;11,75;15,45;9,07;14,52;15,9;8,71;7,5;14,65;8,26;sciences_actuarielles_et_statistiques
15,48;15,09;9,22;13,3;9,35;9,14;11,01;14,61;10,24;16,63;14,02;10,09;8,53;16,03;8,94;informatique_administration_reseaux_et_ia
18,37;9,57;14,45;16,1;16,59;7,91;15,78;15,87;9,02;13,04;15,62;11,78;10,94;17,82;8,88;commerce_international_et_logistique
15,19;15,98;18,93;10,34;10,6;9,52;13,72;14,09;15,33;11,66;10,42;9,97;8,08;13,1;16,26;pharmacie
16,14;13,19;14,68;14,15;17,03;9,22;13,98;16,16;17,26;12,62;14,79;14,23;10,79;10,25;16,97;agronomie_et_environnement
11,61;13,3;17,7;10,82;8,97;11,05;17,17;10,44;17,41;9,42;9,04;12,12;9,55;13,22;18,43;biotechnologie_et_sciences_pharmaceutiques
14,7;12,67;13,04;14,82;17,54;11,15;18,67;12,74;11,14;14,43;17,2;13,5;9,78;11,9;8,3;commerce_international_et_logistique
11,66;9,7;10,65;17,48;17,76;12,37;15,62;10,72;8,71;12,01;10,09;15,39;11,94;9,29;8,06;tourisme_et_hotellerie
13,52;8,92;9,05;13,52;16,53;15,15;15,02;14,77;10,09;7,86;10,38;8,92;10,49;13,3;7,97;sciences_sociales_et_sociologie
16,78;9,66;8,86;11,04;9,24;9,32;14,69;15,66;7,0;19,72;10,4;5,43;9,23;19,74;6,27;science_des_donnees_et_intelligence_artificielle
18,63;10,04;13,25;11,72;13,69;11,58;17,07;18,16;8,75;11,38;16,55;11,95;10,25;19,56;10,06;finance_comptabilite_et_audit
15,96;18,14;13,74;11,18;10,49;9,22;14,46;9,6;7,29;12,29;9,51;12,77;14,55;12,29;5,13;genie_mecanique_et_industriel
16,18;16,96;12,62;13,43;9,04;9,92;13,26;15,19;9,27;16,61;11,06;13,67;7,22;15,86;5,84;informatique_administration_reseaux_et_ia
12,65;11,91;15,03;12,61;8,5;11,38;13,68;13,1;17,41;12,27;10,24;11,06;10,09;10,89;17,71;sciences_veterinaires
10,83;9,14;10,47;16,34;9,29;19,35;14,43;18,55;15,54;11,74;8,05;15,97;10,78;8,07;9,81;psychologie_et_sciences_de_l_education
16,88;16,21;11,38;13,94;11,33;9,07;13,36;15,76;8,34;13,38;9,77;14,4;20,0;11,13;6,1;architecture_et_design_interieur
11,39;8,61;11,43;16,8;17,27;16,61;15,39;9,66;9,04;9,77;16,39;12,77;6,77;10,7;6,06;droit_et_sciences_politiques
8,82;12,62;8,57;13,21;11,89;11,36;8,41;10,27;12,66;7,59;8,89;18,27;11,44;10,33;12,75;sport_et_sciences_du_mouvement
12,67;9,7;11,12;16,55;17,41;15,07;13,53;15,62;12,18;10,16;11,43;10,44;12,04;13,52;11,39;sciences_sociales_et_sociologie
11,5;9,9;8,67;15,91;13,94;9,21;8,19;16,89;12,72;9,16;11,78;17,53;7,28;8,93;15,81;sport_et_sciences_du_mouvement
7,2;5,33;10,72;15,44;16,79;14,59;18,63;12,59;9,47;13,29;9,08;12,1;10,22;9,2;11,43;journalisme_et_medias
15,38;14,82;16,8;11,03;8,33;9,17;15,81;17,16;13,58;17,77;10,89;8,37;10,18;16,13;6,73;informatique_administration_reseaux_et_ia
14,52;8,89;15,31;13,78;14,48;11,15;15,26;13,6;12,71;15,68;20,0;14,04;7,2;11,99;10,32;economie_et_gestion
15,87;8,9;10,43;11,21;10,86;10,89;15,81;16,74;12,04;13,38;20,0;10,31;6,79;16,05;8,63;finance_comptabilite_et_audit
8,11;6,64;8,76;20,0;14,62;14,55;17,11;10,37;6,65;10,2;8,47;12,88;7,37;7,64;8,44;traduction_et_interpretariat
19,67;18,92;14,34;18,13;10,12;7,68;11,02;13,19;8,18;16,4;8,6;12,44;20,0;11,56;7,12;architecture_et_design_interieur
14,67;11,48;12,54;14,9;17,33;10,84;14,31;13,92;8,69;12,4;18,16;12,94;7,3;17,26;9,22;economie_et_gestion
4,23;6,47;8,37;14,71;18,44;17,9;16,29;12,11;7,8;9,15;10,7;10,91;10,51;9,14;10,56;journalisme_et_medias
18,34;9,16;13,33;12,53;9,39;10,29;19,31;14,9;9,21;12,35;18,12;9,61;9,56;17,39;8,62;finance_comptabilite_et_audit
9,05;6,44;8,57;17,41;12,63;14,33;18,38;10,23;8,93;11,54;9,79;8,85;9,57;7,08;8,27;traduction_et_interpretariat
11,36;18,65;20,0;14,14;10,1;13,46;12,69;13,8;19,0;9,15;7,18;6,92;7,57;8,98;18,03;pharmacie
11,07;14,55;16,85;10,15;12,67;8,41;10,36;18,28;17,7;8,82;11,39;16,1;7,28;9,57;19,15;agronomie_et_environnement
16,03;14,69;12,07;9,01;9,19;11,27;12,44;17,53;8,81;18,31;11,44;11,93;9,74;15,78;7,77;cybersecurite_et_reseaux
7,32;6,78;7,95;13,47;13,5;13,32;18,16;10,55;9,47;7,96;7,64;10,53;8,76;7,75;9,86;langues_et_communication
16,59;17,26;13,63;9,61;8,33;8,81;12,92;17,4;10,88;12,44;9,77;14,51;15,59;14,01;8,79;genie_civil_et_construction
16,42;19,26;12,65;9,04;10,55;11,01;12,0;15,43;10,73;14,69;7,26;13,13;12,78;14,04;7,21;genie_civil_et_construction
7,24;7,62;10,54;15,6;17,39;18,83;14,2;17,98;11,06;10,14;10,51;13,91;7,69;15,35;8,49;sciences_sociales_et_sociologie
12,92;14,33;17,04;15,13;6,47;11,48;14,82;12,6;18,89;12,64;7,38;8,39;6,84;10,5;17,78;pharmacie
9,17;7,77;8,89;15,83;16,41;19,01;14,11;10,47;10,48;8,33;15,04;14,65;8,56;13,15;7,74;droit_et_sciences_politiques
12,59;13,0;12,12;11,89;9,48;10,7;10,37;15,19;18,53;9,81;12,35;12,78;6,32;10,04;16,58;sciences_veterinaires
15,58;10,03;11,99;15,54;17,65;12,99;18,81;16,43;12,61;14,27;19,69;13,87;9,72;13,68;10,56;commerce_international_et_logistique
8,38;5,07;10,77;17,33;11,95;13,59;17,86;12,52;8,08;10,24;9,26;13,6;10,08;10,57;7,37;langues_et_communication
20,0;11,13;9,44;10,88;8,5;8,0;15,06;13,8;10,2;15,22;14,35;7,96;5,73;17,64;8,23;sciences_actuarielles_et_statistiques
17,05;17,93;13,75;10,83;10,65;10,1;13,17;13,35;11,75;12,41;7,48;12,69;15,36;11,31;5,41;genie_mecanique_et_industriel
18,81;19,39;11,43;8,77;9,89;12,54;14,36;17,76;11,09;17,35;11,05;9,69;18,4;13,66;10,81;genie_electrique_et_electronique
16,23;15,32;12,94;10,98;9,71;13,79;14,05;16,96;5,04;19,95;15,07;12,21;10,62;17,97;9,48;cybersecurite_et_reseaux
15,4;15,99;13,48;13,07;9,99;9,68;8,26;15,79;12,5;8,96;6,38;13,35;18,8;10,03;12,53;architecture_et_design_interieur
13,95;14,32;19,64;15,35;10,63;15,36;14,26;13,39;19,46;13,51;10,32;14,09;7,14;14,43;16,51;medecine_et_sante
9,55;4,1;7,9;18,7;17,48;15,55;17,91;10,05;9,4;6,42;16,57;16,21;8,16;10,25;6,59;droit_et_sciences_politiques
12,2;11,94;19,05;11,12;10,67;11,49;15,19;11,6;16,92;10,38;9,31;10,18;9,03;12,55;20,0;pharmacie
7,1;8,47;11,48;16,31;15,34;13,82;16,96;11,75;9,78;6,94;7,95;8,8;11,07;6,02;10,39;langues_et_communication
14,27;10,75;12,31;12,37;20,0;11,19;16,38;12,21;9,85;11,73;17,48;11,71;9,59;14,76;6,78;economie_et_gestion
12,28;15,81;17,74;13,68;5,04;14,43;14,53;17,5;17,31;11,8;8,51;11,48;7,86;12,99;18,54;biotechnologie_et_sciences_pharmaceutiques
8,51;14,31;11,12;11,74;10,95;11,74;14,93;15,06;16,52;9,44;7,16;19,6;9,23;9,23;10,99;sport_et_sciences_du_mouvement
14,57;9,74;15,76;11,7;14,65;9,94;11,07;12,48;15,21;8,57;11,62;16,66;8,55;15,69;18,35;agronomie_et_environnement
14,23;15,14;12,37;13,5;15,19;11,3;12,9;13,22;7,58;15,52;13,91;12,1;16,8;13,51;9,98;urbanisme_et_amenagement_du_territoire
18,67;17,03;10,24;10,92;11,25;9,43;15,71;19,63;6,5;20,0;9,97;11,88;10,8;16,86;9,06;science_des_donnees_et_intelligence_artificielle
15,67;12,41;18,65;12,42;14,66;9,18;12,61;12,3;17,31;9,93;5,32;15,31;7,83;12,9;17,32;medecine_et_sante
6,23;5,94;9,83;18,58;12,86;13,17;15,43;15,59;6,23;8,68;9,49;12,89;8,29;9,07;7,24;journalisme_et_medias
14,01;14,3;16,81;10,98;4,79;12,1;13,43;16,98;18,69;10,41;7,15;12,92;7,24;12,65;18,58;medecine_et_sante
15,29;17,8;15,3;9,97;14,05;9,86;18,42;19,14;5,36;18,85;9,83;10,9;11,84;15,85;7,81;informatique_administration_reseaux_et_ia
13,92;12,56;14,0;11,38;18,27;10,49;12,93;13,19;9,5;13,88;16,22;15,07;12,06;15,52;10,14;economie_et_gestion
17,29;18,1;13,52;12,1;9,7;9,03;12,67;14,62;11,2;10,4;10,51;15,12;16,08;14,77;11,2;genie_mecanique_et_industriel
11,85;12,67;9,44;9,98;15,4;11,85;14,65;16,85;7,92;10,32;11,03;11,14;16,32;12,31;10,47;urbanisme_et_amenagement_du_territoire
11,9;15,07;17,0;18,01;8,21;13,06;12,02;15,12;17,69;11,35;7,96;13,24;6,63;10,32;17,84;biotechnologie_et_sciences_pharmaceutiques
16,25;11,83;12,03;12,34;14,38;9,23;17,12;13,46;12,37;13,58;18,79;10,58;5,22;17,56;8,9;finance_comptabilite_et_audit
12,21;12,21;9,45;11,27;19,32;12,81;16,47;14,34;8,15;11,08;12,85;8,97;16,87;9,47;10,84;urbanisme_et_amenagement_du_territoire
13,54;17,85;19,67;15,32;12,08;13,61;15,03;14,95;16,68;13,12;11,93;10,54;9,14;10,69;19,04;biotechnologie_et_sciences_pharmaceutiques
15,94;8,48;11,44;15,27;17,59;12,18;17,19;12,52;10,12;11,16;18,47;13,66;11,35;14,75;9,62;commerce_international_et_logistique
11,87;8,99;7,42;17,0;17,73;9,95;18,18;13,15;13,9;8,37;10,33;19,67;11,34;10,33;10,98;tourisme_et_hotellerie
15,36;19,76;13,81;12,16;11,61;9,12;15,93;18,01;12,0;13,95;9,54;12,74;11,98;13,63;12,39;genie_electrique_et_electronique
12,86;16,75;18,8;10,83;13,03;12,48;13,64;14,78;17,78;11,44;7,95;13,85;9,97;11,67;19,09;medecine_et_sante
15,44;17,92;14,36;11,5;12,25;10,87;17,6;13,15;10,56;11,16;9,19;14,86;15,12;11,72;6,96;genie_mecanique_et_industriel
15,6;15,51;18,0;14,07;10,09;12,0;18,15;11,26;17,22;10,76;10,67;13,29;9,41;13,86;18,58;medecine_et_sante
14,74;14,99;15,51;15,92;12,29;9,89;15,52;15,49;6,5;17,15;8,68;11,97;10,61;13,39;4,66;informatique_administration_reseaux_et_ia
12,32;5,13;6,69;13,53;18,84;16,2;15,52;11,73;10,2;9,44;12,05;12,34;9,34;14,56;10,25;sciences_sociales_et_sociologie
12,89;11,84;13,83;8,38;13,09;9,43;13,74;13,33;16,45;9,56;11,62;15,61;9,5;8,71;15,5;agronomie_et_environnement
12,63;15,25;19,05;13,6;11,07;14,74;11,45;14,26;15,97;13,09;10,35;12,71;9,82;10,24;15,03;medecine_et_sante
19,31;13,96;10,45;9,62;11,15;6,06;16,82;11,62;8,8;16,78;16,49;10,34;9,98;18,65;6,02;sciences_actuarielles_et_statistiques
14,36;12,4;15,04;11,81;15,88;10,14;12,65;12,56;16,85;10,3;10,51;16,1;9,24;8,11;17,25;agronomie_et_environnement
8,53;5,17;8,77;17,75;16,13;16,81;18,52;13,75;7,92;11,59;11,9;10,47;11,32;8,79;4,06;journalisme_et_medias
18,02;18,62;13,52;12,36;11,73;9,32;12,9;16,11;11,86;15,09;11,47;9,96;20,0;15,86;10,0;genie_civil_et_construction
17,5;17,45;10,04;11,92;11,06;8,34;12,63;15,0;11,93;15,03;10,43;11,17;13,83;16,53;11,21;genie_civil_et_construction
17,61;18,93;12,27;9,75;11,71;9,49;15,09;15,66;10,35;16,41;6,76;15,19;16,41;10,57;5,45;genie_civil_et_construction
14,76;18,78;13,33;9,89;4,51;10,21;11,81;17,63;13,82;19,55;10,06;12,88;10,09;14,52;10,41;informatique_administration_reseaux_et_ia
10,89;8,1;10,07;16,63;12,58;14,08;18,39;12,27;9,75;9,71;10,46;13,11;10,61;8,33;9,02;traduction_et_interpretariat
15,99;17,66;10,86;12,12;11,62;10,6;12,84;14,79;8,44;13,4;5,47;10,8;15,2;7,04;8,96;architecture_et_design_interieur
14,27;10,27;14,34;11,91;14,68;7,37;13,2;15,29;18,12;10,52;10,19;17,67;11,43;13,12;18,02;agronomie_et_environnement
7,11;7,92;10,25;15,62;15,99;13,11;16,59;14,33;9,04;8,72;9,9;13,64;9,96;10,26;6,39;langues_et_communication
10,12;8,19;8,91;17,07;13,71;17,97;12,98;17,73;16,58;8,06;7,85;12,89;9,33;11,49;11,86;psychologie_et_sciences_de_l_education
9,54;8,61;10,19;15,93;17,17;12,84;13,78;11,56;12,84;8,81;9,27;15,61;15,8;9,53;11,36;tourisme_et_hotellerie
14,68;9,15;11,09;13,9;14,53;13,1;15,12;13,21;9,87;12,39;16,56;14,43;5,78;15,0;9,26;economie_et_gestion
7,14;7,83;9,51;17,69;13,3;13,12;16,82;10,25;5,86;9,24;10,0;10,9;6,59;7,14;10,06;traduction_et_interpretariat
16,27;10,13;8,46;11,45;14,28;10,94;17,11;13,6;6,27;11,24;20,0;11,93;5,79;17,78;9,87;economie_et_gestion
19,34;19,26;14,91;8,39;9,37;11,18;12,45;16,61;11,62;15,07;12,74;10,78;18,92;12,39;8,81;genie_mecanique_et_industriel
12,53;14,51;18,78;11,94;11,35;13,66;14,95;11,82;15,47;10,38;7,81;13,12;6,63;10,61;17,03;medecine_et_sante
19,14;12,24;11,69;11,97;10,1;13,93;13,32;15,5;11,17;16,07;16,16;10,83;5,91;14,5;9,67;sciences_actuarielles_et_statistiques
16,58;16,21;9,68;10,82;10,05;13,3;15,3;17,2;9,37;19,19;11,14;14,05;11,73;16,81;7,92;cybersecurite_et_reseaux
13,43;6,67;10,72;13,63;15,26;14,04;14,81;14,71;10,7;13,79;18,54;11,0;10,37;13,04;6,0;economie_et_gestion
17,35;16,22;12,87;12,39;10,34;6,25;14,05;17,09;4,81;19,91;9,55;8,87;12,2;15,86;4,2;cybersecurite_et_reseaux
18,62;10,58;13,38;13,84;14,73;11,88;14,49;16,4;9,13;15,03;16,58;12,15;8,6;16,93;4,46;finance_comptabilite_et_audit
10,75;8,4;11,39;17,47;13,24;17,16;13,62;17,69;13,58;10,12;9,9;9,7;9,78;8,71;13,31;psychologie_et_sciences_de_l_education
11,06;9,07;6,67;17,01;18,86;16,49;16,74;12,78;9,27;13,65;11,65;10,78;10,83;11,28;7,12;journalisme_et_medias
19,63;15,82;10,42;12,04;8,48;10,24;13,33;17,19;7,74;19,47;12,45;11,7;9,97;19,9;6,78;science_des_donnees_et_intelligence_artificielle
5,4;10,27;9,37;16,32;14,5;14,76;16,24;11,88;10,52;9,3;9,21;10,26;8,96;8,07;6,84;langues_et_communication
9,82;9,24;8,82;17,72;13,32;13,34;20,0;9,99;11,34;14,41;8,52;12,84;9,39;10,08;8,57;traduction_et_interpretariat
14,08;13,7;11,87;14,48;15,38;11,2;12,77;12,36;12,14;13,11;14,43;12,3;17,56;12,56;8,78;urbanisme_et_amenagement_du_territoire
10,14;7,62;8,34;18,97;12,76;14,01;18,15;11,81;7,38;11,74;11,24;10,85;8,56;7,41;8,63;traduction_et_interpretariat
15,27;16,15;18,33;11,08;10,25;11,41;16,86;11,9;16,07;10,54;8,56;11,37;8,02;13,4;19,36;medecine_et_sante
6,07;6,43;8,42;17,93;14,87;14,16;16,92;10,71;6,5;9,01;9,75;12,89;6,84;4,93;7,65;langues_et_communication
12,9;16,91;18,12;13,28;9,49;10,39;13,69;13,15;17,15;11,89;10,35;10,82;8,24;12,32;17,22;biotechnologie_et_sciences_pharmaceutiques
1,76;8,44;8,64;11,83;7,69;11,63;18,26;10,82;15,02;4,0;9,46;9,7;9,53;7,15;15,55;langues_et_communication
14,22;15,98;17,68;12,42;10,83;12,57;12,68;13,97;17,95;13,46;9,1;13,9;7,76;11,95;18,25;medecine_et_sante
12,84;17,3;20,0;14,38;11,03;14,26;13,24;12,92;18,1;11,29;11,69;13,88;7,23;8,34;19,29;medecine_et_sante
8,65;6,79;9,71;16,64;13,38;15,16;16,35;13,34;9,81;10,7;10,23;11,71;10,03;6,54;9,71;langues_et_communication
17,33;18,36;12,51;12,05;9,9;9,7;12,53;16,0;11,3;13,59;10,68;12,16;17,47;13,98;9,65;genie_civil_et_construction
14,17;12,71;12,64;15,82;16,75;13,58;17,78;16,15;9,83;13,52;15,45;14,64;9,37;16,04;7,86;commerce_international_et_logistique
15,0;13,09;8,53;8,54;12,42;9,87;12,24;16,48;8,92;8,86;7,31;11,1;15,59;11,5;6,24;architecture_et_design_interieur
12,92;12,42;17,23;14,36;8,87;11,63;13,72;12,87;18,98;6,86;9,92;10,99;7,59;8,54;17,46;sciences_veterinaires
11,23;5,23;8,06;13,92;15,72;15,84;15,03;14,7;9,51;11,74;11,06;11,96;7,62;13,35;11,38;sciences_sociales_et_sociologie
15,92;13,32;11,18;16,0;14,05;10,35;13,44;17,77;9,65;12,4;18,11;13,83;7,82;14,82;7,81;finance_comptabilite_et_audit
10,95;8,8;10,06;18,35;12,26;11,53;13,08;19,63;17,35;9,94;9,9;17,94;8,72;13,84;12,91;psychologie_et_sciences_de_l_education
10,42;10,77;10,83;17,0;17,25;14,04;12,57;14,11;9,67;12,07;12,7;12,48;12,68;13,75;8,55;sciences_sociales_et_sociologie
10,61;9,92;7,57;16,46;13,75;12,38;19,49;9,53;11,65;13,51;6,63;13,41;7,11;10,23;7,29;traduction_et_interpretariat
11,7;12,13;17,0;11,95;15,36;5,12;7,39;12,29;16,59;9,74;8,08;16,16;9,47;9,14;16,45;agronomie_et_environnement
13,66;14,97;19,24;12,97;11,2;11,65;13,21;14,28;17,67;12,4;7,2;9,65;8,03;12,44;18,61;pharmacie
16,11;11,81;10,68;11,27;11,67;9,71;14,31;16,51;8,41;12,14;7,5;16,19;18,25;6,82;5,63;architecture_et_design_interieur
12,45;9,14;11,77;13,21;17,12;13,23;14,93;13,42;13,91;10,59;18,04;14,87;9,07;12,34;8,63;commerce_international_et_logistique
16,85;16,31;11,81;11,76;13,17;10,05;13,05;17,09;8,47;14,97;9,32;12,58;17,8;10,89;5,62;architecture_et_design_interieur
15,31;12,13;12,93;10,85;13,18;9,75;15,72;16,6;12,22;12,75;18,3;10,6;4,42;15,38;8,7;finance_comptabilite_et_audit
17,06;14,3;12,66;11,73;12,07;8,99;13,71;16,52;6,77;19,17;10,47;10,94;7,69;13,99;6,09;cybersecurite_et_reseaux
12,92;14,89;19,27;14,35;10,18;11,99;15,65;15,36;17,23;9,85;8,34;14,79;8,17;10,46;17,76;medecine_et_sante
12,93;14,07;19,54;9,27;13,8;11,67;10,82;11,29;18,68;12,03;11,61;13,19;6,11;17,09;19,24;biotechnologie_et_sciences_pharmaceutiques
10,17;6,27;9,68;14,29;16,7;17,31;13,05;11,26;12,37;11,92;14,31;10,43;10,83;15,65;12,96;sciences_sociales_et_sociologie
13,41;18,25;18,49;13,51;13,44;10,05;9,77;13,92;17,05;12,76;12,11;13,01;6,17;11,37;16,4;biotechnologie_et_sciences_pharmaceutiques
15,15;12,58;12,73;11,17;9,14;10,86;13,74;15,72;9,84;10,58;8,64;14,88;16,0;7,11;7,82;architecture_et_design_interieur
17,14;20,0;11,63;11,29;12,36;9,22;12,95;17,7;11,3;13,2;12,16;10,45;16,17;14,93;9,93;genie_civil_et_construction
17,71;13,02;13,41;13,51;10,13;7,95;13,96;15,03;6,33;20,0;12,97;9,8;12,0;15,55;4,61;science_des_donnees_et_intelligence_artificielle
20,0;11,87;11,46;12,37;9,41;9,57;16,37;12,37;8,83;15,49;19,8;9,72;6,38;20,0;8,81;sciences_actuarielles_et_statistiques
18,37;13,16;14,19;8,95;9,91;8,41;14,37;11,34;9,39;12,78;14,57;7,55;9,02;16,94;9,42;sciences_actuarielles_et_statistiques
13,87;15,31;16,28;16,86;11,0;13,6;14,65;12,92;14,81;8,35;11,39;15,52;9,02;10,27;16,38;agronomie_et_environnement
12,81;5,95;9,49;15,29;15,29;11,83;16,95;14,67;10,37;11,16;16,01;14,96;14,21;12,31;9,79;tourisme_et_hotellerie
17,95;9,35;11,19;13,62;14,31;15,64;15,68;19,1;10,94;15,01;18,39;12,98;7,84;16,26;6,3;finance_comptabilite_et_audit
9,9;12,73;16,94;10,44;8,67;8,06;12,19;10,41;15,29;10,98;9,9;14,07;9,42;8,48;16,95;agronomie_et_environnement
14,5;7,85;12,32;15,73;15,98;12,57;14,44;14,87;12,66;12,99;18,59;15,87;6,73;16,46;11,94;economie_et_gestion
14,98;12,05;11,66;15,57;16,02;13,57;18,01;14,86;8,31;9,52;16,05;13,72;10,21;14,7;9,78;commerce_international_et_logistique
17,72;13,43;13,57;12,82;12,38;12,45;17,52;11,29;11,94;12,38;18,76;9,13;9,97;15,96;8,97;finance_comptabilite_et_audit
16,3;19,76;14,79;10,22;11,94;7,22;12,45;16,82;10,82;14,54;8,9;12,35;16,23;15,55;10,48;genie_mecanique_et_industriel
17,09;15,28;10,42;10,23;10,45;6,15;14,17;14,16;9,32;20,0;17,76;8,54;5,99;18,38;6,86;sciences_actuarielles_et_statistiques
11,67;7,18;6,92;17,53;15,55;19,48;16,12;12,27;5,73;14,58;11,97;13,4;14,26;13,05;7,97;journalisme_et_medias
20,0;20,0;11,42;12,23;10,08;10,16;13,12;15,11;13,11;15,82;12,78;11,29;14,69;15,17;10,82;genie_electrique_et_electronique
16,18;13,46;10,48;9,05;9,0;11,55;15,59;18,38;9,15;18,14;10,95;13,08;11,2;19,18;7,14;cybersecurite_et_reseaux
13,48;12,84;17,02;13,17;13,74;12,26;12,23;13,29;17,09;10,9;12,28;16,56;10,19;7,13;17,64;agronomie_et_environnement
11,13;7,26;9,58;17,07;15,19;17,23;15,68;12,86;8,59;12,24;16,65;13,81;8,8;9,37;9,02;droit_et_sciences_politiques
8,1;8,92;9,98;18,57;18,0;17,94;16,98;12,58;7,17;10,06;10,97;14,23;10,99;7,92;10,14;journalisme_et_medias
15,54;14,76;18,72;15,8;15,55;13,89;11,69;12,31;17,2;11,88;13,23;13,6;14,26;13,71;18,51;agronomie_et_environnement
12,93;15,54;18,04;10,65;10,03;9,87;12,43;11,8;18,26;9,96;6,71;12,81;8,04;12,7;17,97;biotechnologie_et_sciences_pharmaceutiques
10,64;12,59;10,06;14,54;12,54;8,51;7,63;11,52;13,1;8,94;11,76;17,66;10,2;10,24;13,75;sport_et_sciences_du_mouvement
13,44;11,74;12,81;11,75;10,2;11,07;9,59;15,18;17,35;9,62;9,52;12,38;7,11;11,48;16,4;sciences_veterinaires
18,6;12,61;10,21;13,76;10,11;6,92;14,88;17,37;11,22;16,98;18,37;10,96;5,6;18,87;10,7;sciences_actuarielles_et_statistiques
8,54;8,77;9,99;18,1;14,41;16,93;14,73;10,73;9,72;5,27;14,02;11,78;8,94;10,59;6,74;droit_et_sciences_politiques
6,77;4,53;6,32;16,96;10,02;12,75;17,66;11,89;8,1;9,48;8,06;11,74;6,67;7,97;8,44;langues_et_communication
16,58;17,97;14,92;11,92;8,68;10,52;12,34;15,8;12,84;16,42;9,55;12,44;17,88;12,7;9,18;genie_mecanique_et_industriel
15,69;13,54;10,2;13,19;14,46;10,07;12,71;16,08;12,29;9,5;7,83;13,63;17,62;12,17;9,19;architecture_et_design_interieur
9,47;11,24;9,05;11,95;12,67;9,98;12,3;10,48;14,01;7,6;7,18;16,25;8,88;7,24;13,37;sport_et_sciences_du_mouvement
12,73;15,28;19,37;9,91;13,72;10,24;15,13;13,04;13,89;9,97;11,18;11,35;6,97;11,55;15,68;pharmacie
19,67;16,03;13,21;10,72;9,29;13,48;13,22;13,78;13,46;19,47;9,75;8,41;13,54;19,31;11,97;science_des_donnees_et_intelligence_artificielle
12,4;11,48;12,6;14,08;17,42;8,73;8,34;14,21;13,11;12,68;12,89;12,76;15,64;14,24;13,88;urbanisme_et_amenagement_du_territoire
14,15;15,43;17,56;12,41;13,77;10,34;16,85;11,79;17,06;9,2;7,75;11,41;10,36;15,27;18,63;medecine_et_sante
9,62;10,32;12,99;16,41;14,86;17,73;15,85;11,77;9,14;10,25;14,15;11,89;9,19;10,84;9,43;droit_et_sciences_politiques
18,0;13,11;13,64;11,42;10,96;10,96;13,86;16,08;8,36;15,11;12,46;11,72;4,95;17,55;8,4;sciences_actuarielles_et_statistiques
13,88;14,2;8,83;11,5;14,16;14,5;15,35;17,38;12,79;12,13;6,95;12,01;17,83;7,61;7,64;architecture_et_design_interieur
20,0;13,41;13,76;9,56;13,1;13,64;15,98;11,27;7,74;15,0;13,79;10,13;8,91;16,86;9,45;sciences_actuarielles_et_statistiques
17,78;16,84;12,07;9,31;8,53;10,63;12,99;20,0;10,49;19,76;11,18;10,44;12,31;15,8;11,49;science_des_donnees_et_intelligence_artificielle
8,23;15,74;19,53;16,25;8,09;15,23;13,46;15,78;18,15;9,6;5,05;10,59;8,02;11,35;20,0;biotechnologie_et_sciences_pharmaceutiques
17,99;13,18;13,15;12,68;10,8;13,04;17,18;16,51;7,78;13,21;15,93;10,64;11,03;18,15;8,69;sciences_actuarielles_et_statistiques
7,12;8,74;7,54;17,7;13,84;13,59;16,84;12,59;8,24;10,02;8,97;12,66;7,88;6,36;8,07;langues_et_communication
12,16;11,75;10,2;14,46;15,0;10,83;11,61;13,05;9,44;7,66;10,28;12,16;15,81;15,54;9,33;urbanisme_et_amenagement_du_territoire
18,06;19,82;14,17;12,7;8,49;8,34;12,68;16,6;9,28;14,1;11,83;11,18;17,29;13,57;9,77;genie_electrique_et_electronique
12,99;20,0;18,97;14,1;13,04;12,72;14,79;12,26;17,23;10,79;8,29;12,81;8,86;8,86;19,19;medecine_et_sante
16,53;8,58;9,42;12,96;11,81;12,39;13,94;16,22;11,27;12,29;18,77;10,28;8,83;16,78;7,68;finance_comptabilite_et_audit
11,17;6,81;8,6;16,62;14,16;11,25;15,7;13,77;11,26;8,24;10,81;12,82;10,26;9,93;12,05;tourisme_et_hotellerie
11,01;13,14;14,89;15,21;8,5;12,9;15,9;13,29;19,82;9,65;12,24;14,83;8,84;9,71;16,29;sciences_veterinaires
10,96;8,93;11,06;15,68;12,38;15,88;15,63;18,6;18,23;7,27;10,51;11,74;9,93;11,84;9,6;psychologie_et_sciences_de_l_education
18,18;15,28;14,08;12,95;11,5;14,77;13,5;17,45;7,84;14,55;14,61;10,47;6,81;17,37;6,07;sciences_actuarielles_et_statistiques
12,49;12,74;14,3;12,88;12,03;8,68;9,93;15,15;18,38;10,74;9,17;13,25;8,82;11,43;20,0;sciences_veterinaires
19,22;14,58;14,11;14,22;13,22;7,76;14,28;15,51;11,01;14,64;17,87;9,26;8,91;20,0;10,37;sciences_actuarielles_et_statistiques
14,99;13,68;18,26;8,58;15,86;9,72;16,67;8,64;18,7;10,9;11,57;12,09;10,6;13,37;19,03;biotechnologie_et_sciences_pharmaceutiques
10,76;9,18;11,25;17,59;8,65;14,23;12,3;20,0;16,59;7,91;6,73;15,13;6,47;9,96;11,7;psychologie_et_sciences_de_l_education
15,78;18,41;13,58;12,25;9,21;9,13;18,37;16,22;11,73;16,89;10,99;8,57;13,0;14,15;7,56;informatique_administration_reseaux_et_ia
7,59;6,81;9,36;16,34;17,4;16,56;12,46;17,49;12,95;6,86;10,23;12,61;11,37;14,02;7,47;sciences_sociales_et_sociologie
13,05;15,47;15,81;14,99;7,96;13,24;14,96;13,38;16,88;10,61;9,14;12,79;9,53;11,2;20,0;biotechnologie_et_sciences_pharmaceutiques
12,64;9,54;11,9;13,86;17,93;16,53;17,08;11,96;13,08;11,69;10,65;13,29;16,41;13,37;9,94;journalisme_et_medias
16,03;11,03;14,58;15,34;15,23;12,0;17,41;14,91;11,6;13,73;17,72;13,8;8,94;19,87;11,18;economie_et_gestion
8,96;7,07;10,31;16,9;14,35;11,46;19,12;15,49;10,8;10,73;11,46;13,07;13,42;11,35;10,5;tourisme_et_hotellerie
14,25;18,74;11,45;11,04;15,18;11,96;15,66;15,26;9,71;14,63;13,32;12,37;18,91;12,05;5,87;urbanisme_et_amenagement_du_territoire
13,44;13,97;10,88;11,63;19,06;11,61;15,39;15,5;8,64;9,75;12,55;11,03;18,46;12,23;8,15;urbanisme_et_amenagement_du_territoire
8,63;11,18;9,98;16,33;10,91;13,0;12,27;15,53;15,28;12,24;8,33;10,24;8,46;8,1;10,24;psychologie_et_sciences_de_l_education
14,6;11,98;11,71;16,82;14,59;11,53;14,07;13,14;10,88;10,83;11,53;17,32;9,96;11,92;16,61;sport_et_sciences_du_mouvement
8,1;8,56;10,74;15,0;10,57;15,03;11,59;16,55;14,77;9,58;9,19;9,43;4,92;10,04;11,11;psychologie_et_sciences_de_l_education
10,81;7,4;10,81;14,34;12,75;19,12;14,52;17,17;15,76;8,1;6,14;9,45;8,46;12,1;9,91;psychologie_et_sciences_de_l_education
18,34;18,4;15,46;15,66;10,64;11,97;11,68;11,81;14,66;15,12;9,61;15,12;18,32;13,56;10,07;genie_mecanique_et_industriel
10,55;8,29;10,26;17,05;17,41;10,76;17,29;13,81;9,23;10,49;13,88;12,92;9,2;11,34;9,37;droit_et_sciences_politiques
13,66;13,38;8,46;11,33;14,86;10,53;13,79;13,58;8,51;12,19;12,97;11,41;19,21;12,56;7,75;urbanisme_et_amenagement_du_territoire
10,26;5,27;10,32;18,01;19,94;16,68;11,94;15,43;11,85;11,24;11,49;13,78;9,81;11,86;12,06;sciences_sociales_et_sociologie
15,78;18,98;13,06;5,92;11,15;6,41;11,95;19,2;7,52;14,53;8,7;11,83;16,87;17,4;9,41;genie_electrique_et_electronique
7,51;9,01;8,22;19,04;11,23;11,22;17,34;11,56;7,7;8,56;8,2;10,07;8,47;7,56;9,45;langues_et_communication
7,79;9,52;13,15;14,68;19,88;17,56;10,4;15,46;14,72;13,0;11,04;14,01;10,48;13,16;9,16;sciences_sociales_et_sociologie
15,74;14,07;12,22;13,82;16,86;10,83;16,56;13,49;8,71;17,05;15,25;11,84;19,37;9,73;11,97;urbanisme_et_amenagement_du_territoire
18,24;14,97;10,42;9,75;9,52;7,15;14,03;13,64;12,7;18,65;17,42;9,0;6,96;16,98;9,02;sciences_actuarielles_et_statistiques
11,26;6,61;7,05;13,05;17,96;18,22;13,42;13,83;10,43;11,37;12,56;13,6;9,27;12,25;10,52;sciences_sociales_et_sociologie
13,74;5,63;9,52;16,95;11,78;16,43;16,67;13,0;9,58;12,33;9,94;11,88;12,14;14,77;8,59;journalisme_et_medias
13,64;12,7;13,99;14,85;12,41;10,26;14,16;11,39;16,47;10,85;12,51;16,3;12,34;13,19;19,02;agronomie_et_environnement
16,42;19,18;12,12;14,66;16,12;11,56;16,14;10,93;6,23;17,33;13,02;17,08;17,56;12,7;8,58;urbanisme_et_amenagement_du_territoire
7,71;7,96;9,5;17,47;16,65;16,84;13,89;11,8;10,15;7,56;15,57;12,21;6,03;11,06;9,63;droit_et_sciences_politiques
13,79;8,62;12,99;11,13;11,44;9,14;16,91;14,11;20,0;11,85;8,94;14,62;8,88;11,88;19,02;sciences_veterinaires
9,62;8,56;10,11;14,66;15,87;17,4;13,89;17,1;12,28;10,24;7,7;13,03;8,35;9,76;10,82;psychologie_et_sciences_de_l_education
13,03;8,54;11,04;13,92;17,42;16,8;11,15;14,43;10,95;8,99;13,04;13,46;9,78;12,68;8,63;sciences_sociales_et_sociologie
8,11;7,83;8,8;19,32;17,39;19,9;13,9;11,46;10,61;7,37;10,01;11,17;8,59;6,78;9,87;droit_et_sciences_politiques
10,16;10,37;8,89;17,29;16,05;13,63;16,98;12,29;10,56;6,91;12,69;16,05;12,32;9,21;9,68;tourisme_et_hotellerie
18,1;10,27;11,58;14,19;15,66;12,63;15,17;16,13;9,42;14,33;18,21;13,11;10,14;18,53;8,19;economie_et_gestion
9,76;9,46;10,85;16,95;16,88;16,85;13,16;14,84;11,65;10,43;11,64;13,28;11,15;13,37;9,32;sciences_sociales_et_sociologie
16,39;14,06;14,77;14,13;10,28;10,54;15,74;12,42;8,53;14,76;15,63;10,41;10,03;17,26;7,35;finance_comptabilite_et_audit
11,27;15,8;19,93;10,44;11,41;11,66;15,12;14,16;15,94;11,3;10,68;11,47;8,88;10,42;17,11;pharmacie
12,41;8,08;11,76;15,24;16,98;9,22;17,62;10,13;10,01;12,03;15,73;14,99;12,82;10,17;10,26;tourisme_et_hotellerie
18,47;19,38;14,08;11,33;11,72;11,35;13,2;11,7;11,78;11,82;10,83;11,11;14,96;11,87;8,08;genie_mecanique_et_industriel
15,41;11,78;9,23;11,06;4,3;11,1;12,19;16,38;10,96;18,68;11,32;11,46;9,35;14,23;9,58;cybersecurite_et_reseaux
5,04;8,58;7,18;17,42;11,63;12,92;18,18;13,15;8,84;7,59;5,13;11,68;6,0;6,32;8,63;traduction_et_interpretariat
18,77;15,35;13,34;10,06;10,42;10,93;15,47;14,01;10,91;15,1;12,74;9,58;7,04;19,27;7,51;sciences_actuarielles_et_statistiques
17,07;8,59;13,41;11,37;19,4;14,28;13,09;15,88;10,68;15,01;19,09;11,31;9,26;15,59;8,23;economie_et_gestion
17,21;16,02;15,23;8,72;12,2;10,72;13,63;16,99;11,17;17,73;10,93;7,36;10,72;14,86;7,39;informatique_administration_reseaux_et_ia
8,34;8,79;10,57;18,73;13,99;13,91;19,28;12,5;10,33;10,79;11,96;16,39;12,1;8,1;8,75;tourisme_et_hotellerie
5,78;5,56;7,31;15,53;12,3;12,1;19,09;9,75;9,83;7,78;11,77;11,71;7,02;7,64;12,13;traduction_et_interpretariat
9,55;4,23;7,89;16,63;17,48;16,57;13,13;11,67;9,1;8,1;12,77;16,49;9,71;10,98;9,44;droit_et_sciences_politiques
14,8;11,79;18,98;11,4;9,25;11,9;17,59;15,06;16,56;11,92;10,22;11,22;11,84;12,23;18,74;pharmacie
16,98;18,95;13,28;11,13;10,69;7,89;11,6;13,49;9,21;13,21;11,01;13,6;17,13;13,47;7,85;genie_mecanique_et_industriel
8,19;7,16;8,37;16,7;17,49;16,47;15,63;12,16;7,72;11,69;10,03;15,9;7,31;11,84;6,37;droit_et_sciences_politiques
18,2;19,86;10,96;10,77;9,08;7,17;13,44;17,35;10,27;15,28;8,63;10,03;14,68;16,9;8,3;genie_electrique_et_electronique
13,91;15,32;8,7;11,74;6,51;10,18;12,75;20,0;5,87;17,1;11,0;13,74;8,1;15,39;5,56;cybersecurite_et_reseaux
8,86;11,64;7,58;13,87;8,05;9,71;11,19;14,41;12,99;6,09;12,21;18,03;10,11;7,37;16,11;sport_et_sciences_du_mouvement
7,46;5,6;10,11;16,5;17,26;13,4;13,62;12,87;10,57;7,66;14,49;11,26;9,91;10,79;6,91;droit_et_sciences_politiques
11,56;8,8;10,37;18,32;17,16;10,5;18,34;13,75;9,98;12,67;14,05;15,25;11,24;8,84;8,27;tourisme_et_hotellerie
10,27;6,59;9,31;16,82;16,53;11,43;15,71;15,88;10,02;9,29;11,28;16,52;8,83;11,92;7,93;tourisme_et_hotellerie
18,07;12,91;12,14;12,38;10,46;3,2;15,98;14,95;9,84;14,11;14,24;13,13;8,66;19,28;6,48;sciences_actuarielles_et_statistiques
14,08;7,22;9,62;11,68;14,95;12,63;18,1;13,65;9,72;8,92;16,68;11,21;8,2;10,46;10,29;commerce_international_et_logistique
6,92;8,9;9,03;16,8;14,86;13,94;17,2;11,89;9,09;8,26;8,36;14,0;13,73;5,89;7,95;langues_et_communication
11,92;9,23;9,32;14,42;13,92;11,55;7,89;13,05;13,63;11,28;13,29;17,94;8,42;9,82;16,1;sport_et_sciences_du_mouvement
11,02;11,43;9,85;10,84;13,98;11,19;8,43;15,53;10,83;9,98;8,85;11,45;18,49;13,31;9,77;urbanisme_et_amenagement_du_territoire
14,66;15,13;9,98;8,12;13,88;10,89;14,92;18,16;9,49;10,12;8,95;11,44;15,73;10,7;8,41;architecture_et_design_interieur
9,2;6,9;7,49;17,14;16,28;9,9;15,68;17,27;10,66;7,33;12,72;15,13;10,01;11,32;10,0;tourisme_et_hotellerie
16,97;19,36;13,75;12,66;12,74;9,49;12,85;16,13;9,98;11,09;9,46;13,07;14,45;16,39;9,92;genie_civil_et_construction
14,54;12,28;17,03;13,92;9,76;10,79;12,93;10,36;19,26;12,07;9,6;12,13;7,41;13,36;16,73;biotechnologie_et_sciences_pharmaceutiques
9,68;9,01;9,38;10,56;9,19;11,16;14,71;15,95;13,66;9,72;7,64;17,73;9,18;7,47;11,37;sport_et_sciences_du_mouvement
15,4;19,69;15,2;9,62;9,36;9,5;12,21;18,02;9,12;11,56;8,5;13,59;16,57;14,27;9,75;genie_mecanique_et_industriel
18,36;11,28;12,46;14,63;12,39;10,12;17,1;13,39;6,61;15,54;18,47;12,08;9,02;18,95;6,13;finance_comptabilite_et_audit
15,33;12,71;11,24;11,74;15,77;12,12;17,99;17,55;10,6;11,6;17,81;11,2;8,2;16,36;9,14;commerce_international_et_logistique
14,68;13,94;17,29;11,01;16,88;14,02;14,75;11,51;17,77;13,53;10,4;11,91;7,47;11,26;17,26;agronomie_et_environnement
13,94;9,84;13,84;11,46;16,03;14,51;14,15;12,39;8,74;11,99;18,63;12,75;5,51;15,51;8,84;economie_et_gestion
17,25;18,6;11,2;10,41;13,68;9,01;12,3;17,88;11,83;13,42;7,05;9,91;10,06;15,72;10,12;genie_civil_et_construction
10,01;8,61;8,5;16,19;14,09;18,35;14,32;18,29;15,58;12,06;12,71;12,26;7,83;8,0;10,42;psychologie_et_sciences_de_l_education
10,15;18,44;20,0;14,07;11,28;14,96;13,93;14,5;18,38;13,15;9,36;9,0;7,56;9,59;18,01;biotechnologie_et_sciences_pharmaceutiques
10,39;8,28;11,19;13,92;11,05;14,79;14,25;18,63;14,19;11,46;8,88;11,1;9,43;12,76;11,44;psychologie_et_sciences_de_l_education
10,93;6,31;7,85;12,82;12,89;10,04;19,1;16,16;11,92;10,67;10,67;13,56;11,09;11,57;11,09;tourisme_et_hotellerie
4,27;9,06;9,89;16,22;13,15;12,52;18,25;10,45;9,9;8,22;6,81;13,55;6,4;7,95;10,98;traduction_et_interpretariat
17,28;13,55;15,6;15,99;11,08;14,48;15,12;14,27;7,85;13,74;19,81;13,25;8,89;16,81;6,24;finance_comptabilite_et_audit
17,24;13,2;12,63;15,39;12,03;12,49;12,37;18,01;9,11;13,99;19,86;11,36;6,77;18,4;6,32;finance_comptabilite_et_audit
17,43;19,25;13,06;9,95;12,97;13,68;17,63;12,87;10,06;17,35;7,26;13,49;17,26;17,26;9,45;genie_electrique_et_electronique
17,12;17,37;10,36;10,72;14,05;10,87;14,44;17,65;9,89;10,76;9,75;12,13;17,91;12,29;7,42;architecture_et_design_interieur
14,89;10,39;15,51;13,76;16,34;10,65;17,32;14,28;15,53;12,49;16,82;14,34;9,17;17,74;10,86;economie_et_gestion
11,97;16,23;19,22;10,13;13,2;11,86;12,84;11,84;16,25;11,34;6,23;10,4;9,09;9,69;20,0;biotechnologie_et_sciences_pharmaceutiques
16,2;16,13;10,88;13,3;13,91;10,87;11,8;17,92;6,67;13,43;10,58;11,31;18,75;13,01;7,87;architecture_et_design_interieur
17,88;16,96;14,38;13,23;10,5;6,13;13,93;19,03;13,81;18,09;12,63;9,62;9,56;18,51;13,4;science_des_donnees_et_intelligence_artificielle
18,7;19,69;16,39;11,65;11,14;10,68;9,18;15,01;12,49;11,85;7,98;15,42;20,0;15,45;7,94;genie_mecanique_et_industriel
18,17;13,11;7,05;11,01;5,4;9,66;12,31;15,73;15,82;18,07;9,02;9,17;11,78;15,5;10,59;cybersecurite_et_reseaux
6,53;6,0;9,88;17,66;16,36;17,32;12,01;9,53;7,23;10,35;16,86;13,44;8,65;5,84;6,49;droit_et_sciences_politiques
9,51;13,6;10,23;12,9;10,52;12,3;9,78;12,74;16,63;9,2;9,5;20,0;8,07;9,07;15,1;sport_et_sciences_du_mouvement
6,93;6,67;8,06;18,1;10,43;12,64;16,72;12,23;9,21;8,82;11,24;10,51;6,29;5,55;10,97;traduction_et_interpretariat
17,41;14,08;8,67;12,77;12,09;7,44;12,77;15,93;11,75;15,03;15,02;9,68;4,48;15,72;7,75;sciences_actuarielles_et_statistiques
18,0;14,84;11,63;10,96;11,12;6,98;12,15;19,21;10,15;19,67;11,99;8,08;8,61;16,88;6,32;science_des_donnees_et_intelligence_artificielle
11,71;16,44;18,55;12,46;12,45;10,96;12,24;11,68;18,45;7,15;9,51;13,2;5,25;12,99;17,64;pharmacie
7,18;8,42;9,06;15,77;14,33;13,0;18,78;9,71;7,66;8,44;7,11;11,92;7,91;8,67;9,93;langues_et_communication
16,83;16,3;13,62;9,4;8,97;16,1;15,44;19,19;12,67;17,91;13,04;11,74;8,86;12,7;10,03;informatique_administration_reseaux_et_ia
10,22;13,4;16,49;12,68;7,5;11,1;12,37;15,62;18,76;7,18;7,83;11,99;11,76;9,57;17,1;sciences_veterinaires
17,56;17,59;13,94;11,22;10,85;13,06;12,19;14,51;8,91;14,66;12,93;8,54;9,81;17,47;7,17;sciences_actuarielles_et_statistiques
13,91;14,16;18,79;13,43;11,38;11,75;11,46;12,07;17,86;7,88;11,09;11,13;5,64;11,12;17,34;pharmacie
8,06;18,1;11,39;11,54;13,88;8,32;11,21;14,66;15,88;9,89;8,69;20,0;13,22;10,0;13,49;sport_et_sciences_du_mouvement
13,75;15,5;8,54;9,52;9,42;9,13;13,51;15,76;6,7;17,96;13,23;12,71;8,24;15,27;8,34;cybersecurite_et_reseaux
10,95;8,17;14,42;10,64;8,58;9,71;12,66;16,09;19,5;7,53;8,0;12,76;8,53;10,77;18,35;sciences_veterinaires
17,8;13,94;13,59;12,35;11,27;14,26;13,78;15,94;9,82;13,69;14,33;9,64;9,27;20,0;7,17;sciences_actuarielles_et_statistiques
14,28;7,61;9,15;15,5;15,99;16,2;18,22;14,46;9,75;12,73;15,67;13,49;5,27;14,0;7,75;commerce_international_et_logistique
13,25;7,61;8,24;16,52;14,97;15,06;18,72;9,4;10,25;12,34;12,65;11,06;7,71;11,22;6,99;traduction_et_interpretariat
10,82;9,3;9,34;15,96;14,73;16,87;16,98;12,86;8,01;13,11;9,63;15,67;11,78;9,02;6,4;journalisme_et_medias
15,51;13,25;15,19;15,2;16,61;7,61;16,63;15,27;10,64;11,41;17,47;12,47;10,43;16,74;9,04;commerce_international_et_logistique
16,15;14,77;18,18;12,38;7,96;5,89;12,37;16,53;9,39;17,63;14,1;13,41;13,38;14,52;9,46;informatique_administration_reseaux_et_ia
6,88;6,7;10,88;16,83;18,18;18,83;13,1;16,15;11,61;10,45;11,86;11,79;10,8;11,17;11,63;sciences_sociales_et_sociologie
14,39;15,85;18,81;17,95;8,53;11,35;13,89;14,56;20,0;12,27;10,42;11,65;7,34;12,48;19,14;biotechnologie_et_sciences_pharmaceutiques
7,67;6,75;9,0;16,88;17,12;17,78;14,54;11,01;8,86;8,88;13,19;10,93;9,38;10,31;8,3;droit_et_sciences_politiques
14,19;10,78;11,99;13,15;15,36;11,77;16,95;14,36;8,82;12,85;17,85;9,29;10,15;14,92;10,02;economie_et_gestion
4,94;8,11;10,58;17,34;19,1;18,11;13,0;12,32;9,06;7,42;10,75;11,43;8,77;7,12;9,77;droit_et_sciences_politiques
12,19;11,62;15,4;13,51;11,44;10,04;11,09;11,36;14,16;13,51;13,67;14,31;10,5;8,52;15,86;agronomie_et_environnement
19,92;11,89;13,16;10,8;11,38;8,75;15,04;14,24;9,81;17,95;14,0;11,69;10,79;20,0;9,2;sciences_actuarielles_et_statistiques
6,4;7,94;11,86;19,78;15,55;17,94;14,02;12,86;8,62;9,0;12,1;13,81;9,68;11,24;9,58;droit_et_sciences_politiques
15,75;20,0;15,24;13,11;12,0;6,84;11,15;16,47;9,72;11,7;9,28;17,62;18,03;15,08;6,38;genie_mecanique_et_industriel
9,49;6,98;8,44;19,99;15,66;13,27;19,21;12,13;8,47;9,2;10,25;12,91;8,31;8,47;10,1;langues_et_communication
11,5;16,91;20,0;10,98;12,42;13,03;13,79;12,16;14,8;11,16;10,88;13,11;9,14;14,09;17,42;biotechnologie_et_sciences_pharmaceutiques
13,79;15,65;19,33;13,03;7,08;10,17;16,08;13,54;15,63;16,02;8,06;10,8;7,4;12,65;17,49;pharmacie
7,56;5,78;11,51;15,99;17,32;16,71;13,56;13,0;10,6;8,18;9,74;4,37;6,66;10,73;10,23;sciences_sociales_et_sociologie
10,49;16,4;20,0;15,25;8,89;15,01;14,5;15,37;19,33;12,44;5,82;11,74;6,47;10,53;19,19;biotechnologie_et_sciences_pharmaceutiques
20,0;11,91;13,17;8,61;9,68;7,98;15,61;13,96;10,49;13,65;14,48;6,31;11,51;19,13;8,61;sciences_actuarielles_et_statistiques
12,42;12,63;15,33;15,3;13,81;8,97;13,49;13,9;15,72;10,61;10,99;14,49;6,21;11,3;17,83;agronomie_et_environnement
9,7;5,9;9,67;18,0;17,51;15,41;13,26;11,38;10,22;10,01;11,54;12,05;10,54;8,57;9,41;droit_et_sciences_politiques
11,87;10,55;9,27;12,75;16,67;11,99;16,48;14,72;8,04;8,77;13,45;9,32;10,0;14,55;7,74;commerce_international_et_logistique
17,16;20,0;12,54;12,97;9,29;8,33;11,59;20,0;10,95;15,8;8,17;7,54;14,45;13,53;10,03;genie_electrique_et_electronique
7,89;8,34;11,0;12,08;9,1;16,64;13,63;14,3;13,49;7,76;4,34;13,59;8,98;12,96;11,46;psychologie_et_sciences_de_l_education
14,69;16,58;19,41;11,58;9,93;10,02;12,59;14,09;17,74;12,75;10,19;11,67;10,46;12,5;15,09;pharmacie
17,96;11,03;10,87;10,24;10,79;10,42;16,57;15,26;10,11;11,99;20,0;9,1;9,59;17,94;11,44;finance_comptabilite_et_audit
13,04;12,03;9,58;14,25;16,64;7,43;12,97;16,49;12,66;8,82;10,04;17,1;7,75;10,32;13,54;sport_et_sciences_du_mouvement
11,49;20,0;20,0;12,44;15,55;9,98;11,13;8,71;16,64;9,15;9,27;11,13;8,03;10,13;17,68;pharmacie
15,2;14,03;16,95;10,03;13,31;10,01;12,86;11,85;16,71;12,22;11,74;12,75;7,07;12,99;18,95;medecine_et_sante
13,8;11,62;10,49;15,12;15,4;10,78;18,16;14,01;10,29;12,65;15,14;12,33;7,93;16,38;8,27;commerce_international_et_logistique
8,22;5,68;5,39;18,84;17,61;16,05;14,81;12,75;8,86;8,87;11,6;14,49;7,34;4,6;8,49;droit_et_sciences_politiques
19,97;13,14;12,76;13,82;9,98;6,86;14,52;12,15;7,2;15,55;13,75;10,16;6,24;17,82;9,07;sciences_actuarielles_et_statistiques
9,85;12,54;16,71;12,77;10,52;10,6;15,14;13,9;19,04;10,28;7,4;13,44;8,49;9,01;18,63;sciences_veterinaires
10,02;8,67;10,75;17,95;16,72;12,01;15,44;12,28;10,44;7,73;12,02;14,58;11,54;9,41;6,89;tourisme_et_hotellerie
12,46;12,45;16,65;8,79;12,54;12,55;15,64;14,13;20,0;7,68;7,75;18,36;13,03;9,39;18,21;agronomie_et_environnement
17,42;18,41;11,94;11,95;11,54;9,29;15,39;14,22;10,11;11,83;9,86;10,5;17,25;14,67;9,35;genie_mecanique_et_industriel
10,12;11,03;11,04;12,68;11,37;7,92;9,19;9,5;11,95;8,5;7,82;20,0;9,44;11,36;11,83;sport_et_sciences_du_mouvement
12,09;13,55;9,08;15,97;15,68;12,01;14,9;11,45;10,45;13,38;15,2;11,3;15,74;7,98;10,46;urbanisme_et_amenagement_du_territoire
12,47;10,93;9,55;11,34;12,32;8,63;12,5;12,77;11,9;11,64;9,36;18,44;10,63;9,46;10,7;sport_et_sciences_du_mouvement
5,98;5,58;10,14;16,84;12,33;11,94;17,81;9,25;5,52;5,42;7,02;11,83;5,47;6,95;11,61;traduction_et_interpretariat
14,74;14,41;19,15;12,15;13,3;7,45;12,75;9,48;18,41;14,99;11,22;13,87;9,58;13,01;17,75;agronomie_et_environnement
10,77;9,85;10,54;15,99;16,61;13,74;20,0;16,15;11,74;9,3;12,72;10,75;12,79;9,31;10,05;journalisme_et_medias
17,81;20,0;12,08;10,6;10,19;5,85;13,09;17,97;11,3;16,34;9,8;11,4;16,11;16,4;6,17;genie_electrique_et_electronique
13,42;7,17;8,64;16,86;14,17;16,77;16,15;12,59;9,91;11,72;13,68;11,71;11,29;12,16;11,09;journalisme_et_medias
10,59;12,93;15,01;11,87;11,67;9,53;11,61;11,57;17,6;9,9;11,39;16,56;9,39;9,76;17,33;agronomie_et_environnement
15,05;8,26;14,93;16,34;14,15;11,01;12,86;15,35;10,79;11,95;17,63;16,08;8,31;16,12;8,14;economie_et_gestion
18,17;19,93;16,72;12,04;7,99;12,64;14,37;16,58;9,72;20,0;10,48;12,6;10,09;18,1;8,93;informatique_administration_reseaux_et_ia
13,41;13,28;19,29;12,78;7,8;15,35;13,04;13,24;16,6;12,94;10,55;11,84;9,6;14,2;17,98;biotechnologie_et_sciences_pharmaceutiques
6,74;7,85;7,83;19,31;13,07;13,73;17,27;11,1;6,72;9,2;6,54;13,47;7,72;7,11;6,75;traduction_et_interpretariat
11,16;13,52;15,76;11,22;10,26;9,85;15,03;15,41;17,44;11,23;7,81;13,35;9,96;9,39;18,55;sciences_veterinaires
13,05;15,76;20,0;12,14;12,89;11,71;11,42;13,24;18,41;9,79;9,84;8,83;7,81;10,37;17,16;pharmacie
9,9;5,4;8,24;19,75;16,54;14,35;16,45;13,62;12,13;10,16;9,56;14,54;8,01;6,08;7,79;langues_et_communication
6,0;6,65;8,48;18,39;10,8;11,9;20,0;10,87;12,21;8,89;9,86;11,52;8,48;6,34;9,13;traduction_et_interpretariat
14,73;12,5;12,33;14,27;17,31;10,42;16,09;11,71;6,73;12,43;11,17;12,23;20,0;13,36;8,35;urbanisme_et_amenagement_du_territoire
16,47;18,18;13,16;8,87;12,72;11,15;13,05;15,42;9,83;13,29;10,55;13,76;16,42;12,46;7,21;genie_mecanique_et_industriel
17,35;16,46;9,58;12,79;12,4;9,81;10,22;15,89;12,63;10,59;8,64;10,11;18,57;11,89;9,75;architecture_et_design_interieur
18,2;13,87;13,9;11,4;8,71;9,17;9,38;16,06;8,02;20,0;12,49;11,69;11,54;16,86;5,76;science_des_donnees_et_intelligence_artificielle
18,42;16,21;13,17;14,16;11,55;6,27;12,13;17,97;8,17;19,32;14,33;13,47;9,47;17,38;10,14;science_des_donnees_et_intelligence_artificielle
12,35;11,65;14,49;8,8;10,1;9,68;11,1;13,4;17,84;10,18;8,84;10,12;7,94;11,24;16,96;sciences_veterinaires
15,44;9,78;10,1;15,27;13,35;10,02;15,6;16,27;6,38;11,72;19,07;12,26;7,56;16,55;9,51;finance_comptabilite_et_audit
12,98;12,82;14,32;12,81;12,21;11,72;13,93;12,26;16,17;9,67;12,36;17,79;8,64;9,53;18,81;agronomie_et_environnement
10,82;16,19;11,3;15,06;15,89;10,14;10,96;11,9;14,3;11,11;7,93;17,71;11,86;10,71;12,45;sport_et_sciences_du_mouvement
9,88;10,79;11,5;15,29;15,04;15,28;13,89;16,31;14,76;8,5;6,96;11,61;9,87;11,3;12,92;psychologie_et_sciences_de_l_education
17,63;19,59;10,68;10,87;9,31;10,03;13,61;13,44;7,94;19,1;7,93;11,34;13,34;15,76;7,39;genie_electrique_et_electronique
17,24;15,27;15,36;9,44;10,55;12,24;13,93;14,42;6,98;14,98;15,56;11,73;8,31;15,91;8,27;sciences_actuarielles_et_statistiques
12,85;17,38;19,38;10,2;12,56;10,97;13,7;14,28;19,27;11,53;7,38;11,59;9,77;11,82;18,37;biotechnologie_et_sciences_pharmaceutiques
17,05;9,64;12,69;12,55;15,88;13,5;11,34;16,7;11,14;14,16;19,31;12,71;7,78;13,87;7,36;economie_et_gestion
14,11;16,29;19,44;11,36;9,07;10,71;11,61;13,05;16,58;10,2;8,83;9,28;6,19;13,97;16,13;pharmacie
8,71;8,63;13,1;17,92;16,57;18,35;14,55;14,95;12,66;13,5;12,79;11,35;10,82;11,88;9,71;sciences_sociales_et_sociologie
9,77;8,24;10,55;17,86;17,21;12,81;15,98;13,83;7,85;11,68;8,3;12,4;5,08;15,4;5,91;droit_et_sciences_politiques
19,16;12,2;8,5;14,21;9,84;11,0;13,18;18,05;12,63;20,0;13,96;11,46;11,41;15,2;8,97;cybersecurite_et_reseaux
10,77;8,43;9,08;14,77;17,22;14,79;15,37;12,51;14,07;8,67;12,12;14,06;8,33;13,85;9,77;sciences_sociales_et_sociologie
14,53;17,47;19,96;11,86;16,14;12,89;12,38;14,03;16,65;12,96;8,5;16,03;11,35;14,26;15,21;medecine_et_sante
5,91;6,56;7,76;17,96;11,1;12,35;17,31;10,05;6,25;9,31;9,84;11,48;5,7;8,42;9,34;traduction_et_interpretariat
17,74;11,06;11,41;14,24;14,9;15,62;17,01;15,92;7,42;10,92;14,06;12,13;12,42;13,41;5,0;commerce_international_et_logistique
16,3;10,36;12,2;15,24;15,13;11,42;18,52;13,15;9,59;11,49;18,15;12,11;9,62;13,95;9,95;commerce_international_et_logistique
7,66;7,13;9,44;20,0;17,3;11,75;16,45;12,92;6,38;8,16;8,91;14,13;12,49;7,5;8,14;langues_et_communication
7,17;9,09;8,96;18,94;13,79;16,34;15,89;12,14;10,45;9,77;11,32;12,23;11,13;8,33;8,13;langues_et_communication
13,27;12,79;11,53;13,95;13,76;11,44;11,32;12,0;12,04;8,75;11,63;12,38;15,42;14,72;7,46;urbanisme_et_amenagement_du_territoire
15,95;10,96;11,61;12,28;15,68;12,53;18,99;15,23;11,43;11,91;15,96;11,95;10,24;14,5;6,52;commerce_international_et_logistique
10,34;10,34;11,3;16,16;17,46;15,87;12,69;14,04;12,65;13,61;10,07;14,81;10,04;12,18;11,95;sciences_sociales_et_sociologie
14,02;8,67;10,78;12,03;19,77;9,22;14,32;12,1;9,13;9,43;18,25;11,24;8,45;15,8;10,02;economie_et_gestion
12,73;15,51;7,81;15,7;12,45;11,34;14,32;9,35;7,32;10,98;10,67;9,77;16,12;8,55;7,51;urbanisme_et_amenagement_du_territoire
14,34;13,98;12,06;12,58;13,68;11,16;12,68;12,78;6,02;10,65;8,12;12,41;17,0;15,65;7,07;urbanisme_et_amenagement_du_territoire
16,3;13,85;10,32;11,08;12,23;9,36;9,72;14,88;10,86;8,92;10,34;12,51;20,0;13,94;8,79;architecture_et_design_interieur
19,72;11,19;9,4;9,79;10,71;8,2;9,26;17,67;9,99;20,0;10,12;10,1;9,65;18,51;8,21;cybersecurite_et_reseaux
9,3;7,27;14,24;14,85;11,01;16,8;12,31;17,77;16,33;9,7;8,9;9,57;8,43;8,66;11,25;psychologie_et_sciences_de_l_education
13,03;16,92;7,25;13,28;12,73;12,58;14,83;14,81;11,94;9,83;8,48;8,17;17,29;9,22;8,11;architecture_et_design_interieur
5,99;8,93;7,58;17,5;14,82;11,67;18,19;12,3;9,63;7,01;8,81;11,65;11,31;10,11;9,04;langues_et_communication
12,4;16,93;18,61;13,02;12,75;16,66;13,97;13,26;16,15;11,8;7,81;12,61;7,36;9,21;19,32;biotechnologie_et_sciences_pharmaceutiques
17,98;14,04;10,96;13,85;10,72;11,98;14,4;15,51;8,18;16,05;13,28;7,67;9,52;19,22;4,23;sciences_actuarielles_et_statistiques
12,35;9,95;16,1;9,83;11,99;9,75;14,1;12,26;19,12;9,99;4,97;14,33;6,91;9,38;19,35;sciences_veterinaires
12,78;13,87;11,33;8,51;17,71;9,96;12,0;17,86;7,14;12,8;9,14;14,08;18,78;13,6;9,13;urbanisme_et_amenagement_du_territoire
13,66;19,0;17,64;13,36;11,13;11,59;12,07;14,56;15,83;13,85;13,21;14,35;10,05;10,16;18,4;medecine_et_sante
12,08;9,37;12,44;14,07;15,49;12,03;17,71;16,63;11,88;10,76;9,74;13,45;9,59;11,7;7,9;commerce_international_et_logistique
15,98;13,29;9,73;14,16;13,83;12,56;18,26;18,49;5,22;20,0;14,07;10,64;10,28;14,31;8,29;cybersecurite_et_reseaux
11,85;15,82;18,53;11,05;10,49;11,89;12,68;12,32;17,8;10,88;8,01;12,49;8,42;12,11;18,88;biotechnologie_et_sciences_pharmaceutiques
6,7;7,59;9,61;18,71;14,91;14,49;18,44;9,04;7,11;7,57;8,29;11,06;7,5;7,08;8,1;traduction_et_interpretariat
14,79;19,77;18,12;10,91;7,64;10,13;15,58;15,32;7,47;18,3;11,12;12,67;13,89;14,48;4,78;informatique_administration_reseaux_et_ia
19,35;12,48;9,13;10,7;11,01;11,82;15,93;14,47;6,37;19,0;11,27;7,91;12,52;18,6;5,07;science_des_donnees_et_intelligence_artificielle
12,25;13,82;10,27;12,97;15,3;10,64;9,51;13,56;12,25;13,17;14,13;13,54;12,92;12,11;12,49;urbanisme_et_amenagement_du_territoire
13,66;16,13;10,64;14,36;15,01;13,63;14,73;10,88;9,21;14,75;15,96;10,44;18,67;8,61;5,1;urbanisme_et_amenagement_du_territoire
11,42;8,86;8,64;13,98;12,32;17,89;15,48;17,28;14,38;8,27;10,89;10,91;8,24;15,35;9,81;sciences_sociales_et_sociologie
16,26;18,83;10,64;9,7;11,34;11,56;14,83;15,99;9,1;12,92;8,21;9,88;16,68;13,65;8,25;architecture_et_design_interieur
20,0;20,0;12,41;11,27;11,93;11,9;9,44;17,85;12,78;12,46;13,38;12,57;20,0;14,58;9,77;genie_mecanique_et_industriel
10,14;9,26;9,66;20,0;19,98;15,35;16,6;14,99;7,73;11,14;11,7;11,72;11,94;9,73;6,14;journalisme_et_medias
10,58;11,94;12,61;12,44;9,9;10,49;9,76;11,11;13,79;12,71;11,6;16,84;11,13;6,64;10,52;sport_et_sciences_du_mouvement
9,61;7,03;10,58;18,08;15,99;17,04;12,28;19,0;15,31;8,89;9,71;13,38;5,52;10,48;11,22;psychologie_et_sciences_de_l_education
18,8;12,53;11,47;12,55;12,62;8,09;16,61;11,48;6,31;16,79;13,15;11,77;9,29;20,0;1,58;sciences_actuarielles_et_statistiques
15,39;8,51;12,01;15,37;15,01;14,36;12,87;11,99;10,74;13,83;19,78;14,46;9,3;16,75;10,2;economie_et_gestion
17,82;12,57;13,77;15,67;12,11;14,17;13,64;16,07;9,52;15,45;17,67;11,12;8,65;18,08;7,78;finance_comptabilite_et_audit
8,0;11,15;13,0;15,07;12,13;15,48;14,84;18,04;15,3;11,55;7,11;12,34;8,73;9,78;10,73;psychologie_et_sciences_de_l_education
11,78;11,67;12,63;9,94;10,76;8,63;10,7;15,58;19,56;10,2;7,09;12,71;7,02;8,57;17,64;sciences_veterinaires
15,3;9,64;13,85;12,15;16,66;11,51;18,86;16,32;10,84;12,55;16,57;13,24;8,98;12,64;10,17;commerce_international_et_logistique
10,13;5,63;10,07;18,76;19,36;15,28;12,18;11,95;9,06;8,08;10,32;9,34;7,78;8,43;7,15;droit_et_sciences_politiques
6,49;8,67;9,39;16,65;14,02;14,15;16,54;12,29;14,08;6,96;8,48;9,91;11,75;7,42;11,99;langues_et_communication
12,79;17,14;19,4;12,43;13,06;12,42;16,26;14,38;16,27;11,84;8,08;13,77;11,36;12,73;16,21;medecine_et_sante
18,75;20,0;13,02;9,59;9,73;3,63;11,44;17,92;13,04;19,87;10,86;10,69;15,49;15,66;9,03;genie_electrique_et_electronique
14,3;15,75;14,13;13,28;10,32;7,17;19,47;18,06;12,13;17,12;11,31;10,66;9,58;11,21;10,58;informatique_administration_reseaux_et_ia
11,31;8,37;9,99;16,15;16,24;20,0;16,3;11,22;12,51;11,66;14,12;10,25;11,74;10,19;9,11;droit_et_sciences_politiques
18,51;19,34;10,55;11,19;13,8;5,54;9,58;14,5;8,16;20,0;9,56;7,62;16,93;16,46;6,95;genie_electrique_et_electronique
15,07;13,76;13,4;10,38;9,88;10,36;14,1;15,89;8,62;12,89;3,74;15,53;18,2;6,96;6,88;architecture_et_design_interieur
9,58;9,97;9,91;18,33;19,36;16,24;12,23;15,52;10,55;10,17;10,15;6,4;9,43;11,69;8,14;sciences_sociales_et_sociologie
18,9;13,37;9,13;13,3;11,72;9,29;13,48;13,21;10,27;17,47;15,36;8,63;6,15;18,27;7,74;sciences_actuarielles_et_statistiques
13,56;12,55;9,99;14,66;16,38;11,79;17,07;15,44;11,64;13,45;13,78;12,95;12,91;12,55;12,66;commerce_international_et_logistique
15,99;14,77;12,22;6,93;13,83;11,49;13,69;19,13;10,63;9,39;4,89;15,78;17,57;10,94;11,31;architecture_et_design_interieur
11,01;4,48;7,57;16,75;17,02;16,69;15,29;12,02;12,5;10,41;10,6;16,69;7,76;10,84;10,78;droit_et_sciences_politiques
8,23;7,02;10,2;17,13;17,66;18,73;14,08;16,09;12,27;8,22;14,06;11,87;8,81;10,8;10,16;sciences_sociales_et_sociologie
5,76;5,83;7,41;14,62;12,11;13,86;18,47;8,9;8,23;6,3;8,3;13,89;8,35;7,95;8,67;langues_et_communication
20,0;18,66;16,76;11,86;9,24;9,05;12,46;15,4;7,07;20,0;10,25;6,88;12,99;18,84;5,84;informatique_administration_reseaux_et_ia
14,19;8,35;15,78;11,12;10,46;9,31;15,97;11,49;18,72;10,43;10,07;14,51;8,48;11,38;15,88;sciences_veterinaires
10,4;4,1;6,27;16,01;13,64;13,03;17,58;8,96;6,32;13,22;7,92;14,9;9,22;12,33;5,38;langues_et_communication
10,39;15,34;16,79;11,54;10,33;10,75;12,39;14,1;16,32;10,01;9,17;13,51;10,71;9,9;17,23;sciences_veterinaires
14,9;16,56;18,49;14,29;10,84;12,06;13,85;14,24;16,85;9,48;7,15;15,28;10,04;10,51;18,3;medecine_et_sante
6,79;7,94;10,45;16,62;13,67;16,53;14,6;14,58;12,52;9,1;13,22;12,23;10,39;11,51;12,87;sciences_sociales_et_sociologie
12,89;5,64;8,55;17,25;19,36;17,6;17,14;13,14;13,38;10,61;16,47;12,59;9,16;13,88;8,39;droit_et_sciences_politiques
13,36;9,74;11,77;17,76;13,97;15,08;13,53;20,0;18,02;11,77;9,33;13,87;10,83;11,91;15,07;psychologie_et_sciences_de_l_education
14,91;10,69;12,04;13,17;16,25;11,31;15,18;13,89;10,75;11,23;19,04;12,89;5,72;15,02;8,52;economie_et_gestion
9,86;8,39;12,06;15,96;16,78;17,8;17,52;14,97;10,25;12,14;9,79;11,7;15,84;9,92;9,86;journalisme_et_medias
15,53;17,8;12,02;9,81;12,9;10,11;12,93;18,63;13,27;13,58;9,08;18,56;16,08;11,9;6,38;genie_civil_et_construction
10,58;7,45;7,61;19,67;13,68;14,81;18,79;9,5;8,48;11,24;10,96;9,14;7,47;6,8;7,81;traduction_et_interpretariat
13,14;13,61;17,33;16,26;13,5;13,01;13,29;11,54;15,13;10,74;10,43;15,07;12,23;11,68;16,15;agronomie_et_environnement
13,48;12,37;12,47;11,65;18,64;11,0;14,16;15,71;8,86;11,46;14,65;12,59;17,65;15,34;5,11;urbanisme_et_amenagement_du_territoire
18,32;19,93;15,21;12,59;10,06;14,11;13,42;15,07;12,64;14,18;10,85;11,76;14,11;15,02;8,43;genie_electrique_et_electronique
13,95;12,23;15,73;12,18;12,04;7,66;11,57;10,29;13,59;10,72;14,29;14,4;6,73;11,05;17,16;agronomie_et_environnement
18,91;16,02;11,82;12,96;10,19;7,03;11,99;16,22;10,52;19,45;12,3;9,31;12,37;19,84;10,63;science_des_donnees_et_intelligence_artificielle
7,84;8,53;7,59;15,39;11,43;11,59;19,36;9,26;8,25;8,8;8,69;13,6;6,85;10,01;7,57;traduction_et_interpretariat
10,27;5,57;7,47;17,26;16,6;16,49;12,46;11,18;9,26;10,3;15,14;13,95;10,09;12,82;4,72;droit_et_sciences_politiques
14,84;16,06;16,35;12,05;9,16;13,34;17,2;11,59;16,02;14,54;9,79;11,61;7,66;9,03;16,56;medecine_et_sante
16,44;12,05;12,12;14,08;7,9;9,24;15,6;18,3;10,07;12,76;15,72;11,0;10,19;18,25;7,88;finance_comptabilite_et_audit
15,91;20,0;14,52;9,64;14,51;7,81;14,45;12,87;13,45;16,72;15,32;9,01;10,2;14,05;8,08;informatique_administration_reseaux_et_ia
17,89;11,92;11,51;17,08;13,31;11,11;16,39;14,59;9,18;12,4;19,16;11,83;7,37;17,8;8,34;finance_comptabilite_et_audit
8,36;7,47;6,88;20,0;20,0;14,95;18,22;14,91;7,6;9,16;11,89;11,01;11,36;9,77;7,83;journalisme_et_medias
9,97;5,52;8,07;14,62;16,75;18,47;15,24;13,78;10,12;11,51;13,24;9,65;9,5;14,69;10,87;sciences_sociales_et_sociologie
12,52;14,05;18,73;9,44;11,98;9,39;13,57;13,69;16,07;9,15;8,4;8,85;5,23;13,11;16,65;pharmacie
10,93;8,65;8,48;16,53;18,25;11,24;15,88;12,96;12,46;10,24;12,12;16,91;9,27;11,8;10,07;tourisme_et_hotellerie
16,82;18,22;12,35;15,07;10,61;10,5;11,46;15,47;11,0;13,87;10,02;8,33;18,5;15,51;8,73;architecture_et_design_interieur
11,8;12,86;9,39;11,45;14,21;11,23;10,59;15,25;10,61;13,76;14,05;12,0;15,94;13,05;9,11;urbanisme_et_amenagement_du_territoire
16,12;17,66;9,69;13,0;10,23;10,79;17,81;15,58;1,49;19,91;11,37;12,82;10,01;17,59;6,53;cybersecurite_et_reseaux
17,66;13,4;17,2;16,13;10,84;13,17;16,48;15,93;7,56;15,09;18,19;10,9;9,11;17,42;2,69;finance_comptabilite_et_audit
9,73;6,78;7,57;18,67;20,0;15,19;14,12;13,99;11,39;9,32;10,3;13,21;6,92;10,14;8,22;droit_et_sciences_politiques
13,65;11,48;11,51;13,22;13,36;10,68;15,13;16,62;10,88;8,38;16,0;13,17;5,85;17,15;10,91;finance_comptabilite_et_audit
16,99;13,94;12,78;10,06;12,69;9,32;14,08;19,09;10,67;19,42;11,43;9,6;10,62;16,17;12,31;science_des_donnees_et_intelligence_artificielle
13,13;14,31;17,79;10,12;14,15;10,5;9,69;10,58;16,92;11,81;6,53;7,57;8,05;9,79;18,1;pharmacie
14,65;18,02;13,82;9,74;10,0;8,59;17,07;17,03;15,2;18,56;10,03;9,64;12,54;14,88;12,73;informatique_administration_reseaux_et_ia
18,39;16,28;11,14;12,99;11,64;6,28;13,92;13,89;6,92;19,83;11,89;11,99;9,59;19,32;5,39;science_des_donnees_et_intelligence_artificielle
13,92;15,29;11,3;12,51;15,93;11,97;16,59;13,83;9,01;8,72;12,77;11,36;16,03;11,72;9,65;urbanisme_et_amenagement_du_territoire
15,66;18,44;16,16;11,78;11,42;10,94;17,57;18,83;10,32;19,35;11,3;7,7;11,53;13,22;8,98;informatique_administration_reseaux_et_ia
16,43;16,18;9,73;8,77;6,35;5,64;13,99;16,19;14,59;18,72;8,51;8,46;8,57;14,64;9,38;cybersecurite_et_reseaux
13,06;15,02;12,62;11,57;18,09;12,15;16,26;16,29;8,7;14,81;11,62;13,36;15,07;13,87;9,75;urbanisme_et_amenagement_du_territoire
11,79;16,97;18,98;11,76;11,41;12,22;16,59;12,43;17,12;10,98;10,14;8,88;12,08;10,45;18,01;pharmacie
11,59;9,46;7,85;14,57;18,73;12,37;17,05;13,15;9,66;8,73;13,59;15,3;11,69;10,76;8,89;tourisme_et_hotellerie
5,63;5,74;9,43;15,11;13,28;13,16;17,32;14,59;13,48;7,13;8,38;10,51;8,05;7,92;9,94;langues_et_communication
14,17;10,67;10,76;11,03;11,9;11,0;14,5;16,14;11,09;10,49;15,2;12,56;4,24;15,02;10,5;finance_comptabilite_et_audit
17,03;16,04;6,06;10,72;8,46;7,36;12,66;17,46;16,08;18,51;12,21;8,29;11,09;18,46;12,52;cybersecurite_et_reseaux
14,63;13,69;14,79;11,11;15,93;14,49;15,06;13,88;9,45;14,55;13,09;11,89;8,96;18,13;9,63;economie_et_gestion
7,29;6,03;11,45;16,45;19,24;15,98;12,81;13,16;13,19;9,14;10,34;12,07;12,06;13,46;11,06;sciences_sociales_et_sociologie
19,0;14,97;10,94;12,67;9,06;11,04;13,42;15,34;11,7;19,8;13,32;7,82;11,88;19,26;7,71;science_des_donnees_et_intelligence_artificielle
10,08;10,4;8,66;11,52;14,64;10,06;13,39;16,51;13,07;11,95;7,21;20,0;9,13;8,6;9,98;sport_et_sciences_du_mouvement
16,76;19,9;10,84;9,15;9,84;10,62;15,19;17,66;10,39;16,81;8,27;12,29;15,4;15,39;12,23;genie_electrique_et_electronique
17,1;16,53;13,9;12,52;11,32;9,35;14,67;14,12;8,57;13,25;13,3;8,04;18,63;8,34;9,4;architecture_et_design_interieur
13,54;11,79;11,37;11,41;14,99;10,57;11,97;14,91;9,04;12,1;15,65;10,39;17,92;11,97;10,6;urbanisme_et_amenagement_du_territoire
8,07;7,62;11,17;17,0;11,99;15,88;11,05;15,25;16,93;9,24;9,26;13,66;7,67;11,47;13,69;psychologie_et_sciences_de_l_education
6,07;8,63;7,98;19,06;13,35;11,47;18,86;9,98;9,57;7,56;7,08;12,21;8,35;8,26;7,96;langues_et_communication
11,9;14,38;10,76;9,61;15,49;11,9;15,21;16,97;8,06;11,02;8,95;10,11;16,48;12,46;12,6;urbanisme_et_amenagement_du_territoire
13,45;7,45;8,81;13,43;16,86;14,8;18,93;12,66;7,1;9,94;18,89;10,89;6,17;13,95;11,15;commerce_international_et_logistique
6,46;6,84;7,53;18,04;12,57;13,3;18,94;10,52;8,22;9,3;5,95;15,15;10,36;6,23;8,97;langues_et_communication
4,72;4,1;5,85;16,93;15,38;11,77;16,9;11,87;6,31;5,43;10,42;11,23;6,74;3,26;8,92;langues_et_communication
8,73;8,62;13,04;15,65;14,07;11,71;19,46;12,29;12,4;11,42;12,81;13,25;8,81;6,11;11,59;tourisme_et_hotellerie
17,07;18,1;13,6;11,45;12,76;7,74;14,39;16,93;7,69;14,05;9,38;11,25;15,61;10,51;7,02;architecture_et_design_interieur
16,61;20,0;12,87;13,82;9,58;9,88;13,54;13,44;9,28;11,59;8,2;13,0;14,73;16,85;11,29;genie_civil_et_construction
15,07;15,31;11,59;8,23;7,41;11,01;11,72;17,78;9,69;17,66;9,69;11,41;10,24;14,37;7,77;cybersecurite_et_reseaux
17,52;19,35;11,61;12,82;11,0;12,2;12,95;16,34;7,39;15,3;7,32;13,86;18,14;10,97;9,3;architecture_et_design_interieur
8,15;6,63;6,91;17,44;13,79;9,28;16,4;13,8;10,82;9,92;10,41;16,85;8,76;8,86;10,17;tourisme_et_hotellerie
16,72;19,05;13,77;8,96;11,02;8,44;13,0;17,32;8,79;11,69;12,9;10,14;17,13;15,43;6,43;genie_mecanique_et_industriel
11,48;13,84;14,76;11,99;11,42;9,91;14,6;14,6;16,29;10,18;9,94;13,12;10,05;9,54;17,32;sciences_veterinaires
12,5;14,74;10,64;14,13;14,16;12,11;11,5;11,97;13,04;11,14;10,56;15,92;14,72;11,3;10,31;urbanisme_et_amenagement_du_territoire
12,66;11,16;11,0;15,19;16,1;11,16;18,43;12,82;9,4;12,88;13,87;14,46;8,65;9,57;5,69;tourisme_et_hotellerie
16,0;18,8;12,81;7,73;8,77;9,18;8,64;17,0;12,33;15,02;10,38;12,06;15,34;12,03;9,9;genie_civil_et_construction
16,29;12,8;17,72;12,92;14,87;10,15;12,35;10,34;14,04;12,92;12,43;16,22;10,7;12,88;15,45;agronomie_et_environnement
13,34;7,74;12,72;13,21;14,79;13,26;16,48;17,73;9,34;9,53;16,83;14,33;9,46;12,05;9,95;economie_et_gestion
18,23;15,46;10,09;9,4;11,87;12,29;13,72;18,85;14,58;18,73;8,88;9,37;8,68;18,38;13,49;science_des_donnees_et_intelligence_artificielle
8,3;7,14;11,3;17,7;17,4;14,09;18,08;14,08;9,25;11,73;12,09;13,74;11,94;8,72;7,35;journalisme_et_medias
16,8;15,19;11,67;12,33;10,27;8,73;13,16;14,78;12,18;11,26;9,34;11,57;17,54;13,3;11,32;architecture_et_design_interieur
16,3;10,57;12,78;12,78;14,93;10,75;16,79;14,2;7,44;13,91;18,4;13,04;7,0;18,24;6,26;finance_comptabilite_et_audit
13,14;13,01;17,56;10,24;9,29;11,13;12,63;13,46;17,8;10,38;11,72;11,72;4,22;16,03;17,0;biotechnologie_et_sciences_pharmaceutiques
14,65;12,22;12,45;10,65;11,95;10,78;13,09;12,43;18,27;10,25;10,64;13,56;8,41;11,72;16,86;sciences_veterinaires
5,56;8,07;10,34;16,58;17,17;11,38;18,04;10,62;8,33;9,26;6,56;12,62;11,09;7,39;7,14;langues_et_communication
7,97;8,78;12,02;14,69;15,8;18,16;13,43;20,0;14,94;8,6;7,76;9,67;9,35;9,74;12,76;psychologie_et_sciences_de_l_education
19,13;13,76;11,61;12,22;11,56;11,1;14,2;19,93;6,4;19,21;10,23;9,72;11,78;17,56;8,33;science_des_donnees_et_intelligence_artificielle
7,67;8,34;13,4;17,94;16,47;15,3;17,17;16,04;12,41;9,98;10,36;11,25;12,26;8,95;11,68;journalisme_et_medias
6,45;7,68;9,62;15,81;13,16;12,34;19,34;8,37;9,3;8,43;6,75;10,62;7,21;7,19;12,52;traduction_et_interpretariat
17,62;13,19;11,74;12,92;8,6;13,85;13,51;17,27;8,73;13,68;13,15;10,4;6,55;20,0;6,0;sciences_actuarielles_et_statistiques
8,15;8,61;6,97;19,83;14,01;12,22;17,96;13,18;10,84;6,26;8,58;14,27;7,54;5,62;6,61;langues_et_communication
18,32;11,08;13,29;14,52;10,85;9,38;15,05;16,28;6,8;19,45;11,13;9,45;11,04;16,88;8,91;cybersecurite_et_reseaux
15,05;16,89;18,83;13,82;13,87;10,88;11,47;14,17;18,97;11,08;10,39;15,62;7,83;13,85;20,0;medecine_et_sante
13,91;16,79;14,19;14,5;9,01;9,48;14,36;16,52;10,19;12,69;8,42;12,24;11,37;14,71;9,69;informatique_administration_reseaux_et_ia
4,34;7,45;8,13;15,63;10,21;11,85;20,0;13,58;11,3;8,03;10,49;11,51;8,62;5,79;11,32;traduction_et_interpretariat
15,11;20,0;14,46;12,06;10,6;5,4;11,91;18,67;8,45;11,26;8,77;11,14;18,06;13,82;8,4;genie_mecanique_et_industriel
15,66;16,22;17,14;9,21;12,57;11,31;16,47;14,8;16,98;12,2;12,0;11,26;7,25;12,79;18,45;biotechnologie_et_sciences_pharmaceutiques
18,61;19,8;12,55;14,96;9,32;10,04;13,96;14,1;7,69;16,32;8,74;11,48;18,46;11,12;5,16;architecture_et_design_interieur
11,58;12,28;10,58;13,4;14,44;12,34;14,86;18,34;15,4;9,71;10,49;18,03;9,18;9,91;15,2;sport_et_sciences_du_mouvement
18,26;16,33;14,58;12,26;9,62;12,21;13,39;14,59;15,6;19,45;9,02;11,31;11,66;18,55;14,33;science_des_donnees_et_intelligence_artificielle
13,7;15,39;16,46;11,27;11,43;11,81;9,79;13,56;17,97;11,79;8,07;13,33;10,32;10,1;16,13;medecine_et_sante
14,63;14,8;17,92;12,27;11,56;8,87;12,57;10,08;18,08;8,73;9,69;11,49;7,99;11,87;19,36;pharmacie
11,59;4,9;8,41;18,41;13,12;14,72;14,33;12,75;8,53;12,46;13,36;12,68;10,9;9,49;8,84;droit_et_sciences_politiques
16,49;12,16;10,98;13,09;11,89;11,75;13,32;16,36;11,57;13,55;17,98;7,13;9,69;16,25;8,62;finance_comptabilite_et_audit
8,54;7,51;9,62;16,27;17,52;17,04;15,74;15,03;10,73;10,88;14,07;7,62;6,41;9,25;7,74;droit_et_sciences_politiques
13,95;19,91;13,96;8,96;13,76;10,57;13,32;18,91;11,47;11,66;5,21;15,73;19,0;10,7;6,28;genie_civil_et_construction
18,0;10,42;9,36;14,26;15,3;14,89;15,34;18,12;10,56;13,28;19,09;7,88;12,56;18,21;7,95;economie_et_gestion
10,39;5,33;8,06;15,85;11,12;18,31;16,6;14,52;7,75;9,58;7,79;11,75;10,45;7,92;9,42;journalisme_et_medias
8,31;10,83;11,21;13,19;10,73;17,93;14,37;15,98;16,96;12,61;8,7;12,82;10,78;11,34;11,48;psychologie_et_sciences_de_l_education
13,57;17,2;16,15;13,1;10,56;10,45;13,66;12,85;15,7;11,2;14,37;10,33;4,33;16,21;18,63;biotechnologie_et_sciences_pharmaceutiques
15,41;17,68;9,34;7,78;8,68;10,18;14,06;16,56;9,71;12,63;8,65;14,26;16,54;13,55;9,7;genie_civil_et_construction
10,42;6,73;8,91;20,0;13,38;14,23;18,91;9,59;8,01;11,9;12,83;8,25;8,02;7,46;8,6;traduction_et_interpretariat
18,31;13,24;15,6;12,04;11,72;10,44;12,89;13,26;6,13;13,25;14,98;9,14;9,24;19,63;6,48;sciences_actuarielles_et_statistiques
13,85;9,93;10,16;15,74;15,57;15,95;17,5;12,33;9,18;9,96;14,78;12,17;6,2;13,64;5,38;commerce_international_et_logistique
10,67;13,76;14,04;12,02;11,45;9,89;11,8;15,25;17,33;8,4;10,23;14,13;9,88;9,69;16,17;sciences_veterinaires
9,08;16,74;20,0;13,77;10,38;12,02;13,57;13,72;18,75;8,44;8,93;14,08;6,35;11,47;17,81;pharmacie
15,73;13,64;12,94;11,22;17,03;8,79;17,13;14,82;5,31;16,57;14,04;10,26;17,16;13,76;9,13;urbanisme_et_amenagement_du_territoire
8,6;11,46;12,72;15,81;11,43;13,62;14,63;16,95;18,25;8,67;8,52;13,58;11,58;10,21;12,4;psychologie_et_sciences_de_l_education
5,99;7,0;7,23;18,37;15,27;13,54;17,7;10,79;8,8;6,51;8,27;11,84;9,55;6,23;5,52;langues_et_communication
11,35;5,47;7,06;16,49;16,7;10,3;14,96;14,07;11,25;7,81;11,91;14,4;9,69;9,21;6,68;tourisme_et_hotellerie
13,81;17,19;19,6;10,16;10,33;8,9;14,57;13,12;15,51;12,27;8,49;9,74;13,6;12,73;17,58;pharmacie
14,95;20,0;12,86;6,78;11,97;11,65;14,42;15,67;9,09;12,27;12,16;11,58;17,65;15,29;6,48;genie_mecanique_et_industriel
11,38;8,03;8,82;17,39;16,34;13,92;16,38;16,54;15,81;10,02;9,61;15,21;4,78;14,04;10,68;psychologie_et_sciences_de_l_education
7,16;9,84;11,94;14,07;10,13;15,65;13,6;17,16;16,04;10,19;7,26;13,8;8,85;9,15;11,38;psychologie_et_sciences_de_l_education
20,0;14,7;10,81;10,99;10,65;11,95;16,63;14,29;10,66;19,6;9,71;11,31;10,58;19,9;8,3;science_des_donnees_et_intelligence_artificielle
13,71;11,54;12,46;15,69;15,51;9,72;17,23;11,53;9,27;10,81;18,01;10,41;8,93;12,19;7,91;commerce_international_et_logistique
10,85;9,32;9,68;18,54;14,5;15,03;13,79;20,0;18,83;12,8;8,83;13,18;9,32;8,81;12,03;psychologie_et_sciences_de_l_education
7,28;8,46;8,97;15,16;16,94;10,51;16,17;12,75;10,16;6,25;6,79;18,97;6,7;9,73;8,91;tourisme_et_hotellerie
8,58;7,34;5,02;19,75;13,09;17,72;16,68;13,87;5,04;9,97;12,89;12,0;7,73;9,83;7,34;journalisme_et_medias
13,37;12,09;10,57;13,15;12,29;8,06;9,59;12,01;7,51;12,49;8,48;11,91;19,91;15,01;10,33;urbanisme_et_amenagement_du_territoire
14,83;17,21;12,15;10,98;7,21;11,29;13,25;17,1;6,16;18,4;9,09;9,52;8,33;14,02;3,74;cybersecurite_et_reseaux
10,55;5,65;6,89;18,2;15,2;15,92;16,19;14,74;8,87;7,3;10,6;10,96;10,08;12,64;7,14;langues_et_communication
13,94;17,01;9,08;11,87;12,43;11,17;11,52;16,38;12,34;10,24;5,29;10,57;13,53;13,16;10,02;architecture_et_design_interieur
10,86;8,83;11,12;13,37;14,06;19,82;13,19;18,28;17,65;9,95;6,12;14,5;9,85;10,48;13,63;psychologie_et_sciences_de_l_education
8,17;5,03;8,16;15,25;16,19;11,04;18,08;13,38;13,12;10,07;14,01;14,68;10,38;9,15;14,5;tourisme_et_hotellerie
15,83;12,97;13,05;14,88;16,72;10,59;17,44;16,66;9,85;14,54;17,63;9,25;9,73;13,43;5,9;commerce_international_et_logistique
16,38;10,92;10,89;12,0;11,13;10,66;15,25;17,09;9,58;12,06;17,27;11,65;8,43;18,6;9,55;finance_comptabilite_et_audit
10,2;7,68;11,18;18,28;17,84;17,0;13,39;14,3;8,77;7,85;6,15;13,26;10,66;11,4;9,51;journalisme_et_medias
18,16;18,96;14,06;9,71;14,96;11,24;11,54;15,36;15,47;12,88;10,69;13,46;17,94;14,41;11,49;genie_mecanique_et_industriel
10,6;9,78;9,09;17,65;18,43;16,03;10,82;13,54;14,63;10,08;10,75;14,76;8,64;14,02;13,97;sciences_sociales_et_sociologie
5,17;11,37;7,77;19,29;18,89;14,03;15,85;14,89;8,81;11,27;9,85;13,85;9,17;7,28;9,18;journalisme_et_medias
19,21;14,39;11,81;12,88;13,34;9,72;15,39;16,41;8,55;19,25;14,26;9,36;7,96;16,78;7,45;sciences_actuarielles_et_statistiques
10,38;14,52;16,6;9,14;11,13;9,64;11,79;13,13;17,38;6,92;6,13;11,53;10,11;8,24;16,1;sciences_veterinaires
8,27;8,09;9,53;13,21;15,43;10,66;16,57;12,27;10,67;14,48;9,23;16,49;9,68;10,95;9,73;tourisme_et_hotellerie
13,84;11,85;17,54;8,8;11,12;10,98;15,17;10,71;17,28;9,79;8,92;13,8;6,21;11,31;19,01;agronomie_et_environnement
7,09;5,94;5,58;18,65;10,86;15,11;17,76;12,04;9,18;10,48;11,38;11,61;7,35;6,55;8,96;traduction_et_interpretariat
17,69;9,84;7,95;11,72;12,44;9,98;14,99;15,44;12,39;11,46;18,51;11,77;12,0;18,08;11,73;finance_comptabilite_et_audit
16,94;9,51;11,56;15,6;17,7;15,06;13,71;12,79;14,64;15,83;20,0;11,95;8,04;17,52;9,96;economie_et_gestion
16,89;16,78;11,54;15,76;12,23;9,9;12,22;13,32;0,07;20,0;11,12;10,54;10,92;11,93;5,39;cybersecurite_et_reseaux
10,97;7,22;10,41;15,99;18,62;12,52;17,56;14,32;11,74;9,15;8,54;17,28;12,03;10,0;7,78;tourisme_et_hotellerie
17,68;18,43;14,38;9,35;11,49;8,35;16,7;16,9;12,69;19,34;11,31;11,75;10,44;17,69;10,61;science_des_donnees_et_intelligence_artificielle
11,66;8,18;8,9;15,66;19,33;18,61;10,61;15,22;10,85;12,09;13,37;13,45;11,55;11,44;9,24;sciences_sociales_et_sociologie
11,41;17,06;10,96;8,84;17,78;12,94;15,8;18,69;8,34;12,85;9,56;13,59;18,83;14,03;10,89;urbanisme_et_amenagement_du_territoire
19,2;13,96;8,95;8,33;10,96;6,09;9,97;15,93;9,62;20,0;11,33;12,55;7,05;17,22;6,0;cybersecurite_et_reseaux
15,77;9,19;12,07;13,68;17,38;10,41;15,7;15,3;9,51;11,09;18,42;12,45;8,81;17,99;10,61;economie_et_gestion
13,65;10,18;14,07;12,84;13,0;8,63;11,91;14,95;17,33;10,58;13,36;13,73;6,57;11,52;19,6;agronomie_et_environnement
8,5;12,9;9,37;11,54;12,68;8,33;3,51;15,28;16,32;12,01;7,63;16,01;10,04;7,68;16,3;sport_et_sciences_du_mouvement
20,0;20,0;12,28;13,89;9,35;7,94;11,95;14,59;12,68;17,42;10,65;13,56;13,62;14,99;6,79;genie_electrique_et_electronique
14,83;16,22;18,56;10,86;13,35;13,33;17,08;13,33;18,8;12,07;10,81;11,51;8,89;11,74;17,81;biotechnologie_et_sciences_pharmaceutiques
16,67;19,32;13,39;13,68;11,23;12,7;12,74;13,99;14,87;14,96;11,89;16,59;15,38;11,58;11,06;genie_mecanique_et_industriel
13,67;13,43;18,42;11,21;9,79;13,64;14,6;15,15;15,77;11,11;11,27;14,75;11,16;9,86;16,84;agronomie_et_environnement
10,88;14,12;17,09;12,15;11,95;9,46;9,73;14,98;19,78;9,69;7,42;11,84;8,45;10,58;19,64;sciences_veterinaires
9,91;9,56;10,77;15,06;12,33;14,55;16,84;16,58;14,63;11,02;9,15;11,88;9,62;12,46;9,82;psychologie_et_sciences_de_l_education
12,22;14,77;16,09;12,48;15,36;8,62;10,41;12,0;16,18;11,91;11,71;12,84;11,75;10,74;15,77;agronomie_et_environnement
14,07;15,2;12,4;13,61;15,8;11,53;11,01;13,33;10,58;15,2;14,51;11,84;16,42;9,98;13,38;urbanisme_et_amenagement_du_territoire
8,84;6,47;8,35;18,12;14,53;15,63;15,91;14,56;8,15;8,5;12,25;16,93;9,03;10,81;7,95;langues_et_communication
10,2;13,57;14,04;13,54;8,98;13,28;9,04;16,84;17,8;8,36;10,11;13,45;6,49;8,63;16,44;sciences_veterinaires
11,17;8,92;7,85;18,89;12,33;13,8;18,59;11,09;7,52;11,29;10,68;13,26;8,2;7,68;7,73;traduction_et_interpretariat
16,26;18,96;16,28;14,06;7,86;9,46;12,46;11,52;13,06;16,35;13,84;15,17;17,85;13,56;8,21;genie_civil_et_construction
15,51;17,17;12,26;8,2;10,45;10,45;13,09;15,38;11,34;14,05;8,69;12,34;17,17;12,91;9,71;genie_civil_et_construction
15,84;13,88;11,95;13,33;12,62;11,4;16,82;14,61;9,93;10,75;18,02;10,34;5,09;16,16;11,02;finance_comptabilite_et_audit
17,31;17,33;15,66;11,07;13,32;11,93;14,15;18,36;10,42;14,17;8,73;14,5;15,59;11,34;5,29;genie_civil_et_construction
16,33;19,72;13,06;10,87;9,65;9,22;12,91;16,14;9,59;12,0;13,24;7,75;15,79;18,29;6,67;genie_mecanique_et_industriel
15,44;14,64;16,21;13,72;7,17;13,05;15,96;13,86;17,84;6,12;8,94;10,63;5,22;12,74;18,41;biotechnologie_et_sciences_pharmaceutiques
18,03;16,31;13,76;10,65;7,47;12,79;13,49;17,3;11,61;17,54;10,04;9,6;11,41;17,76;8,58;informatique_administration_reseaux_et_ia
17,89;17,27;19,21;12,13;12,07;12,0;8,63;14,15;15,12;15,07;10,96;13,07;11,6;16,75;14,61;pharmacie
8,45;7,7;7,79;16,52;12,9;12,22;17,25;11,81;7,07;9,78;8,47;10,56;8,68;6,77;7,94;traduction_et_interpretariat
15,01;16,27;16,82;12,69;10,01;8,53;12,6;9,21;18,14;12,12;8,97;12,75;8,74;12,97;18,12;biotechnologie_et_sciences_pharmaceutiques
9,48;8,36;8,69;16,09;18,21;14,37;15,23;13,17;11,82;8,99;11,49;11,01;9,55;13,47;13,33;sciences_sociales_et_sociologie
16,14;13,59;15,22;16,63;19,34;14,21;17,38;14,97;10,6;13,55;18,58;12,54;11,22;15,87;8,78;commerce_international_et_logistique
13,81;15,42;19,15;13,75;9,89;13,97;18,7;12,19;18,31;11,35;11,41;11,75;6,81;9,51;20,0;biotechnologie_et_sciences_pharmaceutiques
20,0;10,55;8,63;15,61;9,71;10,58;16,42;11,75;8,76;12,01;18,01;8,62;8,44;20,0;10,18;finance_comptabilite_et_audit
12,0;7,54;10,97;15,67;17,49;18,05;17,4;13,59;11,39;12,99;10,97;14,03;15,97;12,76;11,65;journalisme_et_medias
11,77;7,81;6,61;18,76;14,28;14,46;20,0;9,67;7,01;13,51;11,31;11,88;8,9;9,16;7,44;traduction_et_interpretariat
13,13;15,15;18,3;10,12;10,08;13,01;12,19;13,57;16,43;10,99;7,29;12,31;8,1;8,55;19,6;medecine_et_sante
20,0;8,03;10,41;13,47;11,88;9,93;16,76;14,84;8,62;12,6;19,94;9,47;9,35;20,0;8,33;finance_comptabilite_et_audit
7,6;5,73;9,95;18,66;17,86;20,0;11,07;13,02;11,3;7,62;14,43;12,25;4,99;10,35;7,99;droit_et_sciences_politiques
19,02;15,91;12,4;14,03;10,38;10,08;13,72;14,76;10,87;20,0;12,53;10,17;7,71;18,71;8,43;science_des_donnees_et_intelligence_artificielle
15,23;11,76;16,23;12,67;12,81;18,92;12,71;20,0;6,63;13,75;13,53;11,79;8,74;16,63;5,72;finance_comptabilite_et_audit
19,38;14,63;9,09;14,37;11,83;14,38;13,6;10,96;6,0;17,1;15,74;11,04;6,71;16,25;5,55;sciences_actuarielles_et_statistiques
6,72;5,32;5,8;15,82;9,28;11,28;20,0;10,86;10,39;10,31;8,65;15,52;8,21;7,45;9,31;traduction_et_interpretariat
13,07;14,91;18,1;13,61;17,13;14,44;13,15;12,47;20,0;8,57;10,42;15,14;11,67;12,34;18,85;agronomie_et_environnement
18,55;10,65;12,29;11,22;14,25;14,96;15,41;15,82;11,41;12,58;18,69;12,13;7,67;15,59;12,44;finance_comptabilite_et_audit
19,15;18,36;15,9;12,49;10,42;8,93;12,68;13,82;15,02;14,46;10,55;12,16;19,75;15,08;12,3;genie_mecanique_et_industriel
9,29;9,41;8,92;15,49;15,06;13,92;17,36;14,13;12,29;8,16;9,13;12,77;11,58;10,13;8,77;langues_et_communication
17,75;17,66;10,25;9,57;13,9;11,28;16,94;16,17;12,25;14,05;8,16;12,63;14,29;16,73;9,78;genie_civil_et_construction
15,75;14,09;16,09;10,84;14,18;11,29;16,33;13,4;15,99;8,51;10,79;13,36;10,61;10,82;16,95;agronomie_et_environnement
12,61;18,08;19,21;14,05;6,74;12,49;13,1;15,97;19,03;10,31;9,93;9,58;8,82;9,7;20,0;biotechnologie_et_sciences_pharmaceutiques
14,73;10,45;9,0;15,81;12,36;14,24;14,68;14,13;9,61;11,47;17,81;12,85;7,1;19,74;9,29;economie_et_gestion
12,46;15,88;16,91;12,72;9,68;14,18;17,56;16,23;17,5;9,68;8,8;13,29;8,96;13,04;17,13;medecine_et_sante
11,82;6,89;8,56;17,45;14,77;18,02;12,79;16,57;10,84;10,78;9,9;14,33;8,02;11,47;8,78;psychologie_et_sciences_de_l_education
7,89;8,35;9,62;14,02;10,55;17,66;14,93;17,33;13,25;10,18;6,59;13,14;12,18;9,03;5,08;psychologie_et_sciences_de_l_education
17,73;19,34;11,07;11,07;11,52;13,0;15,34;12,54;9,04;17,76;6,06;11,81;14,88;15,87;4,41;genie_electrique_et_electronique
19,95;14,56;12,97;13,07;9,32;3,45;16,88;16,34;12,07;15,36;16,11;12,22;8,26;18,53;12,23;sciences_actuarielles_et_statistiques
20,0;15,13;10,55;9,67;9,53;5,32;18,71;16,67;10,97;17,38;19,46;12,59;6,99;18,04;9,66;sciences_actuarielles_et_statistiques
14,59;11,18;8,36;9,5;10,9;12,25;12,16;17,3;7,65;19,6;11,68;9,98;8,22;15,53;8,89;cybersecurite_et_reseaux
16,35;15,16;15,43;12,41;7,79;10,16;9,61;14,93;10,31;14,33;8,79;12,74;18,14;12,58;8,28;architecture_et_design_interieur
7,33;9,55;7,91;15,06;10,45;12,67;17,53;15,96;11,47;8,44;4,45;16,88;11,62;8,75;6,95;traduction_et_interpretariat
14,78;17,74;19,74;11,91;12,74;7,31;15,75;13,07;16,31;11,55;9,01;7,12;10,57;12,26;17,08;pharmacie
12,56;14,85;19,9;8,96;14,24;7,23;13,87;11,96;15,75;12,13;9,63;6,63;11,22;12,08;16,43;pharmacie
17,79;20,0;11,05;11,37;6,85;7,59;13,8;16,14;10,28;16,05;8,75;10,49;14,31;14,34;5,48;genie_electrique_et_electronique
7,41;8,94;7,53;15,38;16,35;12,07;18,84;9,88;9,91;8,48;8,64;7,91;8,91;8,46;8,15;langues_et_communication
17,11;13,9;15,54;12,03;16,68;5,56;11,26;10,19;15,54;10,35;11,99;20,0;13,92;14,72;18,0;agronomie_et_environnement
12,67;13,58;11,12;11,18;15,17;13,06;16,25;15,09;9,88;12,62;14,51;10,22;19,2;11,76;11,16;urbanisme_et_amenagement_du_territoire
12,3;12,27;10,13;10,19;12,65;12,98;9,61;15,01;10,54;12,49;15,06;11,49;17,39;11,2;7,84;urbanisme_et_amenagement_du_territoire
15,87;15,17;9,1;11,57;10,81;8,99;12,26;13,34;4,28;20,0;10,8;11,48;5,45;15,26;4,71;cybersecurite_et_reseaux
16,13;11,75;14,6;14,98;17,98;13,3;15,85;16,85;9,78;11,67;19,79;11,51;8,38;16,59;11,44;economie_et_gestion
9,42;14,05;11,19;13,98;11,04;12,29;14,0;17,88;12,19;10,86;7,14;17,35;11,18;8,84;11,74;sport_et_sciences_du_mouvement
16,61;16,66;15,05;14,25;6,07;9,48;14,87;17,74;13,04;18,96;13,37;11,17;13,82;15,22;11,87;informatique_administration_reseaux_et_ia
13,5;8,39;10,37;15,95;18,01;10,29;17,21;13,04;9,94;13,79;11,45;13,45;10,87;13,11;7,85;tourisme_et_hotellerie
11,85;6,78;8,4;19,75;15,89;15,83;16,97;12,92;3,11;7,33;7,58;14,95;7,84;9,03;2,81;traduction_et_interpretariat
17,63;16,85;18,33;9,56;9,78;9,4;10,13;15,01;11,43;19,34;10,9;10,95;14,71;16,5;6,78;informatique_administration_reseaux_et_ia
11,15;8,98;13,21;15,17;12,7;17,61;13,42;19,49;16,52;9,85;10,29;13,58;11,32;11,11;12,24;psychologie_et_sciences_de_l_education
8,52;4,89;7,23;18,19;15,18;14,89;16,1;11,21;7,76;11,31;10,39;12,66;7,91;9,69;9,55;langues_et_communication
17,17;19,99;13,23;9,72;8,43;8,89;15,8;15,96;4,96;14,96;7,58;10,52;17,09;14,9;4,29;genie_electrique_et_electronique
8,53;10,09;7,3;8,71;9,12;8,6;14,34;14,27;12,8;7,74;4,58;16,1;7,11;8,26;14,79;sport_et_sciences_du_mouvement
10,64;8,61;8,72;13,77;13,4;13,46;19,59;8,87;8,1;9,05;9,53;11,82;8,44;8,87;8,4;traduction_et_interpretariat
18,87;14,7;9,88;14,49;10,71;9,98;12,86;15,42;3,62;20,0;12,04;11,23;10,28;18,2;6,48;cybersecurite_et_reseaux
17,52;11,06;10,66;13,06;13,15;7,6;12,56;16,54;9,46;16,79;16,3;12,19;7,78;16,67;10,02;sciences_actuarielles_et_statistiques
13,33;10,37;14,69;10,08;13,03;7,47;9,8;12,96;19,43;10,88;10,17;14,34;9,95;13,02;18,43;sciences_veterinaires
14,73;16,59;20,0;12,27;10,75;13,21;16,19;14,68;19,54;13,09;8,64;13,81;10,37;10,12;19,65;medecine_et_sante
9,73;10,25;8,18;17,01;11,93;11,95;17,7;11,23;9,9;12,04;8,43;12,88;10,67;10,2;6,09;traduction_et_interpretariat
11,5;14,05;10,98;10,26;12,43;9,65;14,2;13,37;14,7;9,28;8,22;20,0;9,94;10,85;17,13;sport_et_sciences_du_mouvement
8,25;10,08;10,38;17,05;13,61;14,9;17,49;10,92;11,59;10,2;9,75;13,58;12,78;7,24;11,99;langues_et_communication
14,52;17,26;19,09;12,63;10,78;15,21;13,22;12,05;18,69;12,68;10,87;13,35;12,52;12,75;16,97;medecine_et_sante
9,07;6,93;12,54;15,12;19,32;19,82;10,91;12,88;12,15;8,61;9,79;8,7;8,89;14,53;9,79;sciences_sociales_et_sociologie
16,09;17,07;12,27;10,71;8,66;10,37;14,12;14,74;8,51;13,37;12,18;15,99;20,0;11,43;8,04;genie_civil_et_construction
7,82;9,84;9,51;16,36;15,19;16,5;12,85;14,86;13,27;5,42;12,32;11,51;12,14;10,89;8,88;sciences_sociales_et_sociologie
10,47;7,22;9,25;15,32;18,14;16,57;13,5;15,68;9,49;13,31;14,26;15,08;11,74;11,16;7,07;sciences_sociales_et_sociologie
17,94;19,21;15,29;11,53;10,37;7,12;11,93;16,47;9,54;13,89;10,4;11,37;19,97;14,04;7,0;genie_mecanique_et_industriel
16,35;16,08;15,44;16,36;7,89;4,88;18,77;15,91;12,8;18,45;13,28;9,65;13,12;17,23;9,21;informatique_administration_reseaux_et_ia
11,01;12,55;19,75;9,47;12,38;7,91;11,23;16,12;18,37;10,1;4,88;12,62;11,41;11,93;17,96;agronomie_et_environnement
14,29;14,21;11,65;11,49;13,64;12,67;15,13;14,08;5,91;11,61;8,86;8,07;19,18;12,12;6,56;urbanisme_et_amenagement_du_territoire
20,0;14,04;9,54;10,95;8,4;10,39;11,84;16,69;13,34;19,86;11,88;9,14;11,74;20,0;10,81;science_des_donnees_et_intelligence_artificielle
10,69;8,35;10,6;11,79;13,53;7,08;7,58;13,58;13,16;9,82;6,6;16,85;7,63;11,57;12,84;sport_et_sciences_du_mouvement
5,6;9,21;7,63;12,2;9,38;9,59;18,67;12,39;10,29;8,44;5,98;13,66;7,32;8,58;10,77;traduction_et_interpretariat
14,46;15,2;12,7;12,56;17,76;14,06;16,48;16,05;8,72;12,21;12,27;13,09;17,77;12,73;7,28;urbanisme_et_amenagement_du_territoire
14,27;12,14;15,78;10,39;15,79;8,85;12,28;12,28;17,78;13,01;9,79;13,2;8,28;11,11;19,3;agronomie_et_environnement
9,1;8,01;6,94;19,51;14,32;12,64;19,8;8,52;6,47;8,99;5,37;15,84;6,33;8,37;7,08;traduction_et_interpretariat
16,67;18,9;9,44;11,85;8,51;10,12;11,22;14,53;12,46;13,8;10,17;13,15;15,1;14,09;11,26;genie_civil_et_construction
17,54;11,05;13,76;13,1;12,63;8,77;16,9;15,08;8,07;11,77;19,65;11,34;8,12;16,39;9,49;finance_comptabilite_et_audit
13,62;16,64;18,08;12,45;7,85;14,0;11,88;16,28;15,14;14,15;11,62;11,9;6,43;11,81;18,53;medecine_et_sante
10,28;10,09;10,82;13,88;14,82;12,36;18,44;14,65;6,66;11,92;12,81;14,02;10,88;7,12;8,17;tourisme_et_hotellerie
14,4;14,82;11,26;11,68;15,34;11,06;13,23;14,78;8,87;12,0;13,16;10,53;19,35;13,57;5,71;urbanisme_et_amenagement_du_territoire
17,94;13,1;11,52;14,76;10,97;12,27;16,25;14,48;10,2;16,02;17,07;9,98;8,04;15,62;6,69;finance_comptabilite_et_audit
17,11;17,98;15,84;10,78;8,47;11,66;12,94;13,0;10,11;16,43;11,39;11,16;17,07;10,79;8,65;genie_civil_et_construction
12,48;12,42;10,19;13,29;14,94;7,28;9,34;14,89;8,34;13,19;10,42;11,75;18,3;12,93;10,3;urbanisme_et_amenagement_du_territoire
11,36;9,63;9,14;17,32;16,21;15,55;15,84;16,13;12,55;11,47;8,54;14,86;12,62;12,78;9,6;journalisme_et_medias
12,49;7,34;10,43;17,19;11,24;13,36;12,77;17,62;16,7;7,89;11,51;10,16;10,43;12,88;9,81;psychologie_et_sciences_de_l_education
8,36;9,26;12,31;16,02;19,16;14,58;11,51;14,37;13,33;11,05;11,8;10,22;10,76;11,34;10,46;sciences_sociales_et_sociologie
15,59;13,28;14,35;14,2;12,04;12,16;12,77;16,91;6,71;15,07;16,16;14,74;6,16;16,69;6,04;sciences_actuarielles_et_statistiques
14,34;13,4;16,47;13,31;14,66;9,36;12,53;14,05;17,04;9,82;10,69;18,2;7,2;13,36;16,47;agronomie_et_environnement
18,28;20,0;14,45;12,81;10,76;9,46;13,3;15,5;10,37;16,48;11,67;12,98;15,81;11,99;5,08;genie_civil_et_construction
15,15;13,44;15,02;14,23;14,13;10,74;18,94;14,43;6,52;12,58;17,34;12,12;8,75;17,13;7,94;finance_comptabilite_et_audit
12,11;6,75;8,18;18,94;19,08;15,9;18,19;12,77;12,67;8,96;12,39;11,65;12,65;10,13;9,38;droit_et_sciences_politiques
16,7;17,9;13,96;10,9;8,88;10,28;9,91;16,05;13,87;16,24;11,15;11,83;15,96;11,32;6,69;genie_civil_et_construction
17,55;17,15;14,47;11,2;10,86;13,09;10,49;15,92;11,89;16,62;13,34;10,02;11,78;18,87;10,55;informatique_administration_reseaux_et_ia
7,62;7,91;7,04;18,15;16,15;16,78;14,47;10,67;3,45;8,57;10,18;10,66;9,68;8,13;8,42;journalisme_et_medias
17,49;19,95;13,98;9,55;9,51;9,86;11,26;19,19;8,34;15,64;7,15;9,34;16,95;13,18;9,04;genie_electrique_et_electronique
15,72;9,6;12,31;13,32;17,37;11,83;13,07;12,11;10,07;11,57;17,64;9,47;9,55;15,34;7,13;economie_et_gestion
16,49;17,65;12,19;10,87;8,08;10,35;10,86;14,19;12,14;13,34;10,02;13,99;16,84;14,22;8,13;genie_civil_et_construction
15,88;14,62;17,89;11,36;8,68;14,09;15,79;14,14;17,67;8,87;5,08;13,99;6,1;12,31;20,0;medecine_et_sante
13,73;14,57;17,65;13,93;13,57;8,87;10,53;8,45;14,54;10,2;9,35;15,11;11,93;12,14;14,82;agronomie_et_environnement
10,21;6,75;9,94;16,69;16,29;16,14;16,94;14,6;7,69;11,63;10,46;12,46;11,98;8,83;7,05;journalisme_et_medias
10,23;11,2;7,42;17,91;12,54;13,67;19,16;14,12;11,89;14,25;10,35;12,35;10,81;7,0;6,78;traduction_et_interpretariat
16,05;19,95;15,03;8,21;10,98;5,4;11,76;19,65;10,31;14,51;10,48;10,86;15,73;16,74;9,83;genie_electrique_et_electronique
15,37;12,05;12,65;13,47;11,52;12,21;16,63;14,59;10,61;12,08;19,24;10,89;6,76;15,83;7,79;finance_comptabilite_et_audit
15,04;18,18;19,51;13,54;10,67;12,24;16,5;13,44;18,87;12,48;8,43;12,19;7,7;11,07;20,0;medecine_et_sante
7,27;7,97;5,81;18,0;14,7;17,16;15,81;13,47;7,53;9,46;13,53;12,24;7,54;8,27;8,01;journalisme_et_medias
13,46;16,56;18,01;9,27;12,57;11,16;11,02;13,48;18,17;13,54;10,72;11,56;10,43;10,75;16,59;medecine_et_sante
12,03;16,68;20,0;14,19;11,88;13,93;12,89;15,42;16,02;10,56;9,1;11,69;9,66;11,44;15,78;medecine_et_sante
12,4;12,95;10,16;15,57;10,83;9,87;6,73;9,92;11,87;12,29;10,48;14,92;16,09;12,92;10,25;urbanisme_et_amenagement_du_territoire
9,87;16,13;20,0;13,14;10,32;11,0;14,31;13,72;17,82;7,49;6,93;10,65;7,53;12,55;16,57;pharmacie
20,0;9,91;12,64;14,19;10,06;10,6;16,7;12,76;8,97;13,83;17,88;9,78;12,72;18,82;7,68;finance_comptabilite_et_audit
15,86;12,91;18,87;12,5;12,89;12,0;15,77;12,51;13,09;12,22;11,05;17,44;9,23;8,12;16,81;agronomie_et_environnement
14,79;15,83;12,59;6,84;12,92;9,69;12,89;17,67;4,56;19,51;11,6;12,43;6,25;13,19;6,57;cybersecurite_et_reseaux
15,59;9,33;13,5;12,74;13,52;10,41;15,68;13,02;11,78;14,32;18,18;11,55;8,29;15,9;13,4;economie_et_gestion
17,47;19,17;11,29;8,0;8,04;6,11;9,57;20,0;11,28;16,08;8,08;11,85;12,83;14,11;9,75;genie_electrique_et_electronique
10,44;5,96;12,54;15,57;17,23;16,12;16,51;10,58;9,52;10,46;15,82;15,52;9,85;9,87;9,45;droit_et_sciences_politiques
19,89;12,13;14,09;16,35;11,0;6,71;11,53;14,16;8,6;16,09;15,36;11,44;20,0;12,21;4,91;architecture_et_design_interieur
12,06;13,07;9,8;10,98;15,46;8,9;10,14;16,06;10,66;9,16;10,46;10,17;14,74;14,02;8,01;urbanisme_et_amenagement_du_territoire
17,33;19,35;12,74;8,41;11,63;12,51;15,87;11,96;11,06;12,0;9,55;12,82;14,01;14,91;7,87;genie_mecanique_et_industriel
7,64;16,4;19,81;12,77;8,36;12,38;14,55;14,62;18,01;11,97;6,66;11,12;8,41;8,08;15,7;pharmacie
13,24;13,61;18,95;14,31;10,47;13,61;15,08;13,9;18,71;14,28;9,63;12,22;9,57;11,45;17,05;biotechnologie_et_sciences_pharmaceutiques
15,28;16,62;9,42;10,48;15,13;12,94;13,54;18,34;9,6;10,74;10,0;10,87;15,45;9,93;10,64;architecture_et_design_interieur
5,61;8,17;8,48;16,45;14,87;15,41;17,71;11,62;9,45;8,19;7,42;13,95;9,67;7,15;10,12;langues_et_communication
12,71;7,14;9,27;19,3;12,05;15,13;14,29;18,68;15,4;10,26;12,52;16,18;9,24;12,97;11,86;psychologie_et_sciences_de_l_education
7,49;8,32;8,25;17,26;19,88;14,63;13,47;15,14;12,38;8,96;9,83;13,86;10,55;10,05;11,14;sciences_sociales_et_sociologie
14,87;14,95;9,21;15,15;10,79;10,98;12,61;14,81;11,0;11,29;6,88;7,92;17,77;12,85;7,97;architecture_et_design_interieur
18,4;15,87;12,73;9,86;12,58;10,96;15,75;13,92;7,19;17,0;16,9;12,14;10,21;17,96;5,89;sciences_actuarielles_et_statistiques
13,26;14,95;13,35;10,95;14,67;10,07;17,11;17,05;12,38;12,54;13,79;13,23;7,79;14,17;9,29;informatique_administration_reseaux_et_ia
7,54;8,55;11,96;15,97;16,56;15,56;15,01;13,41;9,44;9,65;11,99;11,67;7,04;7,17;9,34;droit_et_sciences_politiques
14,76;16,06;8,7;10,7;13,09;12,03;19,45;18,44;4,05;17,8;8,19;12,34;13,02;15,78;4,73;cybersecurite_et_reseaux
13,53;10,07;12,57;16,97;15,98;16,64;12,2;12,23;13,21;14,08;13,93;14,81;10,47;13,95;10,19;sciences_sociales_et_sociologie
15,91;17,42;17,96;13,03;10,19;11,98;15,06;16,32;8,84;20,0;11,18;10,41;14,01;14,85;5,21;informatique_administration_reseaux_et_ia
17,16;17,29;12,25;16,17;11,38;7,81;13,28;13,25;11,15;13,3;10,19;11,71;20,0;10,91;7,32;architecture_et_design_interieur
8,62;7,79;9,12;16,3;18,87;17,35;12,47;14,34;13,92;7,22;11,25;12,91;9,59;11,39;10,11;sciences_sociales_et_sociologie
10,54;9,16;10,59;11,46;16,61;17,44;15,6;15,59;11,92;7,91;15,92;16,54;7,15;10,23;10,16;commerce_international_et_logistique
13,22;14,3;18,08;14,89;13,46;11,94;12,73;8,83;17,9;13,89;8,9;12,68;11,62;9,34;19,78;biotechnologie_et_sciences_pharmaceutiques
10,72;7,06;9,84;16,7;12,9;15,38;13,42;17,97;15,41;9,81;9,92;9,99;8,5;12,53;9,27;psychologie_et_sciences_de_l_education
9,34;9,53;12,58;9,53;12,38;10,55;12,63;15,66;15,08;9,74;10,5;16,84;9,95;7,85;13,58;sport_et_sciences_du_mouvement
15,31;9,1;11,2;15,73;17,89;12,11;17,34;12,96;8,89;12,47;13,79;13,48;8,82;14,47;6,47;commerce_international_et_logistique
11,54;10,79;15,47;15,26;13,67;13,72;12,83;12,11;15,72;9,02;12,02;14,95;8,16;9,52;13,89;agronomie_et_environnement
12,12;10,5;7,42;9,33;12,23;6,94;11,5;16,37;15,09;10,84;7,95;16,35;9,26;7,3;12,01;sport_et_sciences_du_mouvement
10,82;6,48;10,78;15,3;14,67;14,34;18,47;13,82;10,1;10,23;11,21;12,07;11,11;13,46;8,15;journalisme_et_medias
16,84;19,31;16,62;9,74;15,78;13,45;18,89;17,14;8,35;18,93;8,29;11,93;13,73;17,43;7,08;informatique_administration_reseaux_et_ia
12,87;9,67;10,02;8,92;11,64;9,22;12,34;11,45;14,08;10,33;10,46;20,0;9,57;11,79;12,51;sport_et_sciences_du_mouvement
17,59;14,33;12,93;14,41;10,12;7,6;12,9;13,86;9,32;13,1;10,23;9,81;19,03;10,93;6,28;architecture_et_design_interieur
17,96;16,65;11,27;8,29;9,26;7,4;14,84;13,0;9,4;16,36;15,38;11,65;5,37;17,89;8,32;sciences_actuarielles_et_statistiques
8,22;8,86;11,02;18,22;15,68;14,19;15,51;11,49;9,28;9,51;9,17;9,42;7,31;5,85;9,03;traduction_et_interpretariat
13,44;15,75;18,25;15,82;8,08;12,87;14,28;13,75;17,46;10,04;8,18;15,75;8,27;17,13;18,53;biotechnologie_et_sciences_pharmaceutiques
16,13;11,72;10,96;12,91;8,36;9,25;12,38;13,03;11,82;10,01;9,98;8,74;19,13;12,24;6,66;architecture_et_design_interieur
8,85;7,69;8,93;17,81;14,8;17,88;14,29;10,59;9,98;9,02;12,63;12,55;7,99;10,53;8,33;droit_et_sciences_politiques
14,82;16,97;16,88;10,4;8,67;11,05;14,56;12,91;20,0;11,44;11,76;12,2;9,09;13,89;20,0;biotechnologie_et_sciences_pharmaceutiques
20,0;11,6;11,28;10,69;11,64;3,42;15,99;13,82;13,55;16,54;16,78;11,28;3,45;19,11;9,65;sciences_actuarielles_et_statistiques
11,66;12,1;18,45;14,41;11,85;13,29;9,98;11,96;18,33;13,48;11,46;16,56;11,3;11,15;18,48;agronomie_et_environnement
18,1;20,0;12,96;9,48;11,69;11,44;14,5;13,48;8,62;12,99;9,83;4,47;20,0;15,85;7,96;genie_mecanique_et_industriel
15,06;8,59;12,36;15,32;17,11;14,92;12,88;13,73;13,73;12,44;13,73;10,95;11,73;16,55;10,02;sciences_sociales_et_sociologie
19,07;19,51;11,72;12,49;8,93;7,97;10,59;17,08;10,56;17,44;9,8;9,75;14,87;14,36;8,24;genie_electrique_et_electronique
17,08;14,95;13,09;13,31;11,15;9,34;13,91;15,17;9,58;12,47;10,07;11,05;19,98;12,93;9,76;architecture_et_design_interieur
18,93;15,76;11,6;9,82;12,34;9,35;13,35;17,46;10,01;13,5;12,65;9,25;18,92;13,27;5,87;genie_civil_et_construction
11,88;17,54;17,1;12,66;10,05;11,94;14,36;14,32;16,84;11,55;8,43;15,12;9,57;10,61;17,64;sciences_veterinaires
15,91;20,0;14,38;14,1;9,88;12,54;14,83;15,12;10,61;14,44;8,45;10,67;18,34;11,89;7,39;genie_mecanique_et_industriel
9,89;6,72;13,03;15,27;17,59;17,36;11,39;14,94;12,01;13,6;13,76;13,28;9,98;13,18;11,34;sciences_sociales_et_sociologie
14,52;11,53;17,38;11,53;15,75;7,95;12,95;13,88;17,5;9,64;10,48;14,8;9,45;9,91;16,23;agronomie_et_environnement
17,84;15,4;15,38;11,8;8,53;11,27;14,35;16,42;11,96;19,02;11,78;8,83;12,29;13,78;10,7;informatique_administration_reseaux_et_ia
14,37;14,31;12,32;13,45;10,49;10,94;14,18;14,82;10,83;9,34;8,46;8,96;15,84;10,05;7,38;architecture_et_design_interieur
12,68;9,78;12,19;11,85;16,0;16,51;15,5;13,57;12,77;10,59;15,53;14,26;7,6;12,74;9,6;commerce_international_et_logistique
8,68;5,35;5,13;18,38;15,61;16,99;14,26;9,91;9,2;8,24;13,99;12,23;9,29;11,24;9,67;droit_et_sciences_politiques
7,25;8,69;11,6;14,42;12,01;16,33;13,64;15,22;15,86;8,08;9,01;12,96;9,11;13,68;13,97;psychologie_et_sciences_de_l_education
3,43;7,58;10,58;16,88;19,29;16,81;17,66;15,79;10,77;9,0;9,38;11,39;8,42;8,46;10,64;journalisme_et_medias
13,82;10,79;12,4;15,07;17,39;11,93;17,65;15,53;9,71;10,0;18,55;9,63;9,64;9,96;8,31;commerce_international_et_logistique
10,62;11,0;7,75;7,92;11,78;7,71;15,1;13,37;12,83;10,6;7,95;17,51;9,3;9,99;11,24;sport_et_sciences_du_mouvement
14,27;10,47;18,19;9,12;11,84;11,05;10,3;8,56;17,31;9,47;11,89;11,63;4,77;13,33;17,31;biotechnologie_et_sciences_pharmaceutiques
12,93;9,68;10,45;16,42;18,55;12,02;16,56;11,74;7,85;12,83;12,36;12,82;12,04;12,05;7,86;tourisme_et_hotellerie
13,95;16,63;17,65;9,94;10,72;9,41;14,66;14,73;17,05;11,85;6,47;9,77;9,78;10,27;19,09;biotechnologie_et_sciences_pharmaceutiques
12,7;16,16;18,1;11,41;13,78;10,74;11,53;11,25;14,18;10,53;7,82;11,16;7,0;8,51;17,01;pharmacie
17,36;10,11;12,72;10,65;11,61;12,42;17,11;13,67;12,2;12,58;17,58;11,53;7,38;15,75;11,68;finance_comptabilite_et_audit
16,93;12,47;17,74;14,55;16,86;8,91;10,74;13,55;17,26;12,73;11,33;12,12;8,99;15,32;16,69;agronomie_et_environnement
11,5;6,16;9,5;19,33;16,79;15,76;16,81;13,49;10,19;13,25;12,88;11,76;11,73;12,3;10,39;journalisme_et_medias
14,82;16,05;17,34;10,32;14,31;6,8;16,33;10,85;17,16;12,07;10,33;13,11;6,69;14,48;17,81;biotechnologie_et_sciences_pharmaceutiques
10,95;8,9;10,7;16,85;19,46;16,54;11,51;13,13;12,07;13,99;10,27;13,81;8,31;13,31;12,21;sciences_sociales_et_sociologie
10,57;13,59;15,14;12,71;7,42;10,32;14,11;14,06;18,84;8,83;8,39;13,95;11,24;11,06;16,13;sciences_veterinaires
8,6;8,17;8,8;13,72;12,34;13,56;16,49;11,55;6,88;8,29;10,22;11,31;8,48;9,46;7,26;traduction_et_interpretariat
18,88;17,67;12,04;12,12;12,09;10,27;15,36;10,62;12,89;11,31;8,36;11,57;18,73;15,2;10,67;genie_mecanique_et_industriel
14,8;15,69;17,02;14,62;10,6;15,66;15,1;15,04;17,45;12,07;9,86;13,41;12,6;11,62;16,81;medecine_et_sante
10,83;5,99;8,48;17,62;15,74;9,28;20,0;12,42;10,71;12,27;15,05;15,34;13,41;10,12;8,39;tourisme_et_hotellerie
14,97;10,86;12,26;13,86;17,55;8,9;17,78;14,06;8,83;12,64;14,61;13,92;8,45;15,77;9,59;commerce_international_et_logistique
14,97;8,93;8,89;16,81;16,37;10,81;20,0;14,19;9,37;12,91;18,14;14,62;10,07;13,28;7,97;commerce_international_et_logistique
16,69;9,25;13,58;11,88;13,05;12,02;16,8;15,55;11,12;13,4;18,01;12,15;7,83;15,18;9,15;finance_comptabilite_et_audit
11,23;5,24;9,0;17,51;17,19;12,58;17,1;14,9;6,89;11,09;12,83;15,01;9,71;10,12;5,3;tourisme_et_hotellerie
14,11;15,69;19,75;10,03;11,71;11,94;10,23;12,27;17,21;10,52;10,77;9,51;6,86;10,86;17,12;pharmacie
15,9;18,36;14,79;12,61;13,66;10,99;16,62;16,69;12,73;20,0;10,19;6,91;11,98;16,21;9,79;informatique_administration_reseaux_et_ia
18,85;16,18;12,16;10,95;10,59;11,55;13,98;15,36;11,93;14,2;8,75;12,97;17,81;15,5;7,04;genie_civil_et_construction
16,54;16,01;14,66;12,76;10,41;11,26;14,57;14,81;8,49;12,36;9,51;10,21;19,98;12,43;9,92;architecture_et_design_interieur
19,83;15,35;11,1;10,94;13,39;8,93;15,19;12,65;8,67;17,79;14,58;8,31;7,24;17,42;6,05;sciences_actuarielles_et_statistiques
12,23;14,94;11,19;12,71;17,6;12,85;14,1;15,42;9,39;12,15;13,14;12,54;17,14;11,49;7,85;urbanisme_et_amenagement_du_territoire
11,23;10,26;16,58;11,47;11,49;8,99;13,13;17,05;19,53;9,22;9,68;17,1;8,15;11,07;17,49;agronomie_et_environnement
16,46;13,73;10,69;12,58;7,71;11,73;10,23;16,23;7,58;19,57;12,84;9,98;7,84;16,79;7,13;cybersecurite_et_reseaux
19,52;12,8;16,58;8,55;16,72;8,7;9,23;9,87;19,16;15,07;11,77;15,56;11,47;16,06;19,37;medecine_et_sante
18,49;11,82;12,63;10,65;10,9;8,54;15,92;15,06;8,15;19,2;11,54;8,16;11,12;18,32;6,83;science_des_donnees_et_intelligence_artificielle
15,89;18,34;12,11;10,9;10,84;9,28;12,08;15,89;11,55;11,85;9,54;16,47;14,84;9,88;11,49;genie_civil_et_construction
8,36;8,25;9,19;12,66;13,95;15,95;14,85;18,85;14,74;7,49;7,94;11,91;7,5;8,99;11,66;psychologie_et_sciences_de_l_education
13,55;16,77;12,24;12,12;16,25;12,63;11,83;15,43;9,23;14,74;13,81;11,91;16,74;14,85;5,16;urbanisme_et_amenagement_du_territoire
18,45;19,64;12,56;11,78;10,78;14,82;14,1;16,17;10,19;12,95;12,55;5,36;16,83;14,82;10,6;genie_electrique_et_electronique
16,17;14,51;17,5;5,88;12,24;6,48;10,77;10,62;18,07;10,55;9,93;9,61;12,77;13,59;20,0;pharmacie
11,2;14,25;19,92;10,25;11,87;8,21;13,82;10,9;16,37;9,05;5,85;13,15;6,17;11,96;17,99;pharmacie
19,83;17,92;13,35;12,1;10,11;11,23;13,91;14,59;13,31;18,51;11,74;8,88;9,53;18,69;9,84;science_des_donnees_et_intelligence_artificielle
12,13;9,5;9,94;16,65;15,29;13,43;17,35;14,49;8,61;8,8;14,08;13,59;12,2;7,38;9,59;tourisme_et_hotellerie
17,62;19,46;13,42;10,57;9,62;8,62;14,34;16,94;10,97;15,4;8,34;11,5;16,0;16,72;9,23;genie_electrique_et_electronique
18,66;19,78;11,69;10,32;7,24;8,35;11,4;19,54;6,85;16,48;10,86;8,65;12,48;16,88;8,74;genie_electrique_et_electronique
14,89;10,25;13,67;14,71;15,0;13,9;14,93;14,68;13,02;12,57;15,44;9,75;11,31;14,92;10,43;economie_et_gestion
11,29;14,92;12,73;13,42;9,55;10,07;14,81;13,9;19,83;12,53;10,94;14,34;9,76;8,3;18,32;sciences_veterinaires
16,52;17,05;12,08;10,74;16,78;11,24;18,19;14,14;2,65;13,65;10,12;7,98;19,4;16,78;4,4;urbanisme_et_amenagement_du_territoire
13,47;14,44;10,9;11,39;13,24;10,25;12,11;14,04;8,05;11,86;9,0;12,69;16,93;15,3;13,31;urbanisme_et_amenagement_du_territoire
11,38;14,66;13,94;15,09;4,52;15,31;15,91;14,63;20,0;10,82;7,59;14,64;8,53;11,05;19,54;sciences_veterinaires
13,86;17,02;18,57;13,75;11,42;13,26;12,16;13,88;17,06;11,87;11,29;11,27;9,01;10,48;20,0;pharmacie
18,21;19,55;14,11;11,13;12,43;6,55;16,27;12,31;4,69;14,2;8,37;11,44;16,18;15,33;5,34;genie_electrique_et_electronique
6,67;8,64;6,98;18,4;19,1;15,44;16,84;11,43;7,02;11,8;12,94;10,76;10,28;9,73;9,88;journalisme_et_medias
10,14;8,71;8,38;17,32;18,91;16,01;13,53;15,64;12,32;10,44;12,15;15,12;9,3;11,8;14,34;sciences_sociales_et_sociologie
9,97;8,43;10,6;20,0;16,23;10,14;17,37;15,31;7,07;8,91;13,16;14,26;7,36;8,32;9,03;tourisme_et_hotellerie
17,26;18,72;11,36;11,58;12,21;7,86;12,34;12,46;11,96;13,75;9,29;9,31;17,45;14,15;11,54;genie_mecanique_et_industriel
17,91;19,37;10,2;11,64;11,8;11,68;11,05;14,97;11,87;14,69;9,94;14,2;15,48;15,32;9,22;genie_civil_et_construction
14,06;11,18;9,93;14,96;16,07;11,39;19,13;13,09;12,17;13,36;18,22;12,0;5,83;14,38;8,61;commerce_international_et_logistique
17,89;14,34;14,4;14,01;12,06;6,88;16,57;12,87;6,59;15,03;13,13;11,86;8,1;16,15;4,75;sciences_actuarielles_et_statistiques
18,25;19,3;13,09;11,96;8,07;8,42;11,6;15,87;7,48;14,27;8,59;13,38;18,02;14,73;6,43;genie_electrique_et_electronique
12,63;15,85;19,41;14,5;8,24;15,71;15,19;14,57;19,1;11,3;8,94;12,12;11,93;10,64;17,19;medecine_et_sante
13,03;18,73;10,98;10,59;9,62;8,62;19,07;15,55;3,95;17,54;8,6;13,81;9,87;12,99;5,53;cybersecurite_et_reseaux
11,77;8,62;10,3;14,12;13,43;19,44;12,84;18,05;11,5;9,59;8,44;12,48;10,7;11,71;13,19;psychologie_et_sciences_de_l_education
8,24;7,87;12,1;16,22;16,74;19,11;10,63;15,04;11,9;9,29;9,9;17,61;8,89;11,65;11,53;sciences_sociales_et_sociologie
13,31;16,15;16,4;12,97;16,85;9,06;13,56;18,1;17,13;11,44;15,36;17,42;10,07;9,26;16,92;agronomie_et_environnement
16,54;18,35;11,55;10,56;13,4;10,44;14,03;17,48;10,99;12,67;8,63;12,48;16,04;14,52;6,99;genie_civil_et_construction
15,75;10,53;11,79;13,47;13,77;14,14;15,95;17,14;10,47;13,75;16,94;10,19;7,67;15,13;9,25;finance_comptabilite_et_audit
9,86;10,78;10,09;9,59;12,51;10,93;13,22;15,06;14,14;8,9;8,18;16,8;10,38;9,4;11,94;sport_et_sciences_du_mouvement
8,16;6,79;8,77;17,16;11,54;12,48;18,36;11,17;8,52;10,03;11,17;11,72;9,26;7,77;7,54;traduction_et_interpretariat
11,25;10,87;12,88;13,69;11,65;11,83;11,17;12,36;12,32;11,64;11,96;20,0;7,11;8,22;14,92;sport_et_sciences_du_mouvement
9,14;7,29;9,82;15,7;15,34;11,44;17,3;13,24;11,7;10,68;12,53;14,63;10,26;8,57;11,46;tourisme_et_hotellerie
8,94;6,93;10,36;12,89;18,4;20,0;15,5;16,2;11,13;14,4;10,44;13,25;10,0;11,71;10,27;sciences_sociales_et_sociologie
18,29;16,33;17,78;10,16;6,39;10,92;12,78;19,36;6,88;20,0;12,23;11,83;11,23;12,1;3,74;informatique_administration_reseaux_et_ia
13,9;16,5;19,91;10,27;13,53;5,93;15,42;14,13;16,0;11,63;10,27;12,03;10,48;14,1;14,22;pharmacie
10,27;9,75;10,24;18,1;19,64;16,09;16,71;12,1;10,19;13,25;11,8;13,68;11,59;9,25;11,01;journalisme_et_medias
12,34;16,64;19,22;11,94;7,03;13,52;14,09;12,84;17,2;8,27;6,16;8,87;8,41;11,19;20,0;biotechnologie_et_sciences_pharmaceutiques
12,6;19,12;20,0;14,75;8,94;9,9;13,37;12,12;19,66;10,98;8,65;12,28;10,76;12,49;18,89;pharmacie
12,89;12,13;10,33;13,96;13,19;11,87;15,33;14,25;10,78;9,69;10,24;18,52;9,31;9,7;13,29;sport_et_sciences_du_mouvement
9,35;12,51;8,74;12,75;7,44;9,68;13,97;12,06;10,77;4,91;8,52;16,58;9,38;8,23;13,17;sport_et_sciences_du_mouvement
9,68;5,9;10,59;17,32;16,58;17,28;14,7;11,04;8,9;10,54;14,07;8,62;11,0;10,14;10,09;droit_et_sciences_politiques
16,34;11,14;9,89;9,05;12,44;10,71;12,65;18,53;10,23;16,36;15,13;7,91;7,56;16,56;6,03;sciences_actuarielles_et_statistiques
17,02;19,19;14,37;11,85;9,07;8,02;9,76;14,17;10,43;16,37;12,54;16,54;17,59;14,31;6,25;genie_civil_et_construction
13,76;16,32;10,73;15,44;16,52;9,94;14,21;14,52;9,16;12,2;13,17;10,43;15,85;16,49;7,31;urbanisme_et_amenagement_du_territoire
8,07;5,7;7,71;17,05;20,0;17,28;18,0;11,79;10,93;12,35;9,91;10,52;11,11;9,63;9,79;journalisme_et_medias
18,42;15,19;11,64;9,38;9,81;10,24;13,23;17,06;10,64;19,69;10,05;10,62;7,88;17,13;8,71;science_des_donnees_et_intelligence_artificielle
10,84;8,5;9,66;14,76;15,19;10,22;15,74;15,75;10,66;8,38;16,58;11,16;7,24;11,43;9,9;commerce_international_et_logistique
16,32;17,69;14,13;13,05;10,7;9,87;11,96;16,09;11,08;12,15;7,71;14,83;15,58;12,37;5,84;genie_civil_et_construction
20,0;17,16;10,11;11,7;10,56;12,13;14,94;13,31;12,2;19,11;7,67;9,91;9,25;17,29;12,38;science_des_donnees_et_intelligence_artificielle
17,98;20,0;13,91;13,78;12,81;10,99;16,14;12,07;8,92;16,64;8,22;8,74;16,59;14,83;7,27;genie_electrique_et_electronique
16,42;10,48;13,38;14,35;12,94;11,64;14,31;17,21;10,46;13,71;17,7;17,88;8,45;15,8;9,98;economie_et_gestion
17,92;19,35;13,04;11,21;9,09;9,2;8,26;15,01;8,43;11,66;8,5;12,81;16,36;13,4;4,39;genie_mecanique_et_industriel
18,63;15,32;12,86;8,7;9,11;10,03;14,55;20,0;6,51;20,0;9,15;9,2;13,68;16,47;7,99;science_des_donnees_et_intelligence_artificielle
14,9;15,6;8,5;9,32;14,41;6,51;16,0;18,29;6,57;19,09;10,0;11,73;11,43;11,54;7,23;cybersecurite_et_reseaux
7,12;4,09;8,64;17,9;8,9;11,9;18,01;13,19;9,1;10,11;8,39;14,58;5,79;9,79;11,13;langues_et_communication
7,71;8,99;7,02;19,01;16,78;18,09;12,85;11,29;10,39;6,83;8,72;9,11;9,2;9,59;9,27;droit_et_sciences_politiques
15,94;10,17;10,89;13,43;16,67;13,61;15,35;15,77;6,37;13,27;18,58;15,19;7,21;16,14;10,2;economie_et_gestion
15,32;16,46;11,2;13,39;10,93;7,64;10,99;15,39;7,81;15,09;13,01;12,19;16,26;8,91;8,12;architecture_et_design_interieur
9,61;3,86;7,52;18,03;16,13;19,61;16,12;10,75;9,85;4,79;13,92;17,07;9,83;10,11;8,38;droit_et_sciences_politiques
7,29;6,14;9,29;15,65;16,48;12,76;18,37;15,1;12,62;9,2;9,92;11,69;9,03;8,6;8,66;langues_et_communication
9,02;10,03;12,14;15,6;11,64;15,1;13,02;14,81;14,51;9,01;8,9;13,28;8,31;14,83;9,33;psychologie_et_sciences_de_l_education
15,94;13,14;11,86;13,03;13,68;8,58;14,03;17,01;8,62;10,15;16,84;10,71;9,48;16,78;6,97;finance_comptabilite_et_audit
17,27;10,32;10,96;11,97;7,43;11,3;16,09;16,08;8,62;13,55;16,29;11,85;6,31;17,89;8,67;sciences_actuarielles_et_statistiques
12,16;14,52;8,38;12,75;12,63;11,03;10,37;11,7;10,88;9,2;9,83;12,14;9,67;13,3;7,67;urbanisme_et_amenagement_du_territoire
9,14;6,56;10,21;16,29;19,1;10,95;17,24;14,03;10,63;10,55;15,85;17,24;8,36;8,44;10,51;tourisme_et_hotellerie
17,52;15,07;12,39;11,45;12,93;7,04;12,62;15,45;8,71;17,34;13,22;11,02;11,82;18,73;8,98;sciences_actuarielles_et_statistiques
16,94;8,48;12,71;11,16;18,24;11,17;15,35;14,36;10,91;15,76;16,08;10,83;6,65;14,52;7,67;economie_et_gestion
9,75;9,88;10,19;17,92;10,82;15,63;12,01;15,72;14,84;11,02;9,69;13,63;9,6;11,37;10,36;psychologie_et_sciences_de_l_education
17,2;17,51;12,77;12,87;9,81;8,61;14,6;14,38;8,81;14,07;10,34;9,99;14,76;13,19;7,09;architecture_et_design_interieur
18,57;16,16;12,57;9,92;9,81;13,88;15,82;14,3;9,7;17,15;16,0;12,22;7,46;19,81;9,13;sciences_actuarielles_et_statistiques
20,0;15,44;10,91;13,9;9,05;12,06;15,67;15,04;10,62;19,49;11,66;10,9;8,56;18,76;7,48;science_des_donnees_et_intelligence_artificielle
5,4;5,49;8,88;16,99;10,36;12,38;17,53;8,87;8,33;7,46;9,69;8,45;7,03;7,37;9,82;langues_et_communication
16,79;13,8;9,55;12,23;13,23;12,37;14,13;16,76;10,73;12,48;15,8;11,32;6,13;18,91;6,52;sciences_actuarielles_et_statistiques
15,76;17,73;12,32;8,2;10,57;12,18;13,24;16,18;12,35;13,34;7,51;14,41;15,6;13,48;10,49;genie_civil_et_construction
8,63;7,29;8,0;17,31;19,25;16,57;17,19;10,55;8,81;9,05;11,09;12,43;6,29;8,71;9,21;droit_et_sciences_politiques
19,69;19,83;11,12;9,91;12,18;8,16;11,73;15,33;9,99;18,26;7,66;12,3;18,22;16,56;6,67;genie_electrique_et_electronique
20,0;19,77;12,02;14,1;8,3;8,93;13,85;14,92;8,93;19,08;11,74;10,79;9,06;18,32;8,97;science_des_donnees_et_intelligence_artificielle
10,92;16,25;20,0;10,42;10,9;8,88;10,12;11,7;17,92;7,36;7,44;12,17;4,54;8,66;18,07;pharmacie
5,62;9,35;10,8;15,45;11,67;17,01;13,69;17,84;17,19;10,09;7,42;13,43;10,47;8,58;13,71;psychologie_et_sciences_de_l_education
17,42;18,85;10,51;10,38;8,35;11,91;12,47;13,8;10,63;11,06;9,21;12,81;13,73;14,12;8,54;genie_civil_et_construction
12,84;16,56;19,46;13,26;9,0;12,61;14,75;14,5;18,59;12,48;10,21;11,3;9,97;11,13;18,37;biotechnologie_et_sciences_pharmaceutiques
15,76;20,0;16,91;9,47;11,01;10,18;20,0;17,08;4,94;20,0;12,01;11,91;13,5;15,88;7,2;informatique_administration_reseaux_et_ia
12,08;17,16;18,48;14,65;8,24;11,96;14,41;14,27;18,46;9,55;7,81;9,67;7,46;11,95;17,65;biotechnologie_et_sciences_pharmaceutiques
16,61;10,99;11,32;12,6;12,19;16,58;13,15;18,27;6,93;10,92;18,3;11,57;10,52;17,74;5,46;finance_comptabilite_et_audit
10,45;9,32;10,76;13,56;18,24;9,96;20,0;11,74;12,77;9,92;11,77;13,68;14,42;8,67;14,63;tourisme_et_hotellerie
14,19;14,14;19,56;12,24;15,53;11,31;9,85;12,56;16,58;14,37;9,01;11,45;10,76;10,41;19,75;medecine_et_sante
12,14;13,81;15,13;16,11;12,41;12,16;14,97;11,66;16,43;8,01;11,84;15,67;8,35;10,56;19,3;agronomie_et_environnement
18,15;13,04;13,03;12,86;9,94;9,01;17,21;13,41;8,67;15,18;14,4;10,36;6,82;17,35;7,9;sciences_actuarielles_et_statistiques
17,31;17,28;10,69;6,92;8,76;7,47;16,57;18,78;13,27;19,7;10,87;13,19;10,3;18,2;6,56;cybersecurite_et_reseaux
13,97;16,64;8,15;14,16;10,71;13,62;13,24;15,73;9,08;11,82;6,63;12,85;17,56;14,15;7,62;architecture_et_design_interieur
5,61;6,7;8,32;17,28;13,1;12,53;18,44;12,28;10,51;8,19;8,85;10,5;7,15;7,8;8,55;traduction_et_interpretariat
17,36;15,27;11,01;13,25;9,91;8,8;12,24;14,67;11,04;14,07;8,39;11,84;18,35;14,25;6,03;architecture_et_design_interieur
5,61;5,27;8,09;14,37;10,24;10,66;19,65;10,23;7,99;8,81;10,2;14,59;7,9;8,12;11,1;traduction_et_interpretariat
16,23;18,16;12,16;13,5;10,05;8,53;11,26;13,24;13,58;15,16;7,49;15,76;16,76;14,59;10,49;genie_civil_et_construction
13,31;17,31;14,33;10,4;15,03;7,35;17,69;15,15;7,44;17,59;9,13;5,68;12,74;12,4;5,96;informatique_administration_reseaux_et_ia
13,47;8,91;12,15;11,11;10,85;10,61;10,38;13,37;18,49;8,97;10,98;11,08;8,98;13,23;17,33;sciences_veterinaires
12,26;17,68;19,71;12,73;8,17;10,44;18,27;13,96;17,78;9,68;8,64;11,05;8,89;13,49;15,2;pharmacie
6,54;6,76;7,13;16,21;14,97;14,86;16,59;15,35;8,3;10,55;8,38;12,54;8,43;7,41;7,45;journalisme_et_medias
9,61;9,95;6,79;12,62;12,96;7,51;10,29;14,11;12,21;5,94;9,03;17,99;8,29;9,65;12,11;sport_et_sciences_du_mouvement
12,72;13,49;14,12;12,59;11,17;9,34;12,55;13,98;19,55;11,23;9,16;12,33;9,49;10,35;18,18;sciences_veterinaires
12,62;13,7;11,13;12,47;15,26;13,97;14,28;13,6;11,71;9,6;15,18;11,4;15,46;9,94;9,22;urbanisme_et_amenagement_du_territoire
11,49;14,7;18,81;14,4;7,7;9,91;15,67;11,96;18,16;9,25;7,93;12,88;6,6;11,55;17,2;pharmacie
11,94;14,94;17,5;12,65;13,15;9,5;11,34;10,76;17,11;10,03;6,6;12,23;10,45;13,48;18,12;biotechnologie_et_sciences_pharmaceutiques
16,76;14,75;6,7;14,2;8,8;8,76;11,8;16,4;12,07;20,0;10,95;8,63;9,8;14,63;7,88;cybersecurite_et_reseaux
16,27;16,33;12,21;12,76;10,01;9,59;15,41;13,56;10,37;13,26;9,3;10,35;14,69;14,72;9,32;genie_civil_et_construction
11,11;10,63;14,15;8,78;11,4;9,35;10,83;12,81;19,2;10,53;6,37;10,45;8,53;11,85;19,78;sciences_veterinaires
10,39;10,0;9,63;9,85;7,84;10,97;18,28;13,78;13,3;9,14;11,35;18,43;6,39;8,66;13,88;sport_et_sciences_du_mouvement
11,22;6,38;9,04;15,06;14,9;17,45;17,13;12,5;9,83;10,67;9,06;12,33;11,12;11,31;9,99;journalisme_et_medias
11,21;9,69;9,03;9,49;13,05;13,31;17,28;18,61;14,47;7,06;11,53;16,23;10,28;9,87;13,47;sport_et_sciences_du_mouvement
11,97;14,65;20,0;9,02;12,74;11,26;14,89;12,27;17,31;11,4;6,1;10,91;10,38;14,39;18,63;biotechnologie_et_sciences_pharmaceutiques
7,15;3,4;7,08;13,82;13,94;12,09;18,08;11,21;9,13;9,72;9,8;15,26;9,16;11,0;12,42;langues_et_communication
15,66;15,33;16,68;10,55;14,44;11,51;13,16;10,04;18,53;11,08;7,38;14,22;8,11;12,25;17,11;medecine_et_sante
17,03;20,0;12,86;9,35;8,64;5,4;12,66;17,55;8,13;15,76;10,94;11,1;16,0;14,19;3,31;genie_electrique_et_electronique
16,04;8,28;9,57;12,34;17,12;13,51;13,1;16,23;10,09;10,94;15,54;11,55;10,93;18,3;9,09;economie_et_gestion
8,22;9,72;8,98;18,36;18,14;17,53;12,18;12,9;8,48;10,73;12,48;12,65;6,48;10,3;5,14;droit_et_sciences_politiques
19,58;19,93;14,71;12,43;9,16;10,34;10,81;16,06;8,85;16,94;8,78;12,37;19,11;13,99;9,04;genie_electrique_et_electronique
17,46;13,43;12,9;12,78;9,95;9,02;13,09;17,53;10,84;19,57;12,52;6,08;11,56;16,03;8,13;science_des_donnees_et_intelligence_artificielle
19,18;19,25;14,49;9,7;13,55;13,2;15,85;11,73;13,48;17,25;7,59;10,16;16,45;19,09;9,01;genie_electrique_et_electronique
8,35;7,06;8,02;17,42;10,64;12,7;19,35;11,25;10,34;9,52;9,02;13,19;9,95;7,64;8,96;traduction_et_interpretariat
11,36;15,18;19,11;14,1;13,0;11,54;11,18;14,52;17,51;12,42;10,27;8,46;7,04;13,42;17,21;biotechnologie_et_sciences_pharmaceutiques
14,01;16,72;11,02;13,22;9,47;8,66;16,98;16,4;8,43;14,22;13,74;13,25;9,77;11,87;9,52;informatique_administration_reseaux_et_ia
10,68;17,15;20,0;9,96;9,14;10,09;13,01;12,81;16,84;12,01;9,86;11,5;8,88;11,21;17,18;pharmacie
16,78;12,76;17,1;12,46;12,72;11,03;11,01;13,54;16,86;12,5;9,53;13,78;10,55;11,78;19,17;medecine_et_sante
17,34;18,78;10,76;10,14;10,3;12,37;14,87;14,92;10,23;12,17;10,25;17,27;14,92;12,07;9,6;genie_mecanique_et_industriel
7,57;15,68;20,0;13,45;9,5;14,19;14,17;14,68;17,28;10,13;8,66;12,15;7,71;9,52;17,94;pharmacie
14,25;19,09;18,17;13,59;11,85;8,49;12,81;12,91;19,1;13,68;9,07;7,6;10,09;12,37;15,06;pharmacie
14,85;17,12;18,4;9,22;11,36;10,21;14,25;11,84;18,36;13,11;10,52;12,64;8,87;9,98;18,43;medecine_et_sante
7,72;10,33;11,58;14,45;17,19;18,26;11,39;16,96;10,5;10,24;9,74;10,96;7,05;13,92;8,28;sciences_sociales_et_sociologie
14,32;15,78;19,43;11,18;11,85;10,29;15,69;13,22;17,95;9,34;9,89;10,97;7,46;11,94;17,69;medecine_et_sante
8,97;4,52;5,05;17,85;19,87;16,23;15,74;13,49;9,9;9,87;12,41;12,47;9,13;10,64;4,92;droit_et_sciences_politiques
16,94;12,53;11,09;14,0;10,98;9,95;15,46;15,64;9,22;12,48;19,86;11,36;9,38;16,27;11,3;finance_comptabilite_et_audit
17,22;17,92;12,26;11,71;12,04;10,79;13,81;17,02;11,61;13,68;12,28;12,26;15,89;13,95;10,24;genie_civil_et_construction
10,08;8,35;9,53;14,12;17,66;10,97;18,27;14,79;10,25;9,65;12,15;15,16;10,24;7,96;9,46;tourisme_et_hotellerie
10,91;8,16;11,2;15,08;15,78;18,4;14,46;14,3;11,37;10,31;11,07;11,84;10,12;13,73;9,53;sciences_sociales_et_sociologie
11,31;14,02;18,25;13,21;12,22;12,99;14,28;11,71;16,51;9,24;10,42;19,62;8,28;12,26;17,68;agronomie_et_environnement
14,85;16,26;18,44;9,79;14,91;11,59;13,01;12,16;15,64;11,9;7,9;14,83;6,25;13,95;16,86;medecine_et_sante
17,34;19,25;12,19;11,9;11,81;8,68;12,15;17,01;9,53;14,4;9,38;12,93;16,67;11,44;6,66;genie_civil_et_construction
15,74;11,94;10,8;12,88;14,39;12,03;17,22;13,95;10,86;12,2;13,28;13,16;11,61;13,54;9,5;commerce_international_et_logistique
15,75;9,27;9,54;14,26;15,23;10,83;17,61;16,38;8,26;14,29;16,73;13,54;8,49;14,49;7,58;commerce_international_et_logistique
16,49;20,0;11,91;13,85;9,05;9,71;14,02;15,02;9,58;14,99;9,02;10,28;11,29;14,08;7,18;genie_electrique_et_electronique
11,26;9,85;8,82;10,96;15,56;10,68;12,48;16,53;12,92;10,67;8,03;17,41;8,78;10,26;11,48;sport_et_sciences_du_mouvement
12,05;3,46;8,25;19,59;16,68;16,32;13,15;13,15;10,41;8,07;15,68;15,28;6,31;9,76;10,53;droit_et_sciences_politiques
9,19;8,26;10,02;16,07;13,84;8,88;18,44;14,51;11,6;10,49;12,07;13,32;7,9;8,81;10,33;tourisme_et_hotellerie
11,23;11,46;15,04;12,76;10,1;10,36;15,24;14,4;18,21;8,99;12,02;15,24;10,86;11,8;17,49;sciences_veterinaires
9,58;12,3;10,79;14,22;9,8;11,61;11,64;9,98;12,31;8,67;10,17;20,0;7,23;10,56;13,74;sport_et_sciences_du_mouvement
12,36;11,35;11,19;13,26;15,32;11,23;9,97;13,15;11,28;11,41;13,23;14,26;17,71;11,6;11,61;urbanisme_et_amenagement_du_territoire
16,95;18,03;11,93;10,79;12,14;12,07;15,47;16,77;9,46;13,48;6,82;11,36;19,57;12,54;7,48;architecture_et_design_interieur
15,54;18,84;13,96;11,33;11,47;8,14;11,84;17,42;11,15;13,26;7,88;10,46;19,33;12,94;10,71;genie_mecanique_et_industriel
5,17;6,61;8,33;18,6;13,19;11,4;19,18;10,96;11,35;9,27;8,32;15,68;8,97;6,76;8,34;langues_et_communication
16,68;17,79;14,25;10,84;11,66;11,02;13,03;13,47;11,57;16,41;8,78;12,29;18,81;12,5;8,57;genie_mecanique_et_industriel
12,04;8,93;11,38;13,85;17,95;12,74;17,92;13,92;9,96;10,59;14,26;15,1;7,93;11,47;8,99;commerce_international_et_logistique
18,4;11,65;12,36;14,66;13,86;9,08;18,76;14,23;9,97;12,62;17,35;9,76;7,64;17,8;7,59;finance_comptabilite_et_audit
15,63;13,66;17,7;12,64;15,66;11,16;14,34;10,86;16,67;10,12;8,3;13,39;13,19;11,96;18,33;medecine_et_sante
14,83;14,77;12,44;14,17;15,4;10,99;13,66;12,21;7,27;14,21;12,79;11,9;17,46;14,03;8,97;urbanisme_et_amenagement_du_territoire
9,76;8,67;9,3;18,74;16,96;15,91;11,8;17,03;10,24;11,17;12,25;10,62;10,26;9,29;8,78;sciences_sociales_et_sociologie
20,0;19,29;10,01;9,44;8,8;11,44;13,07;13,88;8,9;20,0;6,79;12,5;17,2;16,72;6,59;genie_electrique_et_electronique
11,08;13,68;14,35;12,4;10,45;10,34;10,52;13,94;18,09;13,26;8,17;15,81;6,86;10,01;18,03;sciences_veterinaires
9,12;10,27;9,78;13,69;17,63;10,82;16,74;11,15;9,37;11,91;8,42;18,74;10,33;9,31;9,24;tourisme_et_hotellerie
14,26;8,99;12,28;11,75;16,88;13,43;15,31;15,57;7,8;12,91;15,01;10,84;8,74;12,42;7,83;commerce_international_et_logistique
13,88;16,95;17,35;13,34;9,04;13,67;12,78;14,08;16,64;9,86;6,94;11,84;6,54;11,87;19,17;biotechnologie_et_sciences_pharmaceutiques
10,76;8,97;12,4;13,73;18,82;16,82;12,18;13,07;10,18;8,99;10,33;10,66;13,6;11,74;7,31;sciences_sociales_et_sociologie
13,98;13,37;17,83;10,2;15,35;8,37;15,72;15,05;16,41;13,03;9,02;17,21;9,64;13,61;16,82;agronomie_et_environnement
16,18;15,44;18,57;13,17;11,43;12,52;13,77;15,21;17,83;11,47;7,66;16,11;9,16;11,84;19,47;medecine_et_sante
10,02;7,9;11,49;15,84;16,95;14,09;19,84;13,02;11,33;11,0;10,74;10,12;10,78;9,59;10,71;droit_et_sciences_politiques
11,71;10,25;8,84;12,97;16,12;13,49;16,83;14,93;12,65;10,76;18,98;17,55;4,69;13,43;11,97;commerce_international_et_logistique
17,5;11,19;14,77;14,17;11,87;14,71;14,36;19,16;8,14;15,57;16,46;11,46;9,3;17,96;3,55;finance_comptabilite_et_audit
18,96;16,36;10,85;13,3;10,37;9,77;14,41;17,97;12,34;18,66;12,02;9,77;7,88;17,82;10,42;science_des_donnees_et_intelligence_artificielle
16,6;12,98;12,53;12,75;12,03;13,47;13,16;15,65;6,88;15,53;13,59;12,68;6,57;18,66;4,4;sciences_actuarielles_et_statistiques
8,6;8,62;12,67;20,0;15,02;16,98;16,14;15,76;8,17;9,96;11,91;14,0;13,28;9,58;7,48;journalisme_et_medias
11,54;9,4;12,0;15,0;16,65;7,43;15,94;17,33;10,43;9,77;11,74;15,82;7,76;15,6;8,88;commerce_international_et_logistique
17,71;16,96;11,52;12,09;10,62;8,58;13,13;13,69;6,29;19,54;12,42;12,63;10,47;17,13;5,82;science_des_donnees_et_intelligence_artificielle
12,76;15,05;18,76;13,65;10,95;14,63;12,62;15,77;18,67;12,55;9,91;14,9;10,45;9,04;18,11;medecine_et_sante
16,02;13,67;10,97;9,98;12,07;10,08;15,87;15,83;8,71;11,84;9,02;11,25;16,45;8,32;6,07;architecture_et_design_interieur
15,2;14,77;8,54;5,73;6,86;11,84;10,47;16,48;13,21;19,06;9,74;12,96;9,13;16,62;9,8;cybersecurite_et_reseaux
17,34;17,46;10,52;12,18;7,12;8,14;12,9;16,41;14,29;19,11;12,81;11,88;9,9;14,5;11,54;informatique_administration_reseaux_et_ia
11,54;11,06;9,09;10,89;13,85;8,7;12,33;16,15;13,07;10,81;7,87;17,23;8,34;9,54;14,74;sport_et_sciences_du_mouvement
14,61;15,14;19,16;11,03;10,34;10,7;12,32;13,61;20,0;9,5;6,74;11,59;9,83;10,22;19,68;biotechnologie_et_sciences_pharmaceutiques
15,87;13,44;15,43;12,15;14,12;6,26;12,1;8,9;13,11;11,61;13,75;19,43;8,83;9,54;14,04;agronomie_et_environnement
16,37;14,86;18,82;6,56;13,62;8,8;17,34;8,95;18,85;11,82;12,88;12,32;12,78;14,06;17,64;biotechnologie_et_sciences_pharmaceutiques
17,39;15,29;15,6;12,01;11,91;12,42;15,45;19,48;12,34;16,93;11,61;14,13;10,76;16,44;10,77;informatique_administration_reseaux_et_ia
15,36;16,51;12,73;14,23;9,22;4,15;15,21;12,87;11,71;19,56;9,4;7,45;11,91;14,97;10,57;informatique_administration_reseaux_et_ia
8,64;10,28;11,48;15,14;14,42;15,04;18,65;12,73;9,48;15,18;9,1;15,52;10,79;6,88;12,0;journalisme_et_medias
18,45;10,41;13,28;13,43;13,36;10,96;17,36;12,32;6,93;14,75;15,79;8,16;11,34;18,59;6,96;commerce_international_et_logistique
16,01;18,64;11,84;11,41;9,86;10,42;12,99;15,66;11,04;15,66;8,52;14,32;16,58;12,78;9,59;genie_mecanique_et_industriel
16,38;20,0;9,27;10,66;9,26;10,51;13,25;18,4;9,93;20,0;7,88;10,44;15,21;16,11;8,43;genie_electrique_et_electronique
18,83;16,82;11,71;14,06;12,29;13,55;17,96;15,32;13,13;18,62;10,8;9,35;10,57;20,0;10,95;science_des_donnees_et_intelligence_artificielle
10,12;7,79;9,41;15,95;17,47;17,3;12,68;13,31;11,03;8,51;16,86;12,08;9,49;8,65;10,85;droit_et_sciences_politiques
11,9;9,65;6,84;11,04;11,12;8,67;18,55;13,83;11,62;8,44;10,55;15,59;8,75;7,01;14,59;sport_et_sciences_du_mouvement
12,54;15,65;20,0;12,11;12,43;7,05;14,28;10,74;15,04;9,6;7,42;11,36;7,52;10,74;18,17;pharmacie
18,2;13,98;12,6;14,78;12,84;9,83;13,55;18,46;8,52;17,28;14,96;9,56;10,05;19,91;8,38;sciences_actuarielles_et_statistiques
16,75;18,46;10,83;13,0;13,31;9,6;15,28;16,48;10,69;13,54;10,99;12,8;16,23;15,53;10,39;genie_civil_et_construction
18,15;20,0;13,61;11,92;10,37;10,53;16,68;13,39;11,68;12,77;7,44;13,25;14,7;12,74;8,48;genie_electrique_et_electronique
11,76;15,29;19,13;10,71;9,62;10,74;13,84;10,56;16,68;13,91;10,6;9,54;8,19;9,58;19,84;pharmacie
16,58;12,71;16,06;10,92;8,4;8,91;12,73;12,28;18,57;9,51;11,35;11,72;9,79;14,84;19,69;biotechnologie_et_sciences_pharmaceutiques
16,68;15,07;13,22;9,15;12,29;8,07;15,91;19,53;6,78;20,0;9,51;11,68;12,42;16,59;8,79;science_des_donnees_et_intelligence_artificielle
12,22;10,45;9,83;9,39;16,6;10,65;15,83;19,23;14,37;10,62;10,06;17,73;9,03;12,01;14,25;sport_et_sciences_du_mouvement
16,67;15,95;13,34;10,91;9,77;10,47;13,88;16,47;13,11;18,45;12,31;12,68;10,14;15,32;7,85;informatique_administration_reseaux_et_ia
16,54;14,11;15,63;14,7;12,56;9,86;17,05;15,61;7,17;10,42;16,97;12,55;8,99;17,86;5,45;finance_comptabilite_et_audit
7,77;6,96;7,92;16,76;12,57;12,75;17,79;11,3;6,44;7,29;6,28;13,14;7,28;5,91;8,34;langues_et_communication
19,3;18,79;13,04;10,73;8,2;8,87;12,19;16,04;9,77;13,36;10,79;8,15;16,12;17,63;11,57;genie_electrique_et_electronique
13,7;16,1;12,33;13,19;18,22;14,1;16,27;15,37;8,45;11,66;13,48;11,16;17,16;13,19;5,78;urbanisme_et_amenagement_du_territoire
19,23;15,69;11,0;13,32;11,03;11,85;16,23;15,35;8,96;19,01;9,61;11,67;11,74;19,46;8,17;science_des_donnees_et_intelligence_artificielle
19,07;10,97;9,3;12,54;14,92;8,41;13,78;17,54;13,03;15,49;18,09;9,28;8,14;17,91;9,44;finance_comptabilite_et_audit
9,94;7,63;5,27;10,3;9,92;10,53;18,16;14,31;12,19;6,56;10,14;17,55;8,48;6,87;13,0;sport_et_sciences_du_mouvement
12,19;7,28;8,39;17,07;14,93;17,02;15,98;14,6;10,2;9,2;12,48;11,11;10,22;13,06;7,69;journalisme_et_medias
11,13;11,66;12,05;6,74;13,54;6,31;12,58;9,72;13,93;11,19;10,43;20,0;11,24;10,87;12,19;sport_et_sciences_du_mouvement
5,68;7,29;8,68;18,04;17,97;16,24;11,58;12,88;10,69;9,6;12,12;14,61;6,24;9,98;7,97;droit_et_sciences_politiques
15,33;15,12;13,37;13,24;13,48;9,61;16,64;15,68;9,44;12,23;18,13;9,27;5,9;18,57;6,57;finance_comptabilite_et_audit
14,94;16,02;12,93;15,86;9,72;10,08;12,67;12,74;12,15;11,81;10,05;9,26;16,83;10,32;8,6;architecture_et_design_interieur
8,67;6,69;8,81;19,66;16,72;17,12;14,57;14,47;7,68;9,81;13,18;10,67;9,81;8,81;10,26;droit_et_sciences_politiques
10,01;8,53;9,89;16,2;8,63;16,38;11,22;19,0;12,3;9,43;10,69;12,82;11,47;10,83;9,21;psychologie_et_sciences_de_l_education
11,15;9,29;7,31;17,89;12,95;12,56;18,86;11,88;9,41;11,41;7,21;12,31;8,44;7,64;6,91;traduction_et_interpretariat
10,1;9,04;7,67;14,83;16,45;15,69;11,94;14,59;12,33;11,54;10,8;13,99;9,57;13,38;9,94;sciences_sociales_et_sociologie
7,67;4,73;7,03;16,92;13,0;12,65;17,47;9,09;7,21;7,87;6,38;12,03;9,77;7,6;9,63;langues_et_communication
16,98;16,16;10,43;11,04;7,18;8,74;13,08;13,69;11,19;15,61;9,76;10,06;16,18;17,52;8,79;genie_civil_et_construction
8,26;8,18;8,11;18,87;14,43;14,98;14,37;10,72;7,28;10,36;11,38;10,97;8,88;10,99;7,58;droit_et_sciences_politiques
15,91;9,95;10,47;13,8;14,65;13,86;19,0;15,9;7,61;9,31;15,37;13,26;10,66;15,0;5,77;commerce_international_et_logistique
16,0;11,71;12,6;13,5;18,09;13,18;16,12;15,77;8,42;13,14;20,0;13,36;8,78;17,01;6,63;economie_et_gestion
15,46;14,62;17,27;14,09;13,05;12,04;10,66;13,9;18,56;10,84;7,63;13,45;7,5;13,32;20,0;medecine_et_sante
10,59;7,03;8,81;18,92;16,07;17,71;14,22;12,14;11,36;10,32;12,03;14,3;7,79;9,48;6,6;droit_et_sciences_politiques
14,27;17,28;10,88;9,53;13,61;13,57;13,07;18,48;11,53;12,59;5,97;11,57;18,17;10,53;9,32;architecture_et_design_interieur
13,8;9,71;13,29;16,21;16,46;10,75;19,24;13,44;10,81;12,67;15,07;11,34;10,22;15,14;9,38;commerce_international_et_logistique
16,91;13,71;8,47;12,31;10,63;8,61;10,91;16,74;7,38;19,13;11,38;10,93;9,64;16,07;6,91;cybersecurite_et_reseaux
9,17;10,42;10,26;17,08;16,48;18,85;9,57;17,93;11,92;11,81;12,33;16,46;8,02;13,02;10,61;sciences_sociales_et_sociologie
7,55;8,73;9,24;16,13;17,87;16,97;13,57;11,37;9,37;9,1;12,64;13,15;8,47;11,96;8,08;droit_et_sciences_politiques
19,22;19,93;10,78;12,13;6,82;11,09;16,12;14,54;10,79;18,88;9,78;11,69;15,21;15,42;7,66;genie_electrique_et_electronique
9,76;6,86;9,3;19,41;14,45;13,83;15,74;11,39;1,96;6,25;5,57;15,48;7,04;7,13;3,95;traduction_et_interpretariat
6,71;6,01;9,81;20,0;12,75;13,69;17,75;11,26;7,04;8,32;10,43;10,65;6,52;5,02;7,11;traduction_et_interpretariat
8,39;9,34;10,29;15,8;16,6;12,62;15,83;12,58;10,75;11,69;11,92;14,09;10,94;9,72;8,23;tourisme_et_hotellerie
9,97;13,33;13,58;11,19;12,3;13,84;12,51;13,65;14,44;7,64;8,8;19,11;9,2;13,0;13,43;sport_et_sciences_du_mouvement
18,85;12,13;13,39;12,1;12,95;11,71;17,77;15,7;11,13;11,92;15,24;13,97;6,29;16,44;7,75;finance_comptabilite_et_audit
10,55;6,54;8,93;17,33;13,83;16,61;11,03;18,18;14,74;9,5;8,56;13,58;10,47;11,07;11,64;psychologie_et_sciences_de_l_education
9,26;9,58;9,35;16,73;17,39;16,04;18,39;13,7;9,03;11,97;12,93;11,03;11,98;10,77;7,03;journalisme_et_medias
17,23;9,32;13,48;11,55;15,13;9,4;14,25;16,19;9,38;12,45;18,86;12,52;9,66;17,64;10,24;finance_comptabilite_et_audit
10,11;13,17;7,93;12,73;11,78;12,33;16,23;14,11;12,48;8,87;7,17;18,12;9,99;7,27;13,37;sport_et_sciences_du_mouvement
7,16;4,67;10,76;16,55;16,86;17,35;13,71;12,49;9,71;9,5;13,75;13,77;8,88;6,05;9,48;droit_et_sciences_politiques
18,2;19,69;14,59;15,63;12,88;10,01;15,29;14,8;9,79;13,53;8,9;9,42;12,35;13,53;9,61;genie_electrique_et_electronique
12,39;15,0;10,14;12,65;16,58;11,82;18,47;13,68;7,54;13,97;11,39;14,65;14,6;12,11;7,14;urbanisme_et_amenagement_du_territoire
17,27;19,06;10,61;13,49;9,3;5,65;10,09;16,51;10,71;15,06;11,44;13,01;15,33;10,61;9,65;genie_civil_et_construction
15,38;17,32;12,16;13,48;6,41;10,78;10,23;10,72;12,83;12,95;10,32;12,97;14,98;14,88;9,82;genie_civil_et_construction
18,83;11,38;12,77;13,99;9,3;12,76;16,67;12,46;11,35;15,69;20,0;9,8;7,08;19,55;6,53;finance_comptabilite_et_audit
16,74;12,25;10,12;11,88;9,87;8,23;16,29;16,58;6,9;19,58;8,29;9,42;12,7;15,3;6,48;cybersecurite_et_reseaux
13,1;16,07;17,88;10,82;10,32;10,12;14,73;14,39;17,92;7,83;6,54;13,33;8,81;12,54;19,1;medecine_et_sante
16,3;13,32;11,17;11,25;7,97;13,27;14,88;14,79;5,46;20,0;10,27;12,96;10,71;17,84;8,15;cybersecurite_et_reseaux
8,82;11,36;9,24;19,11;15,88;15,91;17,69;11,14;8,78;7,31;6,84;13,67;6,97;8,29;9,61;traduction_et_interpretariat
14,29;12,91;13,29;12,45;18,18;13,69;19,33;14,41;8,21;11,85;12,74;10,43;19,27;11,15;6,6;urbanisme_et_amenagement_du_territoire
18,17;19,72;14,47;14,63;11,54;11,3;13,13;13,24;12,14;13,19;9,55;14,14;18,83;18,68;11,57;genie_civil_et_construction
8,38;8,81;8,77;17,49;12,14;12,71;18,61;10,68;8,87;14,93;8,41;12,27;9,64;7,33;6,77;traduction_et_interpretariat
17,5;9,05;12,52;11,56;11,36;7,77;17,94;13,9;12,86;15,35;19,17;9,98;6,76;18,49;10,26;finance_comptabilite_et_audit
10,72;6,24;9,26;15,56;15,15;14,57;18,49;12,94;12,05;12,24;10,66;9,93;13,75;13,15;12,16;journalisme_et_medias
16,79;18,61;12,24;11,53;12,46;10,39;15,28;12,98;13,42;14,02;9,69;7,33;17,87;15,02;10,35;genie_mecanique_et_industriel
9,34;8,74;9,84;13,95;15,66;10,65;17,64;15,35;9,94;9,5;10,21;14,7;7,99;11,54;10,62;tourisme_et_hotellerie
16,77;18,48;11,85;11,2;11,65;7,77;12,08;18,24;9,7;10,21;8,88;12,69;15,62;19,98;10,54;genie_civil_et_construction
12,79;12,83;17,47;11,6;12,85;7,96;12,28;15,19;15,83;9,8;10,14;16,21;8,6;9,1;17,03;agronomie_et_environnement
14,96;10,95;9,92;13,99;12,54;11,28;15,83;15,53;9,91;9,22;18,42;14,25;8,31;16,48;8,58;finance_comptabilite_et_audit
9,51;11,46;8,95;13,86;12,06;11,38;6,47;15,09;12,79;9,74;7,7;19,34;7,98;10,02;11,79;sport_et_sciences_du_mouvement
18,14;8,79;10,64;12,78;14,42;10,9;17,12;14,88;8,86;12,08;17,98;11,83;8,68;17,05;10,07;finance_comptabilite_et_audit
9,41;11,18;9,53;18,41;14,92;11,03;16,83;15,05;12,5;9,1;10,33;13,53;10,34;8,44;11,38;tourisme_et_hotellerie
15,58;15,67;12,15;13,25;11,58;10,45;12,29;14,39;10,22;13,45;5,29;10,98;17,58;7,82;9,92;architecture_et_design_interieur
6,75;8,01;10,41;16,7;16,09;16,57;13,07;14,67;14,2;10,76;9,03;14,64;12,14;14,42;11,79;sciences_sociales_et_sociologie
17,4;13,65;13,53;12,28;10,32;11,16;12,69;18,35;7,61;14,66;14,14;13,0;8,11;17,18;9,59;sciences_actuarielles_et_statistiques
15,75;12,47;10,75;14,98;18,31;14,79;17,46;13,88;10,06;13,11;13,33;15,73;9,73;17,59;7,94;commerce_international_et_logistique
6,5;12,13;9,8;18,23;15,73;14,58;15,89;13,74;8,65;13,18;11,06;12,85;11,98;9,92;9,0;journalisme_et_medias
16,07;16,54;17,37;9,53;8,05;10,82;13,82;15,49;7,46;16,93;12,99;9,84;11,43;13,76;9,23;informatique_administration_reseaux_et_ia
17,35;14,94;11,76;15,54;6,34;10,16;13,78;18,37;15,43;17,54;12,66;8,78;11,77;15,88;12,11;informatique_administration_reseaux_et_ia
12,79;5,1;9,09;16,91;17,84;19,6;15,36;10,33;10,9;9,04;16,64;13,36;10,09;9,78;10,92;droit_et_sciences_politiques
19,89;20,0;12,62;13,81;12,17;8,46;15,23;14,59;9,27;14,94;11,69;11,76;19,33;14,52;10,05;genie_civil_et_construction
11,22;16,03;18,24;11,92;7,57;11,62;13,84;11,51;18,84;9,26;7,78;12,95;4,49;10,04;17,56;pharmacie
8,43;8,5;13,34;17,34;16,68;18,36;14,39;13,39;5,41;11,01;9,37;13,1;13,21;6,84;5,66;journalisme_et_medias
14,05;12,74;12,12;14,78;15,03;11,18;17,86;14,11;13,08;12,11;16,5;14,8;9,75;12,36;10,45;commerce_international_et_logistique
16,41;10,73;8,66;11,19;11,93;8,65;13,88;15,2;10,44;12,74;17,43;11,15;6,39;17,39;6,99;sciences_actuarielles_et_statistiques
18,76;12,54;11,98;11,31;10,61;13,6;13,34;15,75;6,08;14,6;12,89;9,82;9,72;19,9;5,58;sciences_actuarielles_et_statistiques
11,95;11,65;19,02;13,37;8,13;15,34;16,08;15,4;17,64;9,51;9,95;7,87;5,69;12,3;19,27;biotechnologie_et_sciences_pharmaceutiques
15,21;20,0;14,01;11,47;12,1;8,52;14,48;12,93;10,53;10,48;5,39;12,34;17,23;13,1;8,17;genie_mecanique_et_industriel
10,76;7,5;10,24;14,34;14,92;15,24;16,35;13,74;12,53;11,34;10,47;14,45;13,11;10,63;11,29;tourisme_et_hotellerie
8,49;8,25;8,86;17,68;16,43;16,77;15,39;11,26;9,11;10,76;14,28;15,39;9,31;13,02;8,69;droit_et_sciences_politiques
15,1;12,42;7,02;10,37;8,56;14,24;11,87;14,15;8,42;17,89;8,79;8,64;10,53;16,96;10,59;cybersecurite_et_reseaux
10,99;17,51;18,93;12,1;10,71;10,32;14,64;16,99;16,89;9,99;7,88;8,51;6,15;14,37;14,56;pharmacie
19,02;20,0;14,32;14,11;11,14;6,61;13,56;15,64;7,64;16,47;12,39;12,04;15,71;14,32;6,4;genie_civil_et_construction
10,33;9,16;7,41;19,37;17,98;13,18;16,88;14,26;10,63;12,6;10,55;11,61;8,73;8,63;9,87;langues_et_communication
15,34;15,08;8,7;11,34;6,77;6,88;14,55;16,57;11,29;19,0;9,16;9,43;14,17;13,02;9,41;cybersecurite_et_reseaux
8,94;10,68;14,91;16,82;14,97;16,95;13,1;16,69;15,3;6,97;7,6;14,02;8,81;12,11;10,78;psychologie_et_sciences_de_l_education
16,61;19,86;13,88;9,47;10,14;10,26;13,59;17,12;9,61;14,7;9,36;10,65;15,49;14,2;10,3;genie_electrique_et_electronique
15,91;14,65;9,94;11,48;10,32;8,21;11,75;14,52;10,64;12,51;7,71;10,18;18,12;13,22;6,28;architecture_et_design_interieur
16,01;16,86;13,87;15,0;9,65;8,26;11,18;13,0;9,52;13,41;8,18;11,53;18,19;9,1;9,81;architecture_et_design_interieur
10,22;7,58;12,71;16,68;17,04;15,49;15,55;12,23;10,99;9,76;13,68;14,44;7,64;8,37;9,65;droit_et_sciences_politiques
16,14;17,34;16,36;9,86;14,01;11,24;14,91;18,05;10,23;19,3;12,67;8,95;13,24;14,86;9,71;informatique_administration_reseaux_et_ia
15,86;17,69;12,08;11,93;12,28;9,52;13,43;16,74;11,54;11,9;11,3;12,28;15,59;14,81;8,71;genie_civil_et_construction
16,0;11,95;13,15;11,56;18,85;12,34;15,76;14,12;8,24;14,41;16,98;12,06;8,45;12,15;9,77;economie_et_gestion
18,75;12,36;8,06;11,59;6,29;11,61;10,35;15,36;13,32;19,27;11,32;8,71;11,39;18,23;10,56;cybersecurite_et_reseaux
8,93;17,31;16,51;12,72;6,24;10,95;14,03;16,17;18,79;11,71;8,45;12,61;9,35;7,74;18,41;sciences_veterinaires
16,77;18,69;12,41;13,3;10,76;10,0;12,75;14,46;15,09;12,42;11,1;10,21;19,53;15,34;10,48;genie_civil_et_construction
16,98;16,0;11,46;12,29;11,13;10,58;13,08;15,87;9,58;12,48;6,84;10,04;19,22;12,35;8,57;architecture_et_design_interieur
10,11;10,41;10,74;17,1;17,09;11,84;15,59;13,93;12,68;9,69;16,93;14,98;8,54;10,47;11,34;tourisme_et_hotellerie
16,72;20,0;14,56;9,66;11,99;13,17;13,97;18,5;14,76;11,24;10,45;15,69;19,75;14,63;13,22;genie_mecanique_et_industriel
19,47;13,43;12,11;10,74;10,01;14,49;16,78;11,39;6,43;17,54;16,28;13,08;5,73;17,26;5,86;sciences_actuarielles_et_statistiques
4,72;7,41;10,91;15,03;19,04;16,73;17,46;14,42;8,64;8,75;8,69;12,78;9,07;8,96;4,26;journalisme_et_medias
15,17;15,03;18,52;11,68;8,7;8,02;13,08;15,79;17,35;12,61;10,11;10,13;12,54;15,02;18,29;pharmacie
15,3;9,25;15,12;12,19;14,96;12,21;15,14;15,2;11,03;13,34;17,89;14,11;7,52;15,57;9,76;economie_et_gestion
12,6;14,95;9,68;13,5;9,52;11,53;10,52;14,04;11,24;10,41;7,89;11,67;16,83;9,18;10,82;architecture_et_design_interieur
17,09;9,51;8,95;12,18;11,52;9,06;15,71;15,13;10,65;15,73;17,66;11,43;8,29;14,54;6,98;finance_comptabilite_et_audit
18,23;19,36;16,63;13,93;11,0;9,66;15,08;10,87;10,91;15,59;11,05;14,18;18,86;14,46;8,64;genie_civil_et_construction
6,56;9,73;7,13;17,1;14,1;13,17;18,9;9,22;7,94;8,7;7,37;13,74;5,57;9,11;8,93;traduction_et_interpretariat
17,56;18,6;14,0;11,64;11,29;10,8;13,5;15,56;10,59;13,49;10,07;14,07;19,38;9,33;7,21;genie_civil_et_construction
14,17;10,75;10,05;13,73;15,84;10,06;15,27;16,93;13,61;9,08;12,83;20,0;9,31;11,9;13,1;sport_et_sciences_du_mouvement
11,68;12,31;15,58;11,75;11,98;8,14;10,05;12,21;18,21;9,52;12,28;15,32;7,75;13,12;17,41;agronomie_et_environnement
19,95;17,4;10,46;8,44;11,37;9,32;15,32;16,55;8,3;20,0;8,35;7,8;10,1;16,46;7,51;science_des_donnees_et_intelligence_artificielle
5,94;6,4;9,64;16,72;13,17;11,69;18,32;11,15;7,01;5,84;6,87;12,88;7,0;6,7;8,73;traduction_et_interpretariat
6,44;7,93;7,43;18,52;16,32;12,24;17,95;14,43;9,87;10,57;12,71;12,78;9,26;7,65;9,06;tourisme_et_hotellerie
13,29;6,92;10,69;15,57;12,54;16,08;18,59;13,81;8,73;10,92;10,57;9,56;13,83;10,79;8,49;journalisme_et_medias
9,31;9,27;9,02;15,91;13,1;15,5;17,42;11,85;11,16;7,92;7,49;12,79;11,12;10,43;8,59;langues_et_communication
16,19;17,79;12,7;10,58;9,61;10,54;12,81;19,15;12,85;20,0;12,52;10,38;8,77;12,28;9,78;informatique_administration_reseaux_et_ia
10,93;6,81;6,19;19,39;17,59;17,33;14,68;13,63;9,35;6,46;13,81;13,97;5,4;10,05;6,57;droit_et_sciences_politiques
10,3;7,7;8,21;20,0;15,5;18,65;13,58;13,17;10,13;7,42;13,41;9,37;7,16;11,31;7,86;droit_et_sciences_politiques
12,76;15,68;19,1;13,16;12,34;11,81;11,83;11,2;17,13;11,5;10,58;8,34;6,05;13,31;16,71;biotechnologie_et_sciences_pharmaceutiques
8,45;8,69;10,32;19,18;15,69;16,84;14,87;11,91;9,29;10,56;10,14;12,62;9,1;7,91;7,69;droit_et_sciences_politiques
17,62;19,42;11,51;9,43;5,86;5,59;11,88;18,77;13,63;15,12;13,42;6,19;16,43;16,48;12,58;genie_electrique_et_electronique
7,11;8,92;7,25;7,87;10,88;6,56;13,61;15,68;14,51;9,79;5,1;15,1;8,62;5,26;12,63;sport_et_sciences_du_mouvement
14,96;15,44;16,71;12,1;14,15;12,58;14,98;12,99;17,48;9,83;10,74;14,21;9,02;13,54;19,72;agronomie_et_environnement
18,14;11,79;12,81;16,47;15,06;9,36;18,21;16,61;8,12;13,24;18,65;9,1;13,01;15,8;8,67;commerce_international_et_logistique
14,4;14,56;11,39;13,0;17,33;11,41;16,24;14,04;9,45;12,54;11,3;13,67;15,34;13,44;7,53;urbanisme_et_amenagement_du_territoire
7,96;8,58;9,15;14,42;14,04;12,75;18,15;12,16;7,48;9,56;8,93;13,1;6,17;7,41;7,94;traduction_et_interpretariat
7,95;7,08;12,39;16,13;19,81;18,54;9,33;15,5;12,89;6,91;7,92;12,86;7,18;10,44;10,23;sciences_sociales_et_sociologie
13,6;12,39;11,12;13,07;16,93;10,96;14,35;15,21;7,32;11,85;14,5;14,21;10,23;13,85;4,63;finance_comptabilite_et_audit
9,74;5,69;10,8;18,67;15,3;15,04;15,96;14,25;11,52;10,06;10,97;15,87;9,96;10,61;9,51;journalisme_et_medias
14,34;11,68;17,23;14,38;7,61;12,32;17,54;13,23;16,46;11,5;8,55;14,55;10,68;15,21;19,75;biotechnologie_et_sciences_pharmaceutiques
12,17;8,09;8,86;14,93;15,79;14,73;20,0;14,18;11,67;12,43;11,25;8,11;14,34;11,04;10,83;journalisme_et_medias
14,94;11,9;6,51;7,0;9,93;9,93;12,83;17,61;13,9;18,22;13,46;11,91;8,45;17,57;9,04;cybersecurite_et_reseaux
12,68;11,52;10,08;12,78;12,81;12,64;18,27;16,35;10,98;8,29;9,84;18,16;9,9;7,53;10,67;sport_et_sciences_du_mouvement
10,53;11,19;10,6;10,73;10,97;7,58;13,65;12,85;14,0;11,54;10,18;16,29;9,72;10,07;13,26;sport_et_sciences_du_mouvement
11,76;10,49;11,92;15,57;17,9;12,08;16,49;13,52;8,47;12,46;7,88;15,03;10,28;9,95;11,79;tourisme_et_hotellerie
8,16;6,35;8,74;16,11;16,01;11,37;15,28;15,25;8,69;11,66;12,69;13,87;8,66;8,55;9,48;tourisme_et_hotellerie
16,43;15,74;14,57;9,5;6,61;11,6;15,58;19,3;14,84;18,25;7,99;15,41;12,91;13,77;9,98;informatique_administration_reseaux_et_ia
11,08;7,94;8,68;16,58;18,59;9,39;16,36;11,2;13,79;10,74;14,12;15,69;14,12;9,75;8,95;tourisme_et_hotellerie
18,61;9,11;11,38;14,75;15,0;15,53;14,95;16,47;11,76;13,9;19,46;9,66;8,59;17,04;8,98;economie_et_gestion
15,38;12,32;10,61;13,62;10,81;10,7;12,81;15,49;2,05;19,72;14,2;9,85;8,24;14,67;10,52;cybersecurite_et_reseaux
20,0;12,26;12,37;11,45;11,99;9,14;14,8;12,62;8,23;13,04;14,02;11,31;6,98;19,46;8,82;sciences_actuarielles_et_statistiques
10,06;5,69;10,79;17,87;14,24;17,56;13,9;16,75;17,3;8,69;8,42;17,22;8,86;9,9;12,03;psychologie_et_sciences_de_l_education
13,42;16,88;20,0;13,28;11,08;11,91;13,31;13,45;15,78;12,3;10,12;12,2;8,65;9,08;18,49;medecine_et_sante
13,15;11,02;19,4;12,89;13,16;11,57;15,87;12,69;16,61;12,2;8,5;11,7;10,76;16,97;17,07;biotechnologie_et_sciences_pharmaceutiques
11,02;9,78;12,78;15,2;12,49;12,53;17,78;17,44;16,25;10,07;11,59;14,24;9,24;14,33;11,84;psychologie_et_sciences_de_l_education
12,05;13,79;17,18;13,72;15,61;12,06;9,36;13,69;18,36;11,58;10,44;15,66;8,89;13,16;18,27;agronomie_et_environnement
17,34;13,0;12,63;12,55;8,68;9,14;17,8;15,35;11,56;14,66;17,1;10,21;8,99;15,52;11,39;finance_comptabilite_et_audit
9,71;8,43;9,32;18,02;12,57;14,08;16,4;11,89;9,24;5,7;10,9;11,83;14,08;10,93;9,13;langues_et_communication
16,1;17,13;12,42;12,34;12,71;9,49;13,98;17,21;7,54;14,31;9,5;12,57;18,07;10,3;7,86;architecture_et_design_interieur
16,66;14,91;11,35;11,25;10,61;7,86;11,3;20,0;9,98;18,79;10,52;9,71;9,66;16,23;11,72;science_des_donnees_et_intelligence_artificielle
15,79;12,07;13,95;10,23;13,49;11,14;17,39;15,01;6,23;12,86;14,41;12,17;6,37;15,9;6,49;finance_comptabilite_et_audit
17,29;19,98;11,48;11,01;13,15;9,97;14,3;14,86;11,65;17,39;10,81;9,99;18,8;15,45;8,01;genie_electrique_et_electronique
18,42;17,68;16,45;12,23;8,66;6,78;11,94;15,54;6,24;15,82;14,56;12,55;14,59;14,59;8,62;informatique_administration_reseaux_et_ia
17,89;20,0;10,88;11,35;10,94;9,51;16,9;13,2;9,92;13,0;7,7;13,27;13,6;17,39;6,24;genie_electrique_et_electronique
15,85;19,81;12,84;8,83;9,65;8,71;9,56;20,0;8,73;12,94;6,6;9,72;15,75;17,1;7,31;genie_electrique_et_electronique
17,4;19,01;13,88;10,79;11,1;9,72;14,28;15,55;11,1;14,99;7,92;13,15;18,3;14,64;9,24;genie_mecanique_et_industriel
10,87;11,7;10,59;17,44;17,89;11,11;16,27;12,69;8,39;10,96;12,83;13,14;11,35;11,49;10,5;tourisme_et_hotellerie
8,52;6,55;9,37;18,19;17,72;16,7;15,7;11,86;10,9;7,32;13,47;12,79;6,12;7,75;8,81;droit_et_sciences_politiques
9,72;8,46;10,77;16,25;15,35;16,58;16,79;11,23;8,87;11,09;9,89;16,62;10,13;8,05;9,12;journalisme_et_medias
13,96;15,59;14,44;13,11;14,6;8,77;11,56;10,91;17,65;7,9;10,93;16,43;13,29;9,78;18,35;agronomie_et_environnement
17,86;20,0;15,26;11,78;8,43;9,17;8,29;17,42;11,15;13,45;10,2;13,49;18,03;14,94;6,81;genie_mecanique_et_industriel
13,32;10,82;13,51;13,23;15,82;13,33;14,64;20,0;9,72;13,46;16,52;12,63;5,64;14,07;7,3;finance_comptabilite_et_audit
11,2;13,03;9,57;13,45;15,47;15,27;15,62;12,63;9,63;7,42;10,89;11,11;16,56;10,74;6,24;urbanisme_et_amenagement_du_territoire
13,92;9,93;9,84;14,09;13,12;13,5;16,09;13,21;8,5;10,4;18,09;8,61;7,74;14,43;5,27;economie_et_gestion
18,46;17,52;14,67;13,18;13,04;6,63;16,86;14,93;10,76;12,33;10,37;10,08;18,14;16,18;9,64;genie_civil_et_construction
11,08;18,5;20,0;14,48;8,77;11,03;14,24;12,67;16,77;10,02;8,89;13,15;7,46;12,23;17,24;pharmacie
14,81;12,57;19,48;11,05;10,11;12,6;15,25;13,27;19,86;12,34;11,28;13,68;9,13;13,21;20,0;biotechnologie_et_sciences_pharmaceutiques
11,79;10,97;10,82;11,12;14,22;7,83;13,91;10,03;12,62;13,6;8,21;15,53;10,68;10,78;12,15;sport_et_sciences_du_mouvement
13,57;13,96;13,23;15,05;15,11;10,94;12,99;16,83;8,43;11,68;16,54;10,23;9,02;18,4;8,4;finance_comptabilite_et_audit
18,57;20,0;12,82;13,8;8,27;10,29;11,73;14,77;8,54;14,0;9,79;13,94;20,0;10,38;8,71;genie_civil_et_construction
15,66;12,72;9,59;8,58;9,69;6,19;15,07;15,87;10,01;17,18;11,82;9,97;8,75;16,58;7,59;cybersecurite_et_reseaux
15,27;6,2;10,65;13,09;13,12;13,01;17,99;13,03;9,79;12,69;16,41;13,95;5,4;13,28;9,59;economie_et_gestion
17,32;19,51;15,65;10,27;8,62;8,56;8,4;14,66;6,9;14,67;7,64;14,2;18,49;14,0;6,31;genie_mecanique_et_industriel
3,74;4,99;9,73;16,33;16,43;12,96;16,5;14,49;10,24;5,62;9,39;10,33;9,19;6,56;11,04;journalisme_et_medias
7,52;6,37;9,16;16,16;13,75;12,34;18,05;14,96;11,32;6,52;9,86;14,38;9,51;7,38;10,32;langues_et_communication
17,31;16,26;14,56;9,07;9,7;7,62;13,6;15,54;11,16;17,38;12,37;8,82;13,73;16,66;11,83;informatique_administration_reseaux_et_ia
14,43;16,99;11,24;14,86;9,52;10,7;13,22;13,83;10,33;9,99;10,34;7,4;17,85;10,48;7,91;architecture_et_design_interieur
9,53;6,14;9,15;15,13;16,52;9,65;17,34;14,6;7,48;10,65;15,94;19,24;7,84;11,21;9,01;tourisme_et_hotellerie
16,5;19,08;10,26;8,59;12,63;8,68;14,31;17,58;11,33;12,61;7,83;10,4;14,4;12,9;8,84;genie_civil_et_construction
10,01;6,18;7,55;20,0;16,15;15,82;13,3;12,91;8,17;7,64;13,78;12,65;7,48;8,81;6,83;droit_et_sciences_politiques
12,89;12,87;12,9;11,81;11,87;7,7;10,73;13,78;17,71;9,29;10,93;14,28;9,97;12,13;16,48;sciences_veterinaires
16,37;9,66;11,75;16,73;14,65;9,43;17,35;13,92;7,79;12,05;15,57;8,81;12,58;14,06;7,67;commerce_international_et_logistique
16,33;11,1;16,46;14,46;7,17;12,89;14,31;12,94;16,73;10,56;10,39;12,6;8,65;10,52;20,0;medecine_et_sante
15,48;17,41;12,13;11,12;12,25;9,76;15,75;15,51;11,2;13,52;8,49;11,64;18,14;16,26;8,57;genie_civil_et_construction
15,7;20,0;13,26;10,33;12,23;10,89;14,42;17,03;7,79;14,22;7,13;11,22;16,39;13,69;8,51;genie_electrique_et_electronique
20,0;12,53;10,36;11,86;9,78;9,17;15,1;14,04;10,98;15,81;15,13;9,74;7,91;18,94;10,12;sciences_actuarielles_et_statistiques
16,59;10,11;16,14;12,71;15,97;13,7;16,73;16,73;11,34;14,02;18,55;13,08;7,76;19,42;8,04;economie_et_gestion
18,73;18,3;15,44;6,57;13,47;10,64;14,52;18,07;7,0;20,0;12,39;9,59;12,95;18,74;9,83;informatique_administration_reseaux_et_ia
15,39;19,76;11,47;12,09;8,61;9,91;12,52;18,52;7,89;19,0;5,83;11,87;10,73;14,85;8,62;genie_electrique_et_electronique
8,58;8,59;8,93;17,59;17,44;15,63;18,55;13,93;10,51;12,04;10,41;10,74;11,84;11,1;11,72;journalisme_et_medias
6,52;9,41;8,32;18,66;20,0;16,91;13,39;18,16;12,59;10,18;10,85;11,28;8,28;9,89;9,34;sciences_sociales_et_sociologie
15,51;7,97;12,74;15,15;16,64;12,68;16,38;17,79;9,13;9,94;17,44;11,94;9,55;19,05;9,49;economie_et_gestion
11,33;9,15;12,61;11,81;10,98;19,21;13,73;17,43;14,0;8,09;6,51;11,16;12,45;8,98;10,65;psychologie_et_sciences_de_l_education
12,26;14,09;17,21;13,75;13,92;10,54;13,06;14,01;18,33;9,83;11,59;18,49;8,97;12,35;18,82;agronomie_et_environnement
12,4;19,22;19,43;12,66;11,85;11,72;13,59;13,63;17,91;10,99;8,45;11,63;13,05;11,09;19,34;pharmacie
15,54;13,72;11,36;8,77;12,73;10,49;14,06;17,13;10,02;10,93;8,59;11,49;18,4;13,75;6,74;architecture_et_design_interieur
15,26;15,02;17,04;12,56;17,22;10,05;15,97;13,08;13,57;12,53;18,46;13,46;11,33;18,77;10,78;economie_et_gestion
18,49;19,07;11,12;12,54;7,88;5,68;12,73;15,6;8,99;16,87;9,7;13,73;12,01;12,16;8,93;genie_electrique_et_electronique
11,06;7,32;7,64;17,39;14,7;16,49;15,45;11,26;10,04;11,32;15,75;8,34;6,36;10,58;7,84;droit_et_sciences_politiques
10,06;13,39;20,0;11,23;9,0;10,49;16,06;15,03;15,91;6,0;8,11;9,03;5,31;13,11;19,44;pharmacie
13,64;14,01;15,42;12,39;14,11;12,24;10,79;16,13;17,82;9,98;13,81;15,38;12,18;11,71;18,76;agronomie_et_environnement
12,66;9,31;9,37;15,79;14,74;14,64;12,95;11,89;9,36;11,25;19,86;12,49;6,75;15,07;6,63;economie_et_gestion
13,21;11,33;10,7;14,76;18,22;9,49;17,08;16,16;9,0;11,4;15,18;12,66;7,85;11,59;8,88;commerce_international_et_logistique
16,44;14,11;16,84;10,25;11,51;12,33;13,09;11,45;19,06;12,71;9,68;11,74;10,64;11,91;20,0;medecine_et_sante
18,99;19,27;9,9;10,56;10,35;8,65;15,87;17,75;7,6;14,15;10,22;15,32;17,78;13,13;4,49;genie_civil_et_construction
17,01;20,0;14,0;10,76;8,49;10,69;10,8;16,29;9,11;12,81;11,0;10,75;18,3;14,01;6,73;genie_mecanique_et_industriel
11,83;8,52;12,21;14,74;14,86;17,98;8,11;12,05;13,14;11,53;14,57;15,17;10,57;13,32;9,04;sciences_sociales_et_sociologie
17,53;14,8;9,84;11,63;11,16;9,75;15,08;14,07;7,89;11,93;11,57;10,77;18,37;9,82;5,28;architecture_et_design_interieur
12,16;13,68;10,8;15,1;13,02;8,9;8,1;12,2;12,73;11,17;12,93;20,0;9,79;10,42;11,7;sport_et_sciences_du_mouvement
11,11;14,03;11,39;14,75;16,02;12,22;16,01;17,2;10,1;11,03;12,86;13,72;10,57;13,62;7,74;commerce_international_et_logistique
12,04;5,19;8,35;14,35;18,78;17,2;11,05;16,42;12,39;12,13;12,02;11,2;11,26;13,0;10,13;sciences_sociales_et_sociologie
4,37;10,26;12,75;14,1;10,45;17,52;12,14;20,0;19,29;7,99;6,26;13,32;4,19;8,0;12,82;psychologie_et_sciences_de_l_education
18,71;18,8;15,26;11,45;10,68;10,82;10,53;14,0;10,64;14,39;12,1;11,83;18,93;16,42;6,77;genie_mecanique_et_industriel
7,93;5,82;8,08;16,1;12,11;12,72;18,27;10,73;8,89;9,25;8,72;11,0;6,47;7,38;9,25;traduction_et_interpretariat
10,91;13,16;15,01;14,4;5,8;13,46;15,5;13,02;18,35;7,12;10,49;10,5;10,06;10,99;17,02;sciences_veterinaires
14,87;16,22;9,83;10,77;9,98;10,51;13,39;15,64;10,13;12,73;6,76;12,66;19,21;6,91;6,05;architecture_et_design_interieur
16,8;19,87;14,85;9,96;13,11;10,69;13,33;15,36;10,09;14,46;7,99;13,49;16,36;12,95;10,84;genie_electrique_et_electronique
15,42;16,42;12,64;14,15;8,94;13,45;16,37;16,45;7,65;16,12;8,9;10,02;10,49;16,24;9,52;informatique_administration_reseaux_et_ia
9,67;5,99;6,86;17,83;16,81;15,19;17,85;12,65;8,27;8,45;10,11;9,51;11,94;12,72;6,99;journalisme_et_medias
16,92;17,07;13,67;12,0;13,08;8,35;11,32;17,53;12,01;17,46;12,62;14,47;11,81;16,95;10,13;informatique_administration_reseaux_et_ia
16,23;19,01;13,26;9,9;9,0;11,14;14,17;18,59;13,33;14,89;11,02;10,95;16,8;14,05;8,02;genie_mecanique_et_industriel
19,33;17,8;11,59;12,47;11,34;13,64;16,57;14,47;10,04;19,56;13,41;10,79;11,45;17,83;8,76;science_des_donnees_et_intelligence_artificielle
10,56;10,4;12,04;11,34;11,69;8,93;12,11;13,6;12,57;9,14;9,34;16,43;6,29;10,39;14,58;sport_et_sciences_du_mouvement
15,32;18,94;11,44;10,52;12,54;9,48;14,63;15,27;9,91;11,3;9,75;10,2;18,5;11,2;7,71;genie_mecanique_et_industriel
14,36;13,21;10,49;16,74;18,24;10,93;20,0;16,39;8,85;13,33;16,14;15,95;9,53;14,16;8,36;commerce_international_et_logistique
13,97;12,85;9,54;10,94;14,11;9,47;15,25;14,42;4,94;9,05;7,45;10,74;17,82;16,84;6,45;urbanisme_et_amenagement_du_territoire
14,31;12,76;9,05;12,96;10,67;9,48;11,43;15,37;11,11;10,98;6,43;9,45;15,76;9,53;6,88;architecture_et_design_interieur
11,53;6,55;6,97;16,8;11,86;14,98;18,12;11,13;5,56;13,01;9,06;9,39;11,97;11,49;9,05;journalisme_et_medias
9,32;10,85;11,09;17,26;17,27;13,91;14,84;15,2;7,08;10,19;8,47;11,83;13,52;8,41;7,22;langues_et_communication
18,27;11,99;10,26;9,31;10,69;8,18;13,21;14,97;9,16;15,65;13,57;11,07;6,4;19,75;6,62;sciences_actuarielles_et_statistiques
11,35;9,55;10,59;14,26;16,8;11,56;17,05;12,79;12,71;11,81;10,89;16,84;9,6;8,88;10,86;tourisme_et_hotellerie
9,19;5,79;8,4;19,21;15,37;18,96;12,19;12,21;10,24;11,53;15,44;11,34;8,36;8,61;10,41;droit_et_sciences_politiques
15,0;17,11;15,98;14,29;11,84;8,79;13,06;14,76;6,46;16,21;12,14;7,4;11,17;14,59;7,68;informatique_administration_reseaux_et_ia
17,76;18,63;11,53;12,8;9,03;10,64;14,25;14,32;9,76;15,1;11,69;12,22;16,81;13,62;5,19;genie_civil_et_construction
12,43;16,65;18,56;14,44;9,02;13,5;12,88;13,24;18,94;8,4;7,16;11,79;10,64;8,47;18,07;sciences_veterinaires
9,79;12,99;10,29;12,82;9,91;8,69;12,21;12,96;11,39;9,92;8,92;15,18;8,76;10,29;13,36;sport_et_sciences_du_mouvement
14,34;8,45;11,51;10,87;11,29;8,97;15,55;14,43;19,25;14,56;9,67;16,7;7,82;13,57;18,6;sciences_veterinaires
10,14;5,0;8,71;15,42;13,91;11,85;17,19;15,48;9,23;9,69;14,43;12,63;6,06;12,77;9,67;tourisme_et_hotellerie
9,07;9,36;10,34;15,78;14,61;17,77;12,34;17,3;16,95;10,42;6,72;12,86;7,24;11,86;11,52;psychologie_et_sciences_de_l_education
16,91;9,67;11,43;11,46;16,5;6,5;15,79;16,96;12,04;12,83;18,51;8,08;5,17;14,64;9,54;finance_comptabilite_et_audit
10,8;13,78;20,0;13,87;10,4;16,04;13,44;14,79;16,1;13,21;8,34;14,47;8,57;13,21;19,92;biotechnologie_et_sciences_pharmaceutiques
10,47;10,41;10,31;10,91;12,01;7,14;8,37;12,22;13,44;12,98;9,95;17,16;10,15;9,67;14,15;sport_et_sciences_du_mouvement
17,74;14,95;10,94;11,97;10,38;4,52;11,62;17,71;7,14;20,0;7,93;7,74;10,61;16,6;9,47;science_des_donnees_et_intelligence_artificielle
8,52;7,72;9,59;15,8;16,19;16,09;14,97;13,81;9,51;8,86;7,83;9,5;10,51;8,98;6,74;journalisme_et_medias
12,32;17,38;19,59;12,77;9,13;10,04;12,03;14,18;16,07;9,87;7,26;10,72;6,18;12,15;17,8;pharmacie
15,22;15,13;16,66;14,32;13,98;14,12;12,07;13,96;15,86;11,87;10,02;12,61;12,39;15,47;17,57;medecine_et_sante
13,43;9,95;9,32;14,54;13,11;8,71;8,05;11,41;11,69;10,39;10,2;18,49;8,53;9,63;12,28;sport_et_sciences_du_mouvement
4,13;6,7;7,38;15,29;9,82;9,85;19,13;11,68;11,85;8,1;9,91;8,6;7,68;4,15;10,89;langues_et_communication
11,54;10,42;10,43;9,77;15,8;10,22;10,51;13,26;13,79;10,1;8,76;14,86;9,33;10,37;14,89;sport_et_sciences_du_mouvement
10,99;10,36;13,14;10,0;11,7;9,35;9,75;12,22;18,75;9,14;9,93;12,59;6,69;10,9;15,75;sciences_veterinaires
18,98;20,0;16,41;12,83;8,69;8,03;7,63;18,01;10,53;10,03;11,82;16,01;16,97;14,98;8,33;genie_mecanique_et_industriel
10,32;5,79;10,05;14,38;17,7;15,4;15,42;10,51;10,55;11,98;14,57;13,96;8,92;4,95;9,79;droit_et_sciences_politiques
16,49;15,6;17,17;11,71;7,31;9,25;14,98;16,79;10,45;18,45;13,01;11,58;10,72;16,23;8,89;informatique_administration_reseaux_et_ia
15,02;14,48;10,67;14,32;16,22;10,3;15,88;12,12;7,15;13,5;15,32;8,91;15,88;12,26;9,29;urbanisme_et_amenagement_du_territoire
11,44;11,18;8,19;10,55;14,95;11,55;12,04;14,18;12,89;8,74;10,62;16,35;7,54;11,88;12,22;sport_et_sciences_du_mouvement
13,26;16,28;20,0;12,93;9,71;10,37;15,97;15,54;15,17;10,13;8,31;11,25;6,32;13,12;18,15;pharmacie
11,99;11,92;7,99;11,33;12,37;9,94;14,21;13,71;12,62;9,89;9,4;18,24;9,79;8,05;11,32;sport_et_sciences_du_mouvement
15,62;10,08;10,93;12,89;14,58;6,92;16,22;15,02;10,32;10,88;15,33;9,0;9,83;15,88;8,78;commerce_international_et_logistique
7,31;7,95;13,25;13,96;18,96;18,55;13,73;14,8;11,75;10,39;14,48;13,65;8,72;14,06;12,06;sciences_sociales_et_sociologie
4,1;7,67;7,22;15,49;12,47;11,93;18,15;7,07;9,83;9,27;5,99;12,7;13,87;5,76;9,84;langues_et_communication
12,64;16,34;20,0;17,02;9,24;11,19;15,51;15,08;16,23;10,34;8,8;14,64;5,93;10,57;17,13;pharmacie
9,35;13,71;8,06;13,87;11,64;9,77;9,59;16,32;12,91;7,94;9,62;18,47;12,43;9,86;14,38;sport_et_sciences_du_mouvement
12,7;17,0;18,69;12,26;13,08;12,18;10,96;8,74;17,33;9,26;11,91;12,26;8,56;9,9;19,2;pharmacie
9,32;5,27;6,44;16,1;18,34;15,71;15,98;10,29;11,17;8,54;15,43;13,98;7,34;7,72;10,66;droit_et_sciences_politiques
13,69;17,85;17,87;15,33;10,07;13,17;15,17;14,48;16,99;12,19;7,99;11,55;7,88;12,91;18,19;biotechnologie_et_sciences_pharmaceutiques
16,18;17,58;17,96;9,54;10,44;9,85;15,14;16,51;7,34;18,69;10,97;7,9;14,64;13,57;8,48;informatique_administration_reseaux_et_ia
12,68;9,11;8,59;14,4;16,3;10,43;12,03;12,72;8,29;11,47;17,13;10,67;10,18;16,02;8,21;economie_et_gestion
17,59;19,63;12,43;11,18;9,56;11,22;14,01;12,3;7,1;14,3;8,74;9,83;16,27;14,57;7,16;genie_mecanique_et_industriel
6,84;11,65;9,16;16,82;12,03;13,08;18,6;10,31;13,29;10,1;7,77;12,61;9,87;7,99;9,17;langues_et_communication
17,45;20,0;13,19;11,47;8,3;10,65;12,15;13,18;12,26;13,62;10,03;13,3;16,61;14,57;8,08;genie_mecanique_et_industriel
17,4;13,28;13,38;14,98;12,75;15,4;17,36;12,99;9,52;11,83;17,94;12,86;7,74;17,48;6,25;finance_comptabilite_et_audit
17,06;19,4;10,44;12,24;11,83;9,95;13,15;16,37;12,04;9,16;10,27;8,37;15,04;11,78;8,34;genie_civil_et_construction
15,43;15,92;11,56;13,2;11,71;9,94;15,03;15,41;8,11;12,12;5,98;13,66;17,92;12,08;8,33;architecture_et_design_interieur
7,92;6,67;9,45;17,14;16,14;16,98;13,6;10,12;8,62;7,33;11,38;11,2;6,28;8,82;7,26;droit_et_sciences_politiques
10,04;9,32;9,08;17,81;12,22;13,62;12,26;18,37;14,42;10,82;8,38;13,72;9,56;11,84;11,66;psychologie_et_sciences_de_l_education
18,2;13,68;12,68;15,16;11,11;5,32;11,15;15,73;9,21;14,47;8,79;15,59;17,76;11,24;5,26;architecture_et_design_interieur
14,76;17,95;14,74;9,64;12,97;12,67;15,46;15,15;6,81;17,71;9,46;9,82;9,52;12,72;7,87;informatique_administration_reseaux_et_ia
11,33;6,16;10,72;15,01;18,36;15,73;15,22;11,36;11,0;7,82;14,22;11,42;9,49;9,09;10,14;droit_et_sciences_politiques
14,58;13,0;18,41;11,32;13,7;6,72;11,88;12,28;15,32;12,78;9,64;15,27;9,38;13,88;18,05;agronomie_et_environnement
9,15;8,32;12,44;18,27;16,8;15,8;16,9;13,36;10,48;11,91;9,17;9,9;10,99;9,35;8,23;journalisme_et_medias
9,72;6,02;9,46;16,0;13,57;14,03;16,89;12,58;7,52;7,5;7,82;10,65;10,58;6,52;8,65;langues_et_communication
5,27;7,77;5,21;14,2;14,63;11,75;18,25;9,72;7,74;6,67;7,64;11,51;7,41;9,19;9,03;langues_et_communication
14,19;15,35;18,57;14,61;9,56;10,34;15,93;14,38;17,41;11,68;9,08;11,28;9,59;14,26;16,95;pharmacie
14,77;13,92;18,18;15,83;6,83;14,43;13,12;15,06;18,45;12,09;10,17;13,07;8,63;11,45;20,0;pharmacie
13,77;14,25;19,5;16,38;7,33;15,48;18,91;16,82;19,09;12,18;9,41;14,68;8,54;12,28;19,19;medecine_et_sante
14,27;16,0;17,73;10,41;14,89;9,36;11,27;10,1;14,81;12,48;8,22;12,54;5,64;11,58;15,17;medecine_et_sante
15,44;20,0;15,42;12,82;14,4;8,31;13,86;17,46;7,63;17,62;13,16;13,65;8,55;12,52;6,9;informatique_administration_reseaux_et_ia
12,42;14,6;10,7;13,7;14,88;9,72;13,06;13,42;10,3;10,95;11,85;12,02;15,31;13,22;10,67;urbanisme_et_amenagement_du_territoire
9,71;11,02;12,7;17,82;11,55;18,23;13,1;19,2;16,49;10,67;8,01;11,21;7,66;12,4;11,43;psychologie_et_sciences_de_l_education
14,3;10,82;11,73;14,93;14,18;12,4;16,12;11,65;12,61;11,0;20,0;9,57;7,3;16,67;7,92;economie_et_gestion
13,78;12,33;15,92;9,92;13,41;8,93;12,2;13,12;16,58;9,41;10,98;13,49;7,03;10,02;17,35;agronomie_et_environnement
5,87;8,52;6,24;15,0;11,83;12,46;17,34;9,72;7,95;8,15;8,19;13,45;10,18;4,98;7,83;langues_et_communication
13,81;15,12;9,39;12,94;11,2;12,07;16,33;12,98;10,83;8,99;8,69;7,78;17,97;11,39;7,98;architecture_et_design_interieur
14,93;16,26;17,03;11,1;10,37;9,31;11,03;12,53;20,0;9,54;5,76;12,14;11,17;15,3;19,16;biotechnologie_et_sciences_pharmaceutiques
17,6;15,14;15,16;15,72;9,3;14,52;15,59;18,87;8,39;17,23;12,91;12,19;9,9;14,64;8,27;informatique_administration_reseaux_et_ia
16,41;13,46;9,9;9,62;13,57;10,22;15,2;13,74;5,38;10,43;10,38;10,78;18,37;14,48;8,27;urbanisme_et_amenagement_du_territoire
10,3;8,33;11,9;18,27;18,25;16,67;14,72;13,74;6,31;11,38;10,75;14,62;16,22;10,37;7,26;journalisme_et_medias
17,09;16,98;13,49;9,68;10,66;5,88;15,15;15,84;5,72;19,73;9,84;8,96;7,38;16,16;7,01;cybersecurite_et_reseaux
11,7;8,98;9,83;17,05;14,55;15,26;14,24;17,09;14,6;9,96;8,87;10,89;10,55;13,82;10,34;psychologie_et_sciences_de_l_education
12,85;15,41;9,71;9,5;9,82;10,29;14,53;14,84;1,01;19,95;11,95;11,94;10,46;15,11;8,37;cybersecurite_et_reseaux
19,11;19,29;13,96;12,65;10,55;12,12;12,75;11,85;14,19;14,14;10,89;9,72;18,87;17,47;10,82;genie_mecanique_et_industriel
12,21;10,84;10,27;15,94;16,11;13,89;10,55;13,53;14,39;10,98;11,39;12,36;12,14;15,91;10,86;sciences_sociales_et_sociologie
17,9;19,75;11,98;11,39;12,68;8,42;16,15;14,86;12,23;15,62;8,11;13,28;14,42;15,48;9,63;genie_civil_et_construction
15,81;15,66;18,06;11,71;12,9;11,1;11,22;12,19;16,27;10,19;7,82;12,74;9,66;11,07;18,02;medecine_et_sante
18,22;13,1;9,95;13,51;13,72;4,82;15,73;10,97;12,57;12,11;17,14;12,95;7,53;18,85;13,14;finance_comptabilite_et_audit
17,38;12,46;9,65;12,29;7,81;10,46;13,13;13,96;3,69;20,0;11,15;9,42;9,89;14,28;8,08;cybersecurite_et_reseaux
15,36;16,47;13,64;15,47;10,19;7,33;12,88;12,07;10,98;12,27;11,23;11,76;18,29;7,71;10,65;architecture_et_design_interieur
11,51;14,12;13,85;12,77;12,27;14,37;13,98;14,38;18,57;9,51;11,17;15,75;10,08;12,53;16,5;agronomie_et_environnement
18,33;16,97;12,79;15,04;10,64;9,49;10,56;16,13;8,3;15,65;9,06;11,25;17,66;11,06;7,21;architecture_et_design_interieur
16,98;9,46;13,17;11,37;10,91;13,26;13,74;14,41;10,21;12,57;17,71;11,07;8,24;16,31;6,31;finance_comptabilite_et_audit
10,52;7,52;10,91;19,3;16,59;14,94;14,09;11,05;9,78;8,05;12,16;12,12;10,55;10,26;7,11;droit_et_sciences_politiques
17,09;15,44;11,64;12,11;10,33;12,07;13,53;16,29;10,98;11,97;9,39;10,5;19,77;13,13;8,04;architecture_et_design_interieur
14,81;17,13;9,44;13,44;6,2;6,45;12,9;16,38;7,87;19,52;6,85;7,67;9,89;12,97;4,94;cybersecurite_et_reseaux
10,93;9,31;8,67;16,16;15,33;9,29;17,41;11,21;9,76;13,33;10,18;16,31;10,04;8,68;9,06;tourisme_et_hotellerie
13,42;13,95;9,98;7,94;17,29;12,33;15,88;17,66;7,14;12,21;11,81;11,68;16,62;13,24;4,03;urbanisme_et_amenagement_du_territoire
15,6;12,09;11,08;13,0;18,27;9,99;17,34;13,64;7,85;10,79;17,59;14,09;10,81;15,94;9,27;commerce_international_et_logistique
15,79;17,82;9,48;8,3;12,68;13,5;12,25;17,7;12,74;12,22;8,23;11,3;12,25;15,52;8,72;genie_civil_et_construction
16,93;19,51;11,52;10,54;7,75;8,62;15,65;16,96;8,72;17,01;8,46;10,29;15,98;12,31;9,48;genie_electrique_et_electronique
11,71;9,86;11,41;13,87;15,98;16,99;18,27;12,13;11,25;15,01;11,56;12,09;12,54;9,21;9,33;journalisme_et_medias
14,9;18,24;14,38;12,03;10,13;8,99;11,26;13,1;13,63;13,96;8,42;12,27;17,2;13,66;8,81;genie_mecanique_et_industriel
16,49;19,86;15,0;15,09;10,01;8,06;9,47;15,11;11,63;11,61;8,17;13,2;18,16;13,04;7,1;genie_mecanique_et_industriel
16,92;11,72;12,41;11,19;11,67;8,44;9,81;16,18;4,19;19,84;12,59;11,91;9,2;20,0;4,92;cybersecurite_et_reseaux
7,11;9,87;9,68;15,54;18,13;18,52;12,48;14,93;13,02;11,94;12,76;12,22;9,09;12,55;11,55;sciences_sociales_et_sociologie
19,42;12,37;15,14;12,29;10,07;11,61;16,17;12,56;7,01;14,59;15,81;11,32;9,39;18,62;9,1;sciences_actuarielles_et_statistiques
19,43;9,39;10,59;14,64;11,78;12,66;15,94;17,17;10,75;14,9;19,95;11,55;8,29;19,0;7,25;finance_comptabilite_et_audit
10,97;8,33;11,87;17,18;19,2;19,58;12,32;17,35;11,18;14,48;14,63;15,89;8,84;12,07;10,68;sciences_sociales_et_sociologie
17,37;11,07;13,1;14,02;12,83;8,69;12,5;17,39;10,63;13,12;14,87;8,78;7,42;16,79;8,21;sciences_actuarielles_et_statistiques
11,21;10,84;9,36;10,8;12,8;11,79;13,8;16,35;14,23;7,64;10,31;18,28;11,01;10,11;17,15;sport_et_sciences_du_mouvement
14,7;16,0;17,89;13,31;10,42;12,45;14,61;14,05;16,99;12,82;8,96;14,35;9,2;11,86;17,98;medecine_et_sante
18,14;9,72;13,51;11,61;12,63;8,89;18,34;13,75;10,13;12,98;18,91;12,61;7,85;18,79;8,21;finance_comptabilite_et_audit
7,86;11,33;12,87;15,77;15,95;17,77;15,46;13,14;10,05;10,73;11,68;8,16;9,38;9,03;9,08;droit_et_sciences_politiques
15,5;13,35;19,8;13,95;9,46;11,81;14,65;16,6;18,83;13,15;9,05;12,81;8,8;11,25;20,0;medecine_et_sante
16,48;18,91;14,53;14,2;8,43;9,43;13,57;14,31;8,36;13,03;10,65;13,9;20,0;14,44;8,44;genie_mecanique_et_industriel
13,55;12,87;10,16;13,01;15,72;11,99;15,39;13,5;7,98;13,86;12,56;12,1;19,99;11,23;11,0;urbanisme_et_amenagement_du_territoire
20,0;13,89;11,75;12,4;8,98;11,08;12,93;15,84;10,62;20,0;14,69;7,46;11,84;20,0;7,47;science_des_donnees_et_intelligence_artificielle
11,91;12,96;15,44;12,08;10,89;6,79;9,84;13,24;15,18;10,43;11,9;14,68;9,98;7,96;17,18;agronomie_et_environnement
5,58;6,03;7,24;16,08;10,04;12,64;18,89;11,26;7,01;6,99;8,92;13,36;5,51;6,09;10,53;traduction_et_interpretariat
13,0;17,51;17,84;10,05;10,61;10,85;15,42;15,59;17,9;12,58;4,87;12,47;9,35;10,09;16,69;medecine_et_sante
11,3;9,52;10,89;16,55;14,7;15,31;17,28;9,5;9,85;10,11;8,79;10,26;8,91;10,75;10,89;traduction_et_interpretariat
12,84;16,45;18,82;13,51;13,81;7,88;10,61;14,69;15,97;9,83;9,83;16,76;10,01;10,31;19,57;agronomie_et_environnement
13,18;13,47;15,83;13,94;13,73;13,39;15,23;12,21;15,82;14,66;12,83;16,46;8,65;11,73;20,0;agronomie_et_environnement
13,59;9,38;7,49;15,27;18,34;13,75;17,77;11,18;8,94;8,15;17,87;13,52;9,56;15,17;6,86;commerce_international_et_logistique
15,61;14,75;11,95;15,07;11,09;11,4;12,86;14,69;11,4;12,7;10,4;10,97;20,0;12,23;8,37;architecture_et_design_interieur
12,32;11,17;12,33;10,53;15,03;12,85;12,4;15,33;8,9;13,06;12,25;12,14;17,88;11,16;12,0;urbanisme_et_amenagement_du_territoire
14,91;12,15;14,43;16,3;19,17;11,88;15,77;15,94;10,44;13,17;16,36;12,6;10,81;16,01;9,7;commerce_international_et_logistique
16,21;18,97;12,81;8,36;13,93;10,98;14,31;13,97;9,61;11,04;9,42;13,57;18,37;14,54;8,07;genie_mecanique_et_industriel
15,42;17,43;13,3;16,14;7,39;15,18;15,97;17,37;11,66;14,26;10,52;13,51;8,33;16,43;8,48;informatique_administration_reseaux_et_ia
7,43;8,05;13,82;18,65;12,56;18,01;13,74;18,89;17,37;8,58;6,09;13,17;5,55;8,46;9,83;psychologie_et_sciences_de_l_education
18,31;15,43;15,83;13,79;13,66;7,05;14,2;12,12;5,4;14,17;15,54;9,41;11,46;20,0;7,84;sciences_actuarielles_et_statistiques
10,61;10,56;15,2;9,55;10,97;10,43;10,98;14,08;17,84;8,35;7,03;13,9;6,95;11,49;17,69;sciences_veterinaires
16,6;19,07;11,76;8,07;10,14;8,27;13,36;17,66;9,03;14,9;8,82;10,31;15,0;14,98;10,14;genie_electrique_et_electronique
17,39;17,93;11,39;9,81;12,9;10,73;15,63;17,32;9,78;12,65;8,09;14,48;18,86;15,62;7,53;genie_civil_et_construction
14,27;13,03;17,14;10,84;15,15;5,78;11,5;10,87;17,35;10,38;10,1;17,86;11,36;12,74;18,62;agronomie_et_environnement
17,04;20,0;12,34;12,19;8,56;8,96;17,31;15,09;7,51;13,96;10,52;10,02;16,85;13,64;10,23;genie_electrique_et_electronique
14,87;14,51;11,63;13,12;9,99;8,49;13,08;15,52;10,28;17,76;12,04;6,29;9,7;12,7;7,74;informatique_administration_reseaux_et_ia
17,87;11,62;12,58;13,95;12,26;9,05;13,7;17,35;8,35;15,6;16,73;12,11;8,77;18,32;8,32;sciences_actuarielles_et_statistiques
14,16;15,38;8,14;11,36;7,32;7,63;17,19;17,86;8,19;16,96;11,82;12,78;9,75;11,46;6,37;cybersecurite_et_reseaux
12,45;12,54;15,11;9,81;11,39;13,25;12,63;11,65;16,76;11,61;11,62;12,04;14,42;9,97;17,28;agronomie_et_environnement
9,39;4,17;8,56;16,78;15,14;14,47;19,07;16,53;8,99;9,05;11,14;10,82;12,38;8,95;7,75;journalisme_et_medias
17,95;9,34;12,56;13,43;13,68;9,28;16,24;15,53;10,96;10,87;16,72;12,26;5,5;19,04;8,46;finance_comptabilite_et_audit
13,15;8,78;9,17;14,77;17,8;10,3;14,63;13,46;8,17;12,65;17,37;12,9;5,13;11,42;6,95;economie_et_gestion
20,0;16,76;14,13;14,89;10,87;6,88;15,88;17,95;9,82;20,0;13,58;8,91;11,32;17,44;6,98;science_des_donnees_et_intelligence_artificielle
18,07;17,46;11,28;12,03;12,37;8,95;14,12;15,86;11,47;19,27;10,18;12,06;8,51;18,09;7,39;science_des_donnees_et_intelligence_artificielle
13,49;12,27;16,29;9,62;11,64;7,42;11,92;13,11;18,28;12,62;11,23;15,74;7,9;9,94;16,52;sciences_veterinaires
11,37;6,6;7,51;15,68;16,39;17,4;16,08;12,15;9,48;10,5;16,18;11,69;9,07;13,54;8,2;droit_et_sciences_politiques
17,08;16,58;16,08;11,96;10,5;3,1;13,97;20,0;9,74;19,44;12,76;8,57;12,14;15,34;8,4;science_des_donnees_et_intelligence_artificielle
18,77;13,45;13,07;9,13;11,21;8,03;11,11;19,29;6,76;20,0;9,9;7,4;14,83;15,38;10,84;science_des_donnees_et_intelligence_artificielle
19,37;16,57;10,22;14,11;10,48;15,02;14,57;15,55;13,64;18,89;12,79;11,98;9,87;19,46;9,68;science_des_donnees_et_intelligence_artificielle
18,69;17,78;12,34;12,43;10,05;14,15;13,71;11,26;16,06;11,75;10,33;13,53;20,0;11,29;11,43;genie_mecanique_et_industriel
15,13;16,14;18,07;9,09;13,48;8,54;14,6;10,94;15,09;12,58;9,37;11,29;9,8;12,66;16,52;biotechnologie_et_sciences_pharmaceutiques
15,04;16,47;13,24;11,55;12,17;10,12;17,4;15,47;11,23;18,76;11,71;9,24;8,92;15,57;9,21;informatique_administration_reseaux_et_ia
11,69;8,37;10,03;16,05;16,55;12,71;16,62;13,76;11,22;14,29;15,2;13,5;12,06;8,87;7,76;tourisme_et_hotellerie
20,0;10,91;8,88;12,06;7,29;8,24;11,42;14,26;6,36;20,0;9,16;7,02;9,09;18,92;6,97;cybersecurite_et_reseaux
14,29;8,94;12,87;11,74;11,64;9,32;9,16;14,09;19,32;8,69;12,23;13,66;4,16;12,46;16,79;sciences_veterinaires
18,37;18,42;11,86;11,98;8,19;8,21;11,1;14,57;11,28;12,83;8,66;18,55;19,79;12,45;9,43;genie_mecanique_et_industriel
13,18;8,46;7,85;15,48;13,89;15,13;18,43;11,2;8,06;9,93;9,46;14,65;7,39;9,31;5,87;traduction_et_interpretariat
15,61;11,88;12,35;11,21;12,28;10,39;16,71;14,96;12,98;15,12;18,41;10,17;5,37;15,38;11,77;finance_comptabilite_et_audit
18,49;13,93;13,13;10,18;9,52;8,74;16,31;18,2;7,52;19,88;12,25;10,36;8,97;15,98;7,47;science_des_donnees_et_intelligence_artificielle
17,61;20,0;17,5;14,57;8,32;8,74;12,41;15,45;10,66;12,79;12,96;11,22;18,0;13,44;9,03;genie_mecanique_et_industriel
20,0;9,31;13,31;15,05;12,31;13,54;16,12;18,28;9,15;12,69;17,87;11,46;10,55;16,98;8,21;finance_comptabilite_et_audit
18,84;14,1;15,07;10,31;15,98;13,34;13,91;19,82;12,59;16,44;15,81;14,91;11,09;18,78;8,72;economie_et_gestion
10,23;11,16;12,46;12,66;8,16;10,48;14,74;16,11;19,02;8,67;8,47;14,84;7,33;9,43;17,96;sciences_veterinaires
10,7;10,24;10,43;14,36;17,97;17,12;15,97;13,91;12,49;12,3;11,77;15,19;10,97;9,71;13,75;journalisme_et_medias
12,97;8,94;10,04;13,45;19,36;13,0;18,45;10,36;8,89;8,48;9,36;19,81;10,79;10,31;12,19;tourisme_et_hotellerie
13,76;16,15;19,76;12,61;14,35;12,0;14,0;14,19;16,75;10,22;9,85;12,38;8,66;14,44;18,06;medecine_et_sante
10,32;9,45;10,06;15,37;20,0;17,32;13,16;14,0;12,74;13,11;10,03;15,38;9,82;12,67;8,08;sciences_sociales_et_sociologie
15,05;12,7;9,66;14,31;9,98;10,68;13,11;13,75;8,37;13,43;8,85;11,27;20,0;9,28;7,87;architecture_et_design_interieur
10,02;6,4;11,36;16,89;17,65;17,69;12,36;13,75;12,23;11,81;10,6;12,52;6,89;13,28;12,11;sciences_sociales_et_sociologie
19,54;14,97;10,66;10,84;9,21;9,43;11,94;16,78;10,03;20,0;10,01;9,54;11,39;19,21;8,77;science_des_donnees_et_intelligence_artificielle
15,79;20,0;13,51;14,11;7,7;9,67;16,43;15,75;8,94;18,1;10,55;9,58;11,51;14,45;8,82;informatique_administration_reseaux_et_ia
9,64;9,02;10,05;15,92;16,06;16,93;12,96;18,01;15,4;8,74;10,7;14,4;5,94;11,41;11,94;psychologie_et_sciences_de_l_education
12,55;14,11;19,11;11,31;12,4;10,66;11,48;11,21;17,91;6,41;8,88;10,58;10,22;10,87;20,0;pharmacie
16,82;8,55;9,47;10,14;12,7;7,34;18,21;12,67;10,92;10,91;18,91;10,79;7,16;15,33;11,6;finance_comptabilite_et_audit
15,32;11,81;12,94;12,44;13,48;4,51;15,51;15,88;11,73;12,93;14,55;7,63;5,26;13,27;8,14;finance_comptabilite_et_audit
10,18;8,77;10,45;14,33;17,06;18,17;16,76;11,19;10,93;10,69;13,41;14,39;7,59;11,12;7,76;droit_et_sciences_politiques
12,77;11,78;12,53;14,01;11,18;11,91;9,19;15,04;20,0;7,99;12,21;12,06;6,63;10,81;16,94;sciences_veterinaires
14,43;12,24;18,73;13,81;9,87;12,68;15,5;13,99;16,3;12,36;8,11;8,27;7,57;12,5;18,12;pharmacie
17,85;15,56;9,25;11,07;11,69;5,61;13,45;17,53;7,39;19,04;9,87;8,93;9,86;19,25;8,57;science_des_donnees_et_intelligence_artificielle
18,83;10,33;11,96;12,39;12,9;12,3;18,93;13,44;10,78;15,0;18,53;11,95;7,87;15,04;11,09;finance_comptabilite_et_audit
14,96;13,26;15,31;10,4;17,84;11,9;17,75;12,02;12,75;14,99;17,27;11,29;10,59;17,38;9,61;economie_et_gestion
12,64;14,9;18,06;12,22;9,39;9,46;16,51;12,06;17,51;9,54;6,46;11,4;7,15;10,52;17,44;pharmacie
18,23;18,83;13,34;11,44;9,7;6,99;15,79;17,89;14,3;17,76;9,85;8,91;13,64;15,61;9,83;informatique_administration_reseaux_et_ia
9,9;5,59;10,61;13,58;17,67;17,47;12,44;15,89;11,36;9,51;11,72;13,39;7,77;13,09;5,77;sciences_sociales_et_sociologie
14,37;11,51;11,62;13,27;16,57;12,92;13,47;12,95;9,29;13,12;20,0;13,63;9,98;13,6;8,98;economie_et_gestion
8,09;7,41;11,0;14,62;18,07;16,24;14,64;15,64;9,92;9,89;13,38;9,53;10,06;16,9;12,82;sciences_sociales_et_sociologie
7,52;5,87;7,89;17,5;16,34;11,96;17,93;14,22;9,44;11,17;12,27;19,35;9,31;8,15;8,37;tourisme_et_hotellerie
13,85;12,33;16,63;13,67;11,69;12,8;12,85;10,91;16,97;12,63;13,11;13,16;6,25;13,25;18,8;biotechnologie_et_sciences_pharmaceutiques
18,12;14,42;10,72;9,73;10,54;8,86;12,88;20,0;9,08;19,47;12,01;8,95;10,81;16,93;7,42;science_des_donnees_et_intelligence_artificielle
13,76;13,17;15,03;11,4;13,76;13,28;14,74;13,55;18,6;12,46;10,98;15,41;12,02;12,11;17,83;agronomie_et_environnement
16,35;16,55;9,33;12,97;10,14;8,26;14,17;14,79;3,32;20,0;12,61;9,6;12,51;14,92;7,37;cybersecurite_et_reseaux
15,52;18,89;12,19;11,09;10,63;11,83;12,88;16,12;11,29;14,24;9,39;14,67;17,98;11,22;8,18;genie_civil_et_construction
12,95;15,4;20,0;9,88;11,57;12,31;12,24;15,51;20,0;14,33;8,66;8,79;9,45;11,6;18,16;biotechnologie_et_sciences_pharmaceutiques
16,21;9,99;12,48;13,21;16,92;10,42;14,84;13,5;9,58;13,63;17,59;10,72;9,12;15,46;7,77;economie_et_gestion
13,34;7,5;10,12;13,02;16,86;13,63;19,1;15,44;9,68;10,7;13,7;9,9;7,08;10,8;8,92;commerce_international_et_logistique
18,01;19,76;11,29;9,26;10,63;5,95;10,41;18,88;10,22;18,67;10,5;8,91;14,89;12,72;7,3;genie_electrique_et_electronique
8,57;7,72;7,11;19,3;11,71;13,28;16,69;10,08;6,52;11,3;8,87;10,48;5,56;7,53;5,95;traduction_et_interpretariat
10,5;7,62;12,52;13,19;13,15;14,33;13,58;18,62;13,59;9,27;9,27;11,26;9,62;12,44;11,73;psychologie_et_sciences_de_l_education
18,12;15,25;15,95;13,15;12,36;5,94;10,34;16,34;10,79;15,92;12,16;7,88;12,84;13,93;9,64;informatique_administration_reseaux_et_ia
13,13;9,06;8,8;18,78;14,57;16,31;18,25;8,81;6,52;12,03;11,74;9,34;7,66;8,59;7,6;traduction_et_interpretariat
8,3;13,43;15,22;14,85;9,36;15,04;14,02;15,43;19,54;5,87;7,93;11,53;8,14;8,36;17,32;sciences_veterinaires
12,6;6,76;8,62;15,11;15,58;18,35;15,17;10,72;6,34;13,78;10,61;13,14;12,5;12,94;7,84;journalisme_et_medias
11,87;6,77;11,53;16,18;16,18;13,03;19,57;16,47;9,66;14,42;11,25;12,16;14,35;14,06;8,41;journalisme_et_medias
12,31;10,14;13,68;9,58;12,83;9,09;12,07;15,51;18,2;11,95;10,79;9,59;7,5;9,98;18,32;sciences_veterinaires
17,98;20,0;12,34;11,55;8,14;8,09;13,97;15,66;8,67;15,0;8,49;11,85;16,21;14,29;8,02;genie_electrique_et_electronique
8,58;13,69;8,78;14,18;10,29;8,74;8,69;8,29;14,04;8,81;10,22;20,0;9,06;10,54;16,23;sport_et_sciences_du_mouvement
12,15;15,77;9,47;12,74;15,22;13,09;13,95;13,97;11,18;12,83;17,33;12,75;15,4;10,99;6,09;urbanisme_et_amenagement_du_territoire
8,41;9,05;8,17;15,82;17,03;15,09;17,21;12,88;10,68;7,45;7,36;14,84;10,27;7,88;7,31;langues_et_communication
13,28;13,67;17,3;15,03;15,5;10,67;10,29;15,12;16,92;11,52;12,65;15,28;9,32;10,4;16,39;agronomie_et_environnement
14,37;11,58;12,71;12,76;10,88;14,25;14,64;15,38;7,79;12,6;16,12;11,7;9,0;16,08;7,1;finance_comptabilite_et_audit
12,0;10,6;8,42;17,28;15,93;14,01;20,0;11,45;9,49;13,42;8,09;15,18;8,56;10,03;7,05;traduction_et_interpretariat
15,13;10,28;12,85;15,42;14,97;9,81;15,14;14,86;11,41;9,18;18,43;10,24;6,2;14,01;7,53;economie_et_gestion
11,49;8,26;8,56;15,49;15,6;17,27;16,65;14,46;9,64;9,9;8,1;11,93;12,43;10,7;5,45;journalisme_et_medias
17,59;18,5;10,92;11,72;12,16;7,18;12,1;16,9;10,78;14,81;8,49;11,73;17,91;14,28;8,69;genie_civil_et_construction
10,97;5,95;9,25;17,41;14,24;14,39;17,74;14,98;12,96;11,03;11,16;13,92;6,85;9,26;9,71;langues_et_communication
12,37;12,2;17,1;13,07;6,67;11,4;15,61;14,6;18,1;10,08;7,35;10,5;6,86;12,31;18,13;pharmacie
9,77;8,04;6,54;16,83;13,04;13,14;18,68;11,78;11,67;9,04;8,2;10,83;10,06;10,95;7,75;langues_et_communication
12,55;13,36;9,38;15,09;15,77;12,85;11,22;15,32;14,82;10,83;9,79;19,05;11,81;9,41;14,85;sport_et_sciences_du_mouvement
15,7;15,26;17,77;15,12;11,7;13,45;14,46;10,68;17,93;13,9;9,35;13,69;9,46;12,16;17,7;medecine_et_sante
16,58;13,94;16,25;8,1;9,6;11,03;12,6;17,25;8,59;16,31;8,6;15,37;10,52;17,28;9,83;informatique_administration_reseaux_et_ia
6,4;7,17;8,96;19,17;17,43;15,18;14,28;11,89;7,44;5,45;11,45;11,28;9,27;12,07;5,74;droit_et_sciences_politiques
18,5;12,97;14,43;13,0;14,69;11,25;15,7;16,39;8,64;14,96;18,58;11,82;9,42;15,24;6,73;finance_comptabilite_et_audit
16,97;16,52;10,34;11,62;14,26;13,25;16,5;16,77;7,48;12,8;9,25;14,39;20,0;12,52;7,97;architecture_et_design_interieur
15,61;18,08;16,33;11,61;8,58;6,07;13,32;15,49;13,74;17,61;7,65;9,74;12,82;18,71;8,72;informatique_administration_reseaux_et_ia
18,56;16,57;14,94;9,2;6,68;8,9;13,84;17,53;13,14;17,27;10,55;11,09;13,93;18,48;8,93;informatique_administration_reseaux_et_ia
10,2;12,42;11,13;12,38;13,99;7,26;9,52;12,1;13,64;12,63;8,25;16,54;14,89;9,6;12,51;sport_et_sciences_du_mouvement
13,92;11,61;15,37;13,2;16,92;10,93;14,14;11,86;11,2;11,64;17,44;14,89;5,3;16,18;8,58;economie_et_gestion
9,51;5,29;10,13;16,38;17,81;15,22;18,91;14,51;11,2;8,94;10,96;12,0;14,04;6,85;7,52;journalisme_et_medias
14,86;15,43;7,85;12,98;11,12;12,35;14,29;14,45;12,92;12,51;3,28;10,19;17,53;11,26;9,13;architecture_et_design_interieur
16,13;19,05;16,07;12,43;9,38;9,33;12,57;14,18;12,22;11,68;10,29;12,81;15,34;10,92;8,05;genie_mecanique_et_industriel
18,04;19,88;13,58;12,13;6,29;9,15;12,72;15,37;9,0;14,84;12,33;13,16;14,44;14,92;7,83;genie_electrique_et_electronique
12,94;13,63;20,0;11,74;11,39;9,81;13,58;13,8;20,0;10,48;12,11;10,38;8,87;14,19;20,0;biotechnologie_et_sciences_pharmaceutiques
16,0;12,7;12,1;13,61;16,3;15,41;14,4;15,78;7,91;13,17;15,32;12,5;11,5;14,24;7,72;economie_et_gestion
17,76;15,57;11,81;9,88;8,87;11,72;11,45;18,54;12,21;19,39;7,3;10,25;10,83;16,92;12,68;science_des_donnees_et_intelligence_artificielle
17,39;19,51;14,06;11,0;10,32;10,53;13,43;16,43;5,04;10,09;8,13;9,49;19,05;14,44;6,17;genie_mecanique_et_industriel
14,82;9,87;10,92;13,49;15,87;15,9;12,8;13,42;6,47;13,87;20,0;11,79;7,25;15,86;8,52;economie_et_gestion
8,84;9,6;10,43;15,03;17,13;14,0;20,0;16,05;12,3;10,83;9,21;9,87;13,74;12,25;7,51;journalisme_et_medias
15,35;17,74;18,66;12,03;12,62;10,16;13,51;13,2;18,26;11,64;8,8;10,21;8,44;12,16;17,31;biotechnologie_et_sciences_pharmaceutiques
11,71;13,6;12,78;11,77;16,92;14,07;15,39;16,08;10,43;11,22;11,23;14,67;15,32;11,93;11,66;urbanisme_et_amenagement_du_territoire
6,3;7,02;8,68;17,16;17,5;15,89;14,19;14,52;9,97;10,4;11,83;11,97;7,08;7,35;10,77;droit_et_sciences_politiques
14,4;14,8;9,82;14,52;11,04;10,95;12,35;14,24;11,7;10,78;8,38;11,6;18,08;11,75;6,43;architecture_et_design_interieur
16,89;16,0;9,99;13,88;11,04;9,27;12,01;15,11;6,99;14,52;7,8;13,47;20,0;11,46;4,71;architecture_et_design_interieur
15,82;16,69;13,83;10,22;11,82;9,45;12,96;16,01;12,0;16,04;12,22;9,12;11,09;12,52;10,67;informatique_administration_reseaux_et_ia
14,96;14,85;13,92;16,97;8,52;8,8;11,8;10,89;13,11;11,1;9,79;11,79;20,0;11,19;11,06;architecture_et_design_interieur
7,71;9,64;11,52;14,43;14,19;18,37;13,51;13,84;15,37;9,15;8,92;14,28;10,1;13,91;12,32;psychologie_et_sciences_de_l_education
12,51;11,04;11,58;11,21;7,67;9,73;16,64;12,96;19,56;10,79;8,78;12,83;11,05;11,68;16,76;sciences_veterinaires
17,0;14,93;13,12;13,03;8,31;13,17;12,48;16,47;13,92;16,93;8,33;9,43;7,19;14,37;9,27;informatique_administration_reseaux_et_ia
10,46;8,62;10,16;20,0;15,65;16,66;16,7;14,11;5,08;10,31;13,5;14,27;12,81;10,39;7,23;journalisme_et_medias
14,12;8,86;11,56;10,88;13,82;9,64;11,35;13,43;12,66;9,23;12,89;16,46;8,83;10,59;13,6;sport_et_sciences_du_mouvement
20,0;16,37;12,7;12,49;10,14;12,72;14,87;14,92;14,6;18,19;13,63;9,71;9,69;20,0;9,53;science_des_donnees_et_intelligence_artificielle
19,86;19,64;10,87;10,9;6,65;7,91;12,75;18,71;9,73;16,51;8,58;8,61;14,89;16,5;6,03;genie_electrique_et_electronique
11,06;14,65;11,25;14,95;10,73;11,04;9,64;16,34;13,93;11,42;9,2;20,0;10,29;8,36;13,75;sport_et_sciences_du_mouvement
18,28;11,45;12,22;14,82;12,31;11,34;16,46;16,13;10,44;14,65;20,0;11,21;7,68;17,33;8,41;finance_comptabilite_et_audit
19,37;20,0;13,05;12,76;9,6;10,25;12,19;13,38;12,6;11,12;9,4;11,25;18,78;16,69;6,47;genie_mecanique_et_industriel
18,28;11,85;15,21;14,79;13,87;14,65;14,49;18,65;7,31;14,87;18,63;13,94;9,88;15,35;4,17;finance_comptabilite_et_audit
15,13;9,26;13,6;15,31;17,47;9,09;18,33;16,49;12,39;13,44;17,52;9,8;8,8;15,08;10,39;commerce_international_et_logistique
8,99;8,07;6,86;16,33;14,94;15,65;15,82;13,34;6,33;9,17;9,78;13,74;10,3;7,97;4,37;journalisme_et_medias
4,82;6,68;8,23;17,4;9,38;11,41;18,73;11,24;14,13;5,22;7,37;16,06;8,16;4,25;10,44;langues_et_communication
16,77;15,69;10,44;9,64;12,61;9,41;12,17;17,74;8,35;14,24;8,32;12,08;16,29;10,22;6,9;architecture_et_design_interieur
11,11;12,12;8,11;10,47;11,46;12,12;12,15;13,57;7,79;11,98;10,2;10,28;16,47;11,57;8,91;urbanisme_et_amenagement_du_territoire
13,85;11,4;13,76;13,22;18,26;13,48;14,87;12,56;12,88;12,57;16,61;13,56;6,71;16,46;10,71;economie_et_gestion
10,87;13,24;18,88;13,25;11,47;13,86;14,39;10,27;17,38;11,34;7,0;9,69;5,6;7,61;15,85;biotechnologie_et_sciences_pharmaceutiques
10,57;12,91;16,56;13,87;9,48;11,41;13,7;13,49;19,72;5,87;7,01;15,03;11,35;10,33;16,13;sciences_veterinaires
10,74;7,36;6,44;18,93;19,44;15,49;19,79;12,59;10,38;11,43;13,99;12,0;11,06;12,34;6,61;journalisme_et_medias
19,56;20,0;11,16;11,85;7,32;8,91;12,89;16,95;9,17;20,0;11,1;7,79;16,7;15,37;8,67;genie_electrique_et_electronique
15,37;10,61;5,4;10,63;8,75;11,17;11,06;14,12;8,09;17,08;11,86;8,99;7,79;14,38;10,07;cybersecurite_et_reseaux
16,72;19,43;12,25;11,16;9,2;9,51;11,68;15,03;9,78;12,57;6,99;11,99;16,36;12,12;7,5;genie_civil_et_construction
7,99;6,31;8,45;16,99;13,68;13,74;17,09;9,11;6,25;10,43;11,49;10,78;6,08;5,91;7,94;traduction_et_interpretariat
14,83;12,9;11,37;16,62;16,39;11,11;18,89;14,08;10,59;13,83;17,41;13,15;8,4;13,66;8,65;commerce_international_et_logistique
9,87;8,79;11,54;18,23;15,85;14,18;16,35;14,61;8,65;10,39;11,84;13,12;11,42;9,85;8,04;journalisme_et_medias
8,32;10,55;10,7;15,77;17,7;15,89;12,33;16,33;13,07;9,35;11,04;14,38;12,53;11,45;9,49;sciences_sociales_et_sociologie
19,36;19,53;12,72;9,76;7,43;3,21;8,48;18,09;9,03;18,69;11,65;9,04;18,85;16,74;7,09;genie_electrique_et_electronique
18,9;20,0;10,36;13,51;14,11;10,07;16,28;15,72;10,09;11,66;11,76;12,09;16,41;16,91;9,65;genie_civil_et_construction
18,03;16,64;16,08;13,96;8,81;8,27;15,12;17,62;10,95;17,04;7,21;8,19;12,67;17,94;6,49;informatique_administration_reseaux_et_ia
8,99;6,82;8,27;16,81;16,2;14,43;16,26;13,27;7,33;9,82;9,89;12,3;8,91;6,8;4,98;langues_et_communication
7,51;10,23;8,17;19,59;18,4;15,87;17,02;14,19;9,86;7,75;10,09;13,28;8,97;9,44;7,24;langues_et_communication
14,07;16,93;18,16;10,52;12,84;11,69;13,02;11,13;17,75;11,64;7,48;8,54;9,61;12,0;17,67;biotechnologie_et_sciences_pharmaceutiques
18,13;17,3;10,28;8,54;10,32;10,45;13,77;17,08;10,81;13,11;11,51;10,16;18,33;14,07;8,43;genie_civil_et_construction
9,67;6,55;8,94;13,41;17,07;18,01;12,65;16,89;10,91;6,34;10,46;13,03;6,32;13,22;11,28;sciences_sociales_et_sociologie
18,41;17,8;17,58;14,0;10,45;7,9;9,26;15,44;11,21;11,28;11,05;15,45;20,0;13,67;6,81;genie_mecanique_et_industriel
15,51;15,79;14,46;15,72;8,88;7,75;13,83;17,59;16,13;17,86;11,41;11,98;9,53;9,79;12,57;informatique_administration_reseaux_et_ia
12,8;10,23;8,82;15,43;17,57;11,29;12,51;12,86;14,95;11,1;12,84;11,31;12,08;13,57;14,84;sciences_sociales_et_sociologie
7,92;12,33;10,57;14,62;11,79;13,7;11,56;12,76;14,18;10,43;5,23;16,83;8,36;8,08;12,88;sport_et_sciences_du_mouvement
10,13;9,82;8,46;17,1;12,36;14,97;16,36;10,08;7,35;13,95;7,48;11,87;7,35;7,93;6,49;traduction_et_interpretariat
17,32;13,41;13,11;13,88;10,71;9,91;14,29;14,65;5,94;13,01;15,72;12,96;6,49;17,22;7,55;sciences_actuarielles_et_statistiques
9,38;5,51;11,27;14,37;17,58;16,64;13,43;13,08;13,54;9,83;14,03;12,58;7,77;14,31;11,92;sciences_sociales_et_sociologie
9,23;8,19;9,02;16,96;12,79;13,22;17,04;13,27;9,12;11,63;7,49;11,71;8,76;7,6;7,73;traduction_et_interpretariat
17,13;17,2;13,77;10,97;9,54;10,45;15,84;19,2;10,04;20,0;9,97;9,61;10,33;14,77;7,95;science_des_donnees_et_intelligence_artificielle
13,87;11,98;11,93;8,76;10,82;8,87;11,22;14,3;18,82;12,31;11,66;12,37;7,97;11,9;18,04;sciences_veterinaires
17,75;16,21;10,98;11,41;8,6;11,43;13,73;15,48;10,68;18,58;8,93;10,86;11,63;18,51;10,53;science_des_donnees_et_intelligence_artificielle
18,48;12,16;10,01;13,82;11,63;13,13;14,01;16,39;10,94;13,53;18,29;11,61;6,85;17,83;9,5;sciences_actuarielles_et_statistiques
14,89;15,72;20,0;12,17;13,66;13,05;15,4;12,68;18,65;13,66;9,59;10,07;10,94;10,85;17,36;biotechnologie_et_sciences_pharmaceutiques
9,1;8,99;10,66;17,75;18,24;10,34;15,94;13,0;10,58;10,73;14,64;16,21;7,36;10,48;7,78;tourisme_et_hotellerie
16,25;16,13;16,23;14,35;11,58;10,34;17,13;18,21;11,3;20,0;6,36;8,23;12,69;14,11;11,87;informatique_administration_reseaux_et_ia
17,58;7,8;9,51;11,78;16,8;12,15;16,24;16,12;8,36;13,82;19,06;7,79;10,19;16,08;5,57;economie_et_gestion
18,48;19,87;15,24;10,22;7,64;5,84;10,89;17,02;11,14;18,29;8,64;11,3;16,23;16,72;7,64;genie_electrique_et_electronique
12,69;13,78;18,47;12,73;13,22;11,15;12,5;15,37;15,53;12,15;8,23;17,11;7,3;9,93;16,62;medecine_et_sante
8,12;8,96;8,43;18,32;16,37;16,84;15,51;14,43;6,61;9,07;12,15;14,12;8,35;9,96;7,64;droit_et_sciences_politiques
19,23;16,67;14,29;11,22;10,81;12,44;16,01;12,02;12,56;19,06;12,46;10,64;8,63;16,68;11,92;science_des_donnees_et_intelligence_artificielle
19,29;12,43;13,01;14,5;16,42;7,9;18,63;13,01;9,92;10,66;19,7;11,51;8,49;17,07;9,47;finance_comptabilite_et_audit
19,33;14,28;13,98;11,47;10,99;9,7;15,11;19,56;10,6;17,54;14,7;11,57;7,84;18,74;8,86;sciences_actuarielles_et_statistiques
16,01;17,87;14,28;9,82;10,01;8,08;10,71;15,82;7,16;14,28;7,81;11,95;16,28;13,48;3,95;genie_mecanique_et_industriel
13,39;11,75;16,82;6,85;12,28;8,33;13,54;9,89;19,24;8,93;11,54;15,31;9,47;14,32;16,86;agronomie_et_environnement
10,07;12,5;9,97;12,13;13,29;9,83;12,85;15,29;13,59;12,0;6,58;15,93;9,15;9,83;12,2;sport_et_sciences_du_mouvement
13,84;14,99;17,86;12,35;11,7;12,68;12,81;13,47;17,59;7,95;6,79;13,93;6,42;12,71;17,64;medecine_et_sante
14,26;9,37;10,15;12,52;17,0;12,38;14,24;12,91;10,5;12,41;18,17;12,27;7,47;14,99;7,4;economie_et_gestion
12,61;15,39;17,37;13,67;10,07;11,64;14,71;15,08;17,9;10,61;7,3;11,86;12,04;8,4;20,0;medecine_et_sante
12,62;16,9;20,0;13,95;10,47;10,65;13,61;13,07;18,3;10,74;11,26;13,62;7,35;9,7;17,4;pharmacie
17,63;16,11;13,01;14,23;10,15;10,58;15,02;12,69;6,38;14,67;14,07;7,83;10,55;19,96;3,23;sciences_actuarielles_et_statistiques
8,35;11,03;12,7;15,28;12,96;18,41;13,03;18,5;14,85;12,88;8,04;11,16;9,78;11,87;11,02;psychologie_et_sciences_de_l_education
8,8;12,52;9,67;10,98;11,68;12,09;11,83;13,51;13,24;10,84;9,76;18,09;10,85;8,58;15,19;sport_et_sciences_du_mouvement
9,12;7,23;12,73;15,66;14,91;16,18;14,14;19,15;13,91;7,93;9,86;14,01;6,44;11,26;11,98;psychologie_et_sciences_de_l_education
13,04;13,65;11,02;12,88;17,75;10,73;14,38;13,76;9,25;14,39;14,82;12,32;16,92;12,55;8,21;urbanisme_et_amenagement_du_territoire
19,45;14,29;13,76;12,33;11,6;6,95;14,61;13,83;8,12;16,49;16,53;10,24;10,09;18,86;9,57;sciences_actuarielles_et_statistiques
16,34;18,9;14,53;12,43;10,34;9,76;10,56;13,3;12,26;16,04;9,66;14,14;17,86;10,42;7,68;genie_civil_et_construction
9,96;9,25;12,51;19,42;15,13;11,74;17,61;14,45;9,72;12,1;10,64;16,34;12,07;5,66;8,78;tourisme_et_hotellerie
12,68;10,47;12,82;13,62;13,78;10,98;12,15;13,02;18,55;8,81;10,27;15,34;9,45;12,77;16,23;agronomie_et_environnement
16,55;13,08;14,86;14,04;12,35;12,93;18,24;16,78;6,97;13,77;18,78;9,12;11,89;15,83;5,25;finance_comptabilite_et_audit
9,72;7,06;6,48;15,79;15,43;10,36;15,45;11,01;12,3;11,14;13,11;15,66;8,79;9,03;9,58;tourisme_et_hotellerie
12,81;11,65;14,79;10,08;10,15;8,87;14,93;11,11;17,73;8,62;7,7;16,17;9,69;12,33;15,46;sciences_veterinaires
16,24;13,07;15,73;11,55;14,0;14,35;14,28;14,77;14,75;15,39;17,81;13,64;8,43;19,28;9,95;economie_et_gestion
12,21;11,51;12,31;14,03;16,72;10,9;11,78;14,01;12,16;10,76;9,57;17,37;8,43;12,44;15,81;sport_et_sciences_du_mouvement
10,8;8,71;8,9;18,28;18,38;10,63;14,65;15,35;11,05;10,95;13,78;17,2;9,54;10,79;11,6;tourisme_et_hotellerie
17,96;14,8;11,95;12,52;11,61;13,93;11,63;16,9;10,33;13,42;15,67;11,14;7,78;19,04;7,86;sciences_actuarielles_et_statistiques
17,17;18,55;12,65;12,59;12,16;6,79;12,13;13,87;10,08;10,43;8,76;10,6;17,53;12,9;6,52;genie_mecanique_et_industriel
17,3;17,06;12,13;10,16;12,56;12,31;12,16;15,45;6,93;19,67;11,08;12,32;10,34;18,21;7,72;informatique_administration_reseaux_et_ia
15,58;16,92;11,31;11,58;9,33;8,87;12,02;14,29;7,99;13,43;11,74;8,74;19,39;12,27;5,11;architecture_et_design_interieur
12,43;11,6;9,97;13,33;14,2;12,99;10,98;12,5;8,65;10,02;8,43;9,62;18,42;12,54;9,09;urbanisme_et_amenagement_du_territoire
12,24;7,4;8,16;15,59;19,94;15,02;12,92;11,42;12,9;10,8;12,41;10,34;6,82;11,93;11,11;droit_et_sciences_politiques
12,06;14,93;20,0;10,27;10,53;8,91;15,96;12,09;17,87;11,07;7,89;11,37;8,77;10,51;20,0;pharmacie
16,0;19,03;12,41;11,12;9,56;11,83;15,36;15,95;14,25;13,82;10,33;17,99;16,65;9,87;10,67;genie_mecanique_et_industriel
15,7;11,81;8,73;8,0;7,21;10,82;13,18;18,21;14,49;18,45;9,8;12,47;12,27;18,6;10,87;cybersecurite_et_reseaux
15,44;20,0;13,73;12,36;10,49;11,26;13,09;17,0;8,76;14,58;7,52;13,98;12,28;15,15;9,76;genie_electrique_et_electronique
9,9;7,43;10,33;17,46;12,19;16,02;15,93;13,81;6,02;7,86;11,15;11,57;10,4;11,16;8,5;journalisme_et_medias
17,06;8,04;9,33;10,69;8,77;6,09;14,99;15,91;12,92;13,35;17,51;9,72;10,19;17,34;9,57;finance_comptabilite_et_audit
13,73;13,27;14,9;15,75;6,3;11,95;16,54;13,88;20,0;13,31;10,87;15,02;8,96;11,18;19,24;sciences_veterinaires
13,24;10,29;8,46;9,01;9,62;14,3;14,64;15,91;11,26;18,86;14,13;12,0;8,63;16,43;10,82;cybersecurite_et_reseaux
19,14;12,58;13,45;14,91;12,12;14,96;15,04;16,18;7,23;14,02;19,42;10,07;9,37;16,98;4,61;finance_comptabilite_et_audit
11,1;9,39;10,51;14,68;18,12;11,53;17,11;13,21;11,56;9,13;10,61;15,5;12,38;11,37;10,66;tourisme_et_hotellerie
19,63;20,0;12,15;13,0;11,16;11,34;13,7;14,43;10,57;18,01;10,48;11,3;15,82;15,11;9,84;genie_electrique_et_electronique
9,36;13,62;10,3;13,62;13,52;13,63;14,4;15,34;14,09;8,91;6,85;16,82;9,55;8,48;12,01;sport_et_sciences_du_mouvement
17,63;16,81;13,17;12,61;12,69;9,84;13,83;16,01;11,37;12,57;11,85;14,21;20,0;11,19;9,17;architecture_et_design_interieur
15,43;11,31;17,4;11,02;14,61;11,17;9,95;13,78;16,78;11,39;8,67;14,69;6,16;12,59;17,87;medecine_et_sante
12,46;10,55;11,54;11,93;13,52;10,05;13,82;13,15;12,67;10,8;12,43;18,43;9,72;11,46;12,28;sport_et_sciences_du_mouvement
11,12;8,14;7,64;20,0;13,62;13,58;18,92;7,3;4,57;12,47;10,73;10,48;6,1;9,88;10,51;traduction_et_interpretariat
19,43;13,85;11,83;9,63;8,93;12,47;12,13;16,09;13,52;20,0;9,41;7,07;12,51;17,37;12,52;science_des_donnees_et_intelligence_artificielle
16,5;18,43;15,27;12,53;11,27;7,48;11,7;18,37;6,49;16,75;11,44;8,29;7,71;15,4;6,41;informatique_administration_reseaux_et_ia
16,23;18,78;10,73;10,76;12,58;8,67;11,88;19,5;9,76;11,28;8,04;12,49;17,01;11,76;9,12;genie_civil_et_construction
8,5;7,19;7,21;16,76;16,56;14,26;15,6;12,38;8,55;8,71;11,0;10,52;8,8;13,4;10,05;langues_et_communication
9,32;6,38;7,28;16,46;18,47;16,05;18,54;12,6;9,06;13,18;11,99;11,74;10,9;9,67;8,47;journalisme_et_medias
14,79;18,03;15,46;9,89;11,05;6,53;12,63;16,62;7,45;19,34;8,82;7,15;12,74;14,41;9,06;informatique_administration_reseaux_et_ia
16,51;16,08;13,16;9,47;11,76;6,05;13,6;16,28;4,53;18,87;10,56;12,47;6,11;14,39;6,16;cybersecurite_et_reseaux
19,94;14,84;12,95;11,91;8,58;8,91;13,75;14,78;9,0;16,75;13,82;10,87;8,16;20,0;8,31;sciences_actuarielles_et_statistiques
13,25;15,08;18,53;15,26;6,38;11,89;14,21;14,65;17,38;9,51;10,27;12,1;4,87;10,97;17,66;pharmacie
14,07;18,1;20,0;9,19;16,91;11,53;10,5;14,2;18,64;10,28;7,3;8,79;9,49;12,12;16,33;biotechnologie_et_sciences_pharmaceutiques
10,9;6,8;9,11;17,87;16,28;15,78;17,26;11,64;8,0;8,37;14,63;12,33;9,54;12,74;6,22;droit_et_sciences_politiques
17,28;9,3;13,24;15,57;16,41;12,78;13,54;16,21;11,47;12,14;16,68;12,78;11,0;15,94;7,07;economie_et_gestion
19,24;12,78;12,52;11,71;11,32;5,04;15,3;15,27;13,17;14,86;15,85;10,27;7,76;18,15;13,11;sciences_actuarielles_et_statistiques
7,38;11,94;8,42;13,32;9,09;11,04;10,63;11,05;14,26;8,32;7,79;20,0;9,1;9,64;13,02;sport_et_sciences_du_mouvement
11,97;12,95;15,24;10,29;15,09;6,6;12,51;14,13;18,8;10,16;11,46;16,24;9,39;13,0;19,41;agronomie_et_environnement
15,07;17,65;11,39;11,44;12,21;5,56;14,43;15,81;11,92;17,96;10,8;11,83;7,92;11,47;10,86;informatique_administration_reseaux_et_ia
12,73;6,8;9,22;14,37;17,56;14,1;17,32;12,42;9,32;10,58;14,2;9,97;7,86;15,36;8,16;commerce_international_et_logistique
14,18;11,94;12,43;14,38;14,33;6,92;17,65;15,13;10,76;10,36;15,87;11,78;7,04;14,98;7,16;commerce_international_et_logistique
13,51;10,55;10,06;15,13;18,97;15,79;11,47;13,41;11,33;12,47;12,05;10,99;8,68;12,17;10,25;sciences_sociales_et_sociologie
8,14;8,37;13,07;16,87;15,17;12,87;16,83;12,37;10,5;7,67;8,63;19,74;13,14;9,24;7,86;tourisme_et_hotellerie
9,39;10,37;10,37;17,98;11,39;14,65;11,88;19,37;13,6;10,22;7,62;13,72;7,59;10,21;7,69;psychologie_et_sciences_de_l_education
15,98;11,64;13,22;13,08;15,06;8,9;18,04;14,04;9,58;10,44;17,86;14,63;15,36;10,61;6,87;commerce_international_et_logistique
18,0;10,29;12,28;14,16;15,88;12,98;13,47;16,03;6,62;14,39;19,18;11,96;7,29;18,25;4,22;finance_comptabilite_et_audit
10,88;14,96;14,88;13,23;7,41;12,38;14,0;14,31;18,36;7,67;9,2;17,44;11,19;11,6;16,14;sciences_veterinaires
16,73;16,91;13,74;11,9;8,35;10,73;15,74;17,15;13,02;13,34;10,19;14,32;14,05;12,58;10,32;informatique_administration_reseaux_et_ia
18,08;14,04;8,55;9,93;10,79;9,55;13,91;20,0;11,81;19,7;9,59;8,91;5,2;18,27;8,48;science_des_donnees_et_intelligence_artificielle
18,03;13,01;10,28;14,01;5,66;10,98;16,65;17,71;8,95;19,93;8,94;9,36;13,88;15,85;9,12;cybersecurite_et_reseaux
12,29;9,77;11,01;16,88;15,94;15,58;16,1;16,61;11,05;8,99;12,37;12,1;8,16;11,16;10,17;commerce_international_et_logistique
17,23;19,89;13,4;11,64;10,0;8,7;10,34;16,42;11,88;15,68;9,4;16,35;18,18;13,23;8,06;genie_civil_et_construction
10,89;9,88;15,16;12,39;8,63;10,32;11,05;11,22;16,66;8,24;11,87;14,78;11,06;10,85;17,07;agronomie_et_environnement
13,23;16,24;10,56;13,39;14,22;12,02;14,06;12,32;10,22;13,18;12,21;15,07;14,09;14,89;6,7;urbanisme_et_amenagement_du_territoire
12,45;15,61;19,75;10,35;9,82;11,22;16,2;12,94;15,97;13,68;8,37;12,57;5,62;8,13;16,53;pharmacie
8,53;8,45;10,57;16,72;15,43;14,93;16,29;13,11;9,17;12,06;10,71;13,39;7,68;7,57;8,31;journalisme_et_medias
5,78;7,92;5,65;18,62;13,1;14,1;16,97;7,48;7,81;9,39;9,22;11,67;8,05;9,23;10,06;langues_et_communication
17,97;9,87;15,3;12,22;12,62;8,69;19,6;17,41;12,34;11,16;17,57;11,57;4,84;18,47;10,28;finance_comptabilite_et_audit
15,08;14,59;17,56;11,4;13,67;10,73;15,69;11,99;16,78;10,48;7,98;16,14;8,6;14,33;17,03;medecine_et_sante
15,71;19,84;15,01;10,19;10,01;10,49;12,68;19,41;13,37;10,25;5,87;11,85;18,56;14,23;7,42;genie_mecanique_et_industriel
16,36;11,38;13,25;13,61;12,8;11,02;18,98;16,3;9,85;9,36;18,29;11,66;13,59;16,66;9,32;commerce_international_et_logistique
9,56;7,44;9,49;19,37;12,69;14,27;16,29;9,38;4,68;7,37;8,1;10,52;6,57;8,18;10,76;traduction_et_interpretariat
14,08;9,58;9,72;16,02;18,14;18,74;16,94;12,54;10,62;14,3;10,66;12,44;14,54;13,81;9,17;journalisme_et_medias
16,28;20,0;13,32;11,36;11,11;11,78;16,79;17,23;9,17;17,19;13,43;10,71;9,92;15,59;10,1;informatique_administration_reseaux_et_ia
18,15;19,36;11,26;9,53;9,63;7,03;10,36;15,63;10,82;20,0;8,43;10,96;16,31;13,93;5,1;genie_electrique_et_electronique
18,06;19,06;13,43;13,45;11,23;6,18;12,12;16,43;10,42;13,83;14,48;12,43;19,78;15,26;6,19;genie_civil_et_construction
8,37;6,7;8,92;18,45;12,7;13,18;18,98;8,39;8,54;10,38;11,58;12,93;8,2;7,49;7,82;traduction_et_interpretariat
9,57;9,53;11,78;10,13;11,88;14,89;11,79;14,9;14,94;10,15;9,67;19,84;10,42;10,03;12,62;sport_et_sciences_du_mouvement
19,74;16,96;11,62;14,15;9,7;11,92;11,49;15,75;11,32;19,05;11,72;10,96;12,19;19,4;7,13;science_des_donnees_et_intelligence_artificielle
6,8;7,06;8,38;17,09;16,13;17,24;10,1;12,41;9,14;7,32;17,07;11,13;8,06;10,06;7,91;droit_et_sciences_politiques
8,96;8,44;10,83;15,44;16,0;18,09;14,07;18,28;12,55;12,06;10,63;11,52;10,24;10,11;10,25;psychologie_et_sciences_de_l_education
9,22;14,77;14,71;11,85;13,06;10,19;9,16;14,94;18,21;9,83;8,15;12,49;9,37;6,8;17,07;sciences_veterinaires
9,6;6,63;10,88;16,58;14,01;10,83;15,21;12,88;9,25;7,89;9,65;13,75;8,41;12,3;11,39;tourisme_et_hotellerie
12,39;12,93;16,11;11,33;10,21;9,38;15,56;12,84;20,0;9,97;7,96;12,01;10,96;11,97;18,73;sciences_veterinaires
16,47;15,19;11,57;13,53;12,36;11,03;13,62;13,76;11,09;13,11;11,98;13,03;19,4;13,2;8,24;architecture_et_design_interieur
7,81;6,39;8,56;19,3;15,56;18,48;13,27;13,8;10,47;10,5;12,89;13,74;8,6;8,95;8,71;droit_et_sciences_politiques
9,45;16,97;17,75;11,31;11,25;9,51;13,35;13,85;16,66;8,73;7,98;17,54;11,57;7,89;14,5;sciences_veterinaires
15,07;11,2;10,91;10,65;13,48;7,7;15,76;13,94;13,25;12,41;14,72;9,5;5,37;17,61;9,01;finance_comptabilite_et_audit
9,22;11,16;8,43;15,1;13,8;13,84;18,38;10,62;10,29;12,54;7,29;12,76;7,59;8,37;7,91;traduction_et_interpretariat
11,19;17,38;19,42;12,22;11,24;15,95;11,07;14,77;16,82;12,29;8,8;10,74;6,78;9,08;18,16;biotechnologie_et_sciences_pharmaceutiques
19,01;19,55;12,44;8,85;7,45;12,51;14,34;19,97;12,65;13,84;10,2;8,57;16,15;14,27;10,49;genie_electrique_et_electronique
14,35;15,54;17,05;12,92;13,46;10,7;10,65;14,51;15,69;11,29;12,52;14,23;11,84;13,53;16,67;agronomie_et_environnement
16,44;14,63;14,89;12,99;11,74;11,85;16,8;14,95;9,08;16,25;17,87;11,63;11,23;13,57;7,07;finance_comptabilite_et_audit
20,0;14,14;11,37;11,37;10,14;9,5;17,63;13,12;9,76;17,53;16,98;12,63;8,41;20,0;8,6;sciences_actuarielles_et_statistiques
7,28;5,48;8,96;15,64;16,08;12,87;16,54;14,42;10,37;9,43;10,83;16,59;11,49;6,03;9,02;tourisme_et_hotellerie
6,24;7,29;11,61;17,87;14,98;14,64;17,4;10,61;8,13;10,46;6,91;12,33;10,91;7,55;8,76;langues_et_communication
13,89;14,7;11,85;11,83;17,31;12,49;16,8;15,73;7,86;10,42;12,6;10,95;18,34;13,35;6,79;urbanisme_et_amenagement_du_territoire
16,93;19,81;13,37;9,13;11,56;7,14;11,92;15,39;7,75;15,5;8,2;11,08;16,71;15,58;8,3;genie_electrique_et_electronique
12,37;14,5;17,85;12,24;13,05;8,5;14,82;14,13;16,75;11,51;15,11;15,82;8,99;8,47;16,29;agronomie_et_environnement
15,63;13,44;16,47;11,05;13,41;12,63;15,26;10,16;15,55;11,7;9,15;15,03;11,29;13,12;18,26;agronomie_et_environnement
14,34;14,14;18,16;10,25;14,65;10,76;13,4;12,09;17,28;12,53;5,98;9,8;11,89;13,09;19,11;medecine_et_sante
11,82;10,05;10,2;14,83;19,04;11,82;14,38;11,89;8,61;12,31;11,67;15,39;10,8;7,39;9,27;tourisme_et_hotellerie
13,66;14,97;15,24;11,19;12,31;9,44;10,7;14,54;16,31;12,86;12,02;12,15;9,22;10,69;15,12;sciences_veterinaires
10,16;9,34;9,45;15,19;17,61;15,59;18,63;16,3;14,82;12,57;9,96;13,91;11,51;6,12;12,29;journalisme_et_medias
18,18;20,0;13,43;12,98;7,54;8,06;11,26;16,8;8,56;16,7;10,29;10,74;18,34;13,76;10,75;genie_electrique_et_electronique
15,36;20,0;15,31;7,07;9,61;9,53;12,51;18,88;9,54;11,88;9,26;10,32;16,91;13,66;5,38;genie_mecanique_et_industriel
6,11;8,24;10,24;16,78;19,98;15,65;14,56;15,71;13,73;10,13;10,57;11,77;10,38;10,56;10,86;sciences_sociales_et_sociologie
13,95;16,12;12,97;12,16;10,09;7,4;13,9;17,21;11,82;15,73;11,18;13,37;12,88;12,32;10,87;informatique_administration_reseaux_et_ia
15,26;10,25;10,53;13,0;15,16;12,97;17,71;17,24;8,9;12,81;18,38;11,41;10,8;14,14;9,55;commerce_international_et_logistique
3,46;7,74;8,3;18,88;13,28;11,78;16,95;11,4;7,72;5,89;8,86;10,66;8,0;5,96;11,44;langues_et_communication
17,36;11,32;17,11;13,4;16,16;12,3;15,69;10,77;16,8;9,89;12,49;14,69;7,45;13,38;18,01;agronomie_et_environnement
12,81;12,61;10,27;17,23;17,58;11,35;18,24;13,73;9,17;13,89;15,54;16,12;9,63;12,22;9,6;commerce_international_et_logistique
13,84;16,55;10,58;14,44;15,41;13,06;15,7;12,14;9,32;13,73;14,75;12,36;18,13;8,94;9,99;urbanisme_et_amenagement_du_territoire
13,2;7,56;8,97;14,67;14,73;13,11;12,35;16,78;14,37;12,05;8,41;14,66;9,86;14,42;12,0;psychologie_et_sciences_de_l_education
11,77;7,06;9,07;16,32;17,32;18,59;15,16;12,52;13,32;12,26;15,32;15,21;10,25;13,93;14,07;sciences_sociales_et_sociologie
17,64;13,47;13,86;10,24;17,12;9,79;11,84;9,35;14,35;11,62;11,66;13,87;11,34;14,77;17,41;agronomie_et_environnement
19,37;18,79;11,26;12,67;12,32;10,87;10,19;16,58;11,92;13,75;9,56;12,43;16,75;11,46;10,59;genie_civil_et_construction
12,58;15,42;17,06;7,87;12,47;8,55;12,18;9,99;17,36;9,57;8,86;11,79;7,0;13,51;20,0;biotechnologie_et_sciences_pharmaceutiques
13,79;18,4;8,93;13,63;8,97;9,42;12,01;15,09;10,73;10,13;9,46;8,91;16,29;11,4;9,26;architecture_et_design_interieur
12,08;17,55;19,48;11,44;9,85;9,99;15,63;14,04;17,38;8,59;8,94;13,99;7,62;13,28;17,92;pharmacie
18,79;10,1;13,73;12,83;11,39;8,52;15,87;15,68;11,65;13,22;17,01;10,84;9,39;16,33;8,34;finance_comptabilite_et_audit
16,06;15,9;12,08;10,96;13,16;11,54;13,62;17,08;9,02;11,12;10,19;13,04;18,81;13,47;8,39;architecture_et_design_interieur
7,31;8,15;10,83;13,95;13,83;13,78;13,73;16,15;15,91;10,55;4,51;13,8;7,13;11,72;11,53;psychologie_et_sciences_de_l_education
10,83;7,82;10,51;17,25;17,02;11,7;17,52;15,64;10,5;9,21;10,32;14,35;9,94;10,02;8,93;tourisme_et_hotellerie
6,97;7,98;11,03;18,01;17,71;16,07;13,87;10,35;7,91;8,55;10,6;12,53;8,04;9,34;9,48;droit_et_sciences_politiques
14,52;14,38;17,66;15,03;9,45;12,74;15,78;11,86;17,68;10,12;14,73;11,89;3,4;14,52;19,74;biotechnologie_et_sciences_pharmaceutiques
17,18;11,7;12,71;15,92;17,99;9,41;17,48;14,44;10,94;15,06;16,97;12,3;12,6;16,42;8,13;commerce_international_et_logistique
17,72;17,07;14,52;10,47;12,56;8,55;14,74;16,84;11,23;14,64;13,75;7,05;9,42;16,78;10,1;sciences_actuarielles_et_statistiques
15,47;15,16;13,09;10,36;11,94;9,82;19,41;20,0;1,2;20,0;12,85;12,41;8,63;19,95;5,05;cybersecurite_et_reseaux
19,47;13,88;13,64;13,44;9,3;8,76;16,86;14,79;10,41;11,41;15,84;11,02;7,48;18,89;6,41;sciences_actuarielles_et_statistiques
14,71;15,83;17,82;8,4;14,38;9,69;15,24;13,22;17,02;11,56;8,9;16,01;7,32;14,99;18,99;medecine_et_sante
18,03;19,53;12,85;12,77;11,32;10,8;15,53;14,7;9,26;13,27;7,63;10,62;13,49;13,78;10,33;genie_electrique_et_electronique
15,28;13,59;14,55;11,53;14,47;7,95;15,72;16,0;8,55;10,71;14,35;11,39;6,26;18,37;10,78;finance_comptabilite_et_audit
13,54;8,84;12,64;15,19;12,3;10,48;19,41;12,37;9,7;9,01;20,0;11,37;8,48;16,32;7,07;economie_et_gestion
15,18;15,77;17,52;12,36;12,01;14,84;12,95;13,46;19,94;12,24;7,14;14,83;9,3;11,93;19,93;medecine_et_sante
19,11;19,53;13,41;10,62;13,06;7,86;14,65;12,52;5,72;15,68;9,48;10,19;16,5;14,75;2,0;genie_electrique_et_electronique
14,52;14,44;10,08;11,04;15,86;11,38;13,72;15,24;8,55;13,24;14,53;10,07;17,16;14,33;6,41;urbanisme_et_amenagement_du_territoire
10,14;5,86;6,46;17,36;14,97;10,18;16,23;12,83;10,54;9,87;8,98;13,98;10,35;8,49;10,26;tourisme_et_hotellerie
19,92;19,86;14,25;9,66;10,99;11,09;12,79;14,34;10,31;15,55;9,78;9,03;18,65;18,47;8,87;genie_electrique_et_electronique
15,21;11,48;12,62;14,82;15,99;11,08;15,16;16,11;9,77;14,37;14,83;11,49;9,86;10,91;6,4;economie_et_gestion
15,54;15,41;20,0;11,65;12,79;12,9;14,38;13,54;17,37;12,48;8,66;13,17;10,74;12,8;16,89;medecine_et_sante
8,93;8,86;10,11;16,99;17,45;12,42;16,98;10,29;12,44;12,15;11,52;15,74;13,57;8,76;9,68;tourisme_et_hotellerie
13,42;9,01;10,29;11,54;13,31;11,46;18,35;16,35;10,48;10,45;16,62;14,49;9,03;10,32;9,69;commerce_international_et_logistique
10,49;8,02;10,35;16,67;15,13;8,17;16,19;13,04;11,3;8,38;10,16;17,17;10,03;9,63;6,46;tourisme_et_hotellerie
11,57;11,03;17,03;11,58;9,0;10,32;12,59;15,35;17,95;9,94;7,76;13,58;5,57;9,14;18,56;sciences_veterinaires
1,51;6,19;5,55;15,88;12,2;13,84;16,94;8,97;10,06;7,55;7,17;12,9;10,2;7,01;9,51;langues_et_communication
14,07;15,45;12,38;15,54;15,0;12,37;12,8;12,31;9,83;12,28;12,32;12,55;19,07;12,14;10,16;urbanisme_et_amenagement_du_territoire
8,38;6,61;10,82;17,65;18,3;18,8;15,18;15,08;13,7;11,56;11,58;13,09;8,0;13,04;10,62;sciences_sociales_et_sociologie
7,44;5,13;6,92;18,07;14,82;13,94;18,93;11,99;9,57;11,3;9,75;14,02;7,07;9,18;10,27;langues_et_communication
4,91;5,8;8,72;19,06;12,52;13,27;17,74;7,23;4,56;7,84;10,24;12,64;4,33;8,53;9,63;traduction_et_interpretariat
14,03;13,41;8,71;14,13;10,42;10,23;11,12;14,19;13,11;10,17;6,43;12,15;16,12;7,76;7,29;architecture_et_design_interieur
13,99;11,11;12,26;19,77;18,41;12,79;15,14;13,08;10,19;10,77;14,25;12,39;13,56;11,01;9,54;tourisme_et_hotellerie
13,71;17,33;11,29;11,51;14,37;12,67;15,31;14,13;6,57;15,15;11,57;13,04;19,05;14,2;5,35;urbanisme_et_amenagement_du_territoire
8,47;8,84;10,11;15,06;12,51;15,88;13,79;19,51;15,51;11,37;8,72;14,58;7,77;10,53;12,03;psychologie_et_sciences_de_l_education
18,63;16,69;10,26;11,27;12,08;8,49;13,63;19,86;8,12;19,96;12,9;11,58;7,32;16,79;7,58;science_des_donnees_et_intelligence_artificielle
10,79;12,68;11,07;10,9;10,1;13,46;15,69;16,96;15,35;8,58;9,64;17,68;8,3;10,11;17,82;sport_et_sciences_du_mouvement
20,0;10,37;11,19;13,55;10,43;10,21;16,84;16,24;6,84;15,9;15,62;10,17;9,25;18,98;7,88;sciences_actuarielles_et_statistiques
20,0;16,9;6,75;11,6;9,13;15,79;13,81;18,35;11,8;19,92;9,09;10,63;9,09;20,0;11,46;science_des_donnees_et_intelligence_artificielle
16,35;9,95;10,85;14,54;15,53;9,97;14,06;14,05;9,93;11,54;16,51;10,16;11,25;19,55;9,21;economie_et_gestion
9,64;6,3;8,28;16,33;11,43;14,46;19,33;11,31;7,42;8,18;10,43;16,07;8,76;8,41;7,0;traduction_et_interpretariat
13,02;10,83;10,76;14,18;20,0;17,08;10,88;14,0;11,5;13,94;9,13;15,84;11,43;10,3;9,54;sciences_sociales_et_sociologie
5,67;5,8;7,5;17,61;13,15;11,45;18,71;10,28;6,01;8,75;8,06;9,74;7,95;8,24;9,69;langues_et_communication
16,98;16,16;10,31;10,04;9,9;7,72;12,14;15,88;10,4;16,45;10,21;12,3;15,12;13,15;7,16;genie_civil_et_construction
10,83;9,41;14,57;12,54;11,57;11,21;11,06;12,43;17,21;9,5;8,57;10,55;7,91;11,36;18,39;sciences_veterinaires
11,49;15,38;17,31;12,46;14,55;15,83;12,03;10,93;18,92;9,93;8,63;14,54;6,6;10,7;17,31;medecine_et_sante
16,19;20,0;12,17;11,33;11,8;9,97;16,49;15,64;9,19;13,27;8,69;11,08;13,69;12,75;6,04;genie_electrique_et_electronique
10,18;7,48;9,84;15,27;20,0;12,64;10,9;14,66;14,92;10,54;9,68;11,24;11,03;12,94;10,78;sciences_sociales_et_sociologie
11,92;16,55;18,44;13,74;10,6;12,58;11,88;12,96;17,2;8,11;8,65;10,77;5,0;10,57;17,89;pharmacie
10,22;8,03;9,57;16,85;16,03;11,77;18,15;13,47;9,88;12,67;10,29;18,48;13,54;9,8;9,91;tourisme_et_hotellerie
12,52;12,87;14,09;15,81;14,07;12,74;11,43;14,69;16,26;7,7;12,1;16,78;10,59;10,04;16,55;agronomie_et_environnement
16,54;20,0;14,4;9,58;12,91;11,36;15,22;15,49;10,74;12,43;12,83;6,17;16,06;15,31;8,91;genie_mecanique_et_industriel
9,66;8,2;10,73;15,81;15,14;15,08;19,28;15,02;12,3;10,58;13,42;11,36;12,08;12,75;9,29;journalisme_et_medias
18,36;13,98;12,77;12,23;11,2;9,01;13,89;17,54;9,06;16,36;15,95;10,71;7,53;19,72;8,03;sciences_actuarielles_et_statistiques
18,61;13,52;12,87;14,09;12,17;12,47;10,95;20,0;9,76;16,59;17,43;10,46;8,26;19,19;10,86;sciences_actuarielles_et_statistiques
15,45;13,74;8,39;12,12;6,4;8,13;12,47;17,94;6,65;18,07;10,14;10,01;7,89;14,47;5,4;cybersecurite_et_reseaux
16,79;10,82;10,74;16,56;15,71;12,72;15,14;15,21;8,82;14,13;18,23;11,22;12,94;17,52;5,28;economie_et_gestion
12,57;13,72;19,1;13,95;8,38;14,39;16,09;11,4;14,53;10,99;8,99;8,97;8,25;8,48;15,36;medecine_et_sante
11,84;13,71;19,5;14,47;5,63;12,1;17,57;15,14;19,7;9,81;7,5;8,01;3,93;12,38;17,38;pharmacie
8,67;8,87;7,4;18,84;11,97;14,38;16,07;9,82;7,27;10,89;7,75;13,31;9,8;9,92;9,07;langues_et_communication
11,77;8,41;9,11;16,35;18,01;6,73;16,57;13,54;11,86;11,77;9,88;13,67;10,71;9,37;7,2;tourisme_et_hotellerie
11,05;11,82;9,68;9,11;12,62;7,86;15,13;14,96;12,64;6,99;9,6;18,93;8,21;11,71;13,84;sport_et_sciences_du_mouvement
14,7;9,03;10,12;15,49;13,53;14,58;11,75;18,81;12,46;12,24;8,03;5,97;11,26;13,9;14,65;psychologie_et_sciences_de_l_education
10,23;7,06;9,2;20,0;14,43;17,42;14,19;13,02;9,37;7,65;13,16;12,65;8,31;11,3;10,74;droit_et_sciences_politiques
13,3;17,22;11,23;12,11;9,58;14,73;16,04;14,58;9,89;11,69;8,26;9,85;17,68;9,53;10,04;architecture_et_design_interieur
16,16;16,34;17,31;13,14;10,5;10,71;13,92;17,93;17,31;10,51;9,81;13,31;8,92;12,55;20,0;medecine_et_sante
10,74;14,11;13,74;12,5;12,17;12,96;14,24;17,65;15,39;9,62;12,38;18,25;11,36;9,95;15,86;sport_et_sciences_du_mouvement
9,87;7,27;8,42;16,8;15,61;13,44;16,86;12,37;7,46;9,18;7,72;13,75;10,55;9,2;5,05;langues_et_communication
16,36;13,05;15,53;11,75;17,19;14,1;14,54;16,31;14,08;12,72;18,83;10,9;10,97;16,71;14,33;economie_et_gestion
17,47;18,17;11,15;13,33;12,69;8,38;12,15;17,74;10,78;13,14;11,07;10,99;15,04;9,9;9,02;genie_civil_et_construction
17,36;14,13;11,93;10,71;10,49;9,2;13,75;14,5;5,24;20,0;11,15;10,31;6,33;16,99;7,67;cybersecurite_et_reseaux
17,19;11,97;12,15;15,18;18,18;11,18;16,95;14,28;12,27;15,43;19,21;10,13;11,28;17,35;6,95;economie_et_gestion
18,53;14,0;11,08;12,98;13,03;8,21;14,52;17,31;6,3;20,0;10,23;8,85;10,78;17,1;7,55;science_des_donnees_et_intelligence_artificielle
13,98;10,61;14,72;14,94;16,95;8,32;8,82;13,36;16,43;10,12;9,28;17,45;6,8;13,98;16,25;agronomie_et_environnement
10,04;10,84;8,01;15,02;16,7;9,84;17,37;14,33;10,24;12,85;12,93;11,31;10,06;10,74;8,4;tourisme_et_hotellerie
11,64;8,68;8,99;16,09;12,46;17,83;15,42;14,01;6,35;11,79;8,39;11,24;12,63;9,59;6,29;journalisme_et_medias
18,93;10,84;14,1;9,1;10,8;10,74;15,67;14,86;8,73;14,45;13,45;12,15;7,84;20,0;4,39;sciences_actuarielles_et_statistiques
17,18;17,02;13,66;11,74;10,36;10,09;12,93;15,55;9,95;15,93;16,29;11,66;7,86;15,14;9,74;sciences_actuarielles_et_statistiques
15,34;17,24;13,15;10,88;13,75;8,51;16,23;18,25;8,49;17,23;11,63;11,19;9,65;11,42;9,18;informatique_administration_reseaux_et_ia
13,63;15,12;19,67;10,82;9,65;11,34;11,95;15,36;14,83;13,48;12,0;12,6;4,74;15,93;16,53;biotechnologie_et_sciences_pharmaceutiques
10,7;7,98;7,55;11,69;10,97;7,88;12,03;10,45;9,88;7,54;9,11;17,26;6,51;9,39;11,75;sport_et_sciences_du_mouvement
15,66;18,84;11,41;8,56;9,23;10,29;16,53;19,93;8,1;15,23;4,43;9,87;13,79;11,41;8,75;genie_electrique_et_electronique
7,82;11,85;13,25;17,33;16,88;11,13;18,11;11,36;14,02;11,28;13,43;11,01;12,07;6,04;7,14;tourisme_et_hotellerie
8,96;8,36;9,69;14,64;15,49;17,49;13,54;16,91;14,8;9,51;7,58;14,57;8,13;11,29;12,29;psychologie_et_sciences_de_l_education
13,95;16,93;18,4;14,17;11,78;12,53;11,44;15,6;15,7;12,07;9,57;10,69;9,15;11,9;15,98;pharmacie
16,46;12,04;11,93;15,14;10,17;11,76;13,77;17,61;9,78;14,99;19,03;12,52;9,65;16,72;9,36;finance_comptabilite_et_audit
11,36;9,6;10,82;18,6;12,3;14,1;13,61;19,15;16,5;11,3;9,76;10,29;9,43;12,78;10,23;psychologie_et_sciences_de_l_education
15,69;14,54;11,7;12,28;6,79;6,89;20,0;16,19;9,87;18,12;8,21;10,44;8,83;15,71;7,07;cybersecurite_et_reseaux
12,55;15,33;18,66;14,9;7,41;12,19;16,03;14,57;17,41;12,05;9,24;7,1;4,85;9,39;19,84;biotechnologie_et_sciences_pharmaceutiques
11,28;15,37;20,0;13,33;12,45;10,42;8,55;11,79;17,8;11,87;10,2;17,04;12,34;10,18;20,0;agronomie_et_environnement
13,95;11,02;15,23;10,56;14,0;13,91;17,2;15,51;10,46;16,34;16,21;14,19;9,64;15,1;12,5;economie_et_gestion
18,47;11,68;11,61;9,87;11,14;9,32;16,55;16,13;14,25;13,18;16,79;11,87;6,14;19,8;8,23;sciences_actuarielles_et_statistiques
14,97;18,03;11,7;11,16;11,25;10,29;9,98;16,61;9,02;12,13;7,52;10,82;19,33;13,15;6,78;genie_mecanique_et_industriel
7,4;7,42;9,08;17,57;17,48;15,84;13,45;10,29;9,61;7,8;13,37;13,97;6,64;8,76;8,47;droit_et_sciences_politiques
16,33;16,44;19,76;14,56;13,65;11,35;13,5;14,18;18,54;13,88;8,75;12,67;7,14;15,83;18,17;medecine_et_sante
18,35;17,05;11,31;10,77;9,95;10,79;14,01;16,08;12,22;17,25;9,32;15,11;20,0;15,53;10,26;genie_civil_et_construction
19,74;16,84;11,01;11,51;7,93;12,08;14,61;14,14;11,32;18,9;10,94;9,17;12,03;20,0;10,14;science_des_donnees_et_intelligence_artificielle
16,15;16,64;17,91;13,02;9,75;9,9;13,45;13,67;16,09;11,66;8,98;15,08;11,62;13,56;18,8;biotechnologie_et_sciences_pharmaceutiques
13,27;14,74;11,18;11,05;16,46;14,16;15,68;15,96;10,05;11,94;14,05;10,62;19,5;10,39;8,28;urbanisme_et_amenagement_du_territoire
16,93;17,82;14,26;11,17;11,28;12,42;15,35;12,23;15,11;11,23;11,04;14,91;17,4;13,1;10,38;genie_mecanique_et_industriel
14,17;17,03;10,31;11,13;7,87;11,07;14,26;17,84;5,26;18,31;12,27;13,94;6,14;14,67;7,22;cybersecurite_et_reseaux
7,66;7,23;8,98;17,9;12,74;12,25;18,46;11,0;9,56;7,12;6,74;13,74;10,57;9,04;8,02;langues_et_communication
13,06;13,49;18,18;11,74;12,67;10,21;14,28;8,92;18,24;10,58;7,2;12,93;7,55;11,91;20,0;biotechnologie_et_sciences_pharmaceutiques
17,62;19,83;11,71;8,78;10,18;8,11;14,21;20,0;11,05;16,29;9,54;11,7;13,43;13,75;7,74;genie_electrique_et_electronique
11,94;13,87;18,3;12,73;9,87;13,99;16,56;14,47;18,56;10,08;6,32;15,78;5,89;11,72;16,98;medecine_et_sante
8,56;8,78;9,55;13,09;16,47;13,34;18,32;13,42;6,33;9,64;10,81;15,24;10,29;12,4;9,4;tourisme_et_hotellerie
7,24;6,9;12,62;17,12;17,05;16,73;13,13;14,1;11,27;10,73;11,45;12,74;8,4;13,1;10,38;sciences_sociales_et_sociologie
17,18;19,85;14,96;12,7;6,81;11,08;11,55;11,67;12,74;13,7;10,28;14,35;18,62;15,25;10,83;genie_civil_et_construction
19,96;11,26;12,91;11,88;14,89;11,21;19,1;15,35;8,05;12,8;17,7;11,87;11,68;16,48;7,82;commerce_international_et_logistique
13,01;11,65;10,14;11,01;15,77;9,14;13,24;14,84;7,12;10,58;11,31;8,05;16,51;14,16;7,99;urbanisme_et_amenagement_du_territoire
17,44;14,99;12,13;10,13;9,66;7,8;11,69;16,58;9,53;19,21;8,77;11,82;9,34;16,45;7,62;cybersecurite_et_reseaux
11,29;13,85;11,41;12,99;11,22;9,43;11,66;17,22;12,55;12,05;9,03;17,61;10,01;10,01;10,82;sport_et_sciences_du_mouvement
8,01;9,27;7,22;15,98;11,58;11,84;17,95;9,65;9,34;12,24;7,65;11,85;8,63;8,03;6,7;langues_et_communication
15,51;16,52;14,65;13,09;9,88;8,36;11,28;12,33;10,94;12,18;8,97;14,69;15,97;13,6;10,39;genie_civil_et_construction
12,28;7,94;10,68;18,64;14,78;11,73;16,54;15,1;10,7;8,95;15,79;16,95;9,37;8,45;10,66;tourisme_et_hotellerie
16,68;16,57;15,55;13,67;12,03;11,82;17,38;15,06;9,31;19,46;9,86;11,65;14,23;16,18;6,79;informatique_administration_reseaux_et_ia
13,1;12,13;16,35;10,99;14,36;8,15;13,53;13,65;17,46;10,14;8,95;14,3;7,22;10,32;17,66;agronomie_et_environnement
10,02;9,77;9,12;18,28;15,3;15,0;17,55;13,89;8,48;11,61;9,52;16,17;12,12;9,74;9,81;journalisme_et_medias
5,88;9,48;8,85;16,7;11,51;12,61;18,3;12,41;8,27;7,4;7,21;12,8;8,1;7,86;9,52;traduction_et_interpretariat
14,61;7,28;9,44;16,59;19,02;17,65;18,31;11,48;13,31;10,41;13,87;11,76;10,35;11,23;11,97;droit_et_sciences_politiques
8,05;9,34;9,47;14,42;13,26;11,64;18,57;11,98;11,2;6,95;8,57;14,67;9,21;9,5;9,89;langues_et_communication
9,56;8,68;9,11;8,56;11,2;10,1;13,92;13,67;12,75;8,26;9,28;17,84;12,16;11,26;11,64;sport_et_sciences_du_mouvement
15,97;13,48;11,56;12,36;12,96;10,13;13,16;15,73;11,38;11,59;9,49;8,48;18,21;13,38;6,76;architecture_et_design_interieur
15,0;11,14;8,84;8,48;6,96;10,22;11,7;14,56;7,15;17,88;9,1;9,43;7,3;12,68;10,27;cybersecurite_et_reseaux
13,11;9,54;10,62;19,05;16,06;17,65;14,94;12,24;6,13;13,04;13,03;13,07;14,76;10,99;7,89;journalisme_et_medias
11,1;15,53;15,99;12,56;12,04;9,37;12,97;13,47;18,26;12,07;9,98;14,94;10,18;9,59;15,49;sciences_veterinaires
8,95;9,13;10,9;15,94;12,6;13,78;14,27;19,76;15,89;11,62;10,25;9,74;7,43;9,66;11,81;psychologie_et_sciences_de_l_education
8,74;7,25;6,42;17,47;12,85;13,48;19,09;9,21;8,45;9,63;9,9;12,28;5,47;7,78;9,16;traduction_et_interpretariat
9,71;6,69;9,71;16,04;13,37;12,93;14,02;18,64;16,37;7,9;8,03;13,37;5,71;12,82;11,61;psychologie_et_sciences_de_l_education
13,61;18,19;10,65;12,94;8,56;12,06;14,52;15,97;8,02;19,25;11,65;11,55;11,21;13,57;6,04;cybersecurite_et_reseaux
12,95;8,13;9,31;15,73;16,57;15,5;13,12;15,04;13,78;10,05;10,86;12,32;10,58;17,46;11,69;sciences_sociales_et_sociologie
7,93;7,51;8,5;16,35;13,36;12,47;18,48;11,11;7,61;10,73;7,74;12,6;7,46;7,27;7,89;traduction_et_interpretariat
16,78;19,57;12,17;12,1;12,35;8,74;13,41;15,86;12,21;13,58;8,35;12,5;13,51;12,71;11,57;genie_civil_et_construction
5,03;6,13;8,97;16,85;12,08;11,54;19,94;9,87;11,21;8,42;8,47;11,64;8,12;7,05;11,48;traduction_et_interpretariat
9,16;10,28;10,8;13,94;12,41;15,14;14,11;17,86;13,05;10,42;9,0;12,74;9,8;8,37;11,66;psychologie_et_sciences_de_l_education
10,2;8,32;9,27;17,54;13,37;13,14;19,12;12,64;9,65;11,04;10,38;9,67;10,0;8,71;8,96;traduction_et_interpretariat
11,69;9,39;9,47;15,97;16,08;15,82;15,49;13,36;7,46;9,54;6,79;12,77;8,53;4,54;5,18;traduction_et_interpretariat
15,66;14,69;10,75;6,67;10,14;9,87;15,0;18,17;9,49;18,44;9,56;11,95;8,65;17,14;7,57;cybersecurite_et_reseaux
9,61;9,37;11,86;16,68;13,64;15,5;12,78;18,06;15,22;10,56;7,82;8,79;8,44;8,9;11,73;psychologie_et_sciences_de_l_education
11,55;15,8;18,75;12,3;13,93;13,62;12,97;13,49;17,66;8,0;10,48;13,79;10,69;10,45;17,22;medecine_et_sante
9,26;14,83;14,74;14,25;10,14;12,3;13,43;15,1;17,77;9,04;11,51;13,45;8,82;7,93;16,76;sciences_veterinaires
6,79;6,42;8,78;16,12;14,82;13,18;18,92;10,58;6,92;11,06;10,18;14,38;6,35;7,89;7,44;traduction_et_interpretariat
17,2;12,04;6,61;8,27;7,87;10,57;10,49;18,46;18,04;18,58;11,99;12,54;10,61;17,94;10,9;cybersecurite_et_reseaux
8,51;7,67;7,06;17,72;17,29;18,39;14,72;12,84;6,32;9,82;8,24;11,18;9,08;10,38;8,83;journalisme_et_medias
14,98;14,48;14,75;14,76;12,2;11,58;10,94;15,69;6,39;11,53;16,27;11,88;8,67;16,49;3,79;sciences_actuarielles_et_statistiques
19,45;16,44;12,4;10,68;10,9;15,14;18,0;12,83;8,96;19,35;7,62;14,29;10,79;17,44;10,12;science_des_donnees_et_intelligence_artificielle
16,35;15,81;17,06;14,14;12,11;13,3;14,86;13,15;19,46;12,13;9,29;12,78;10,84;13,01;19,77;medecine_et_sante
19,87;13,19;10,37;13,96;10,16;5,14;14,32;19,17;6,62;19,08;13,21;10,13;9,56;20,0;7,36;science_des_donnees_et_intelligence_artificielle
8,96;8,58;11,57;15,86;16,93;16,73;15,76;16,76;12,53;11,9;13,75;8,65;8,26;12,63;11,3;sciences_sociales_et_sociologie
16,99;7,57;13,34;12,35;10,16;16,38;16,35;15,89;8,48;17,4;19,46;12,82;8,11;16,94;6,76;finance_comptabilite_et_audit
17,4;8,48;13,21;13,85;15,4;11,2;15,12;11,76;11,31;14,6;19,79;7,5;7,69;14,71;9,34;economie_et_gestion
18,58;17,75;13,62;13,62;14,85;8,81;15,49;16,25;8,43;14,99;10,27;11,25;17,05;11,44;8,48;architecture_et_design_interieur
10,07;14,76;16,18;13,12;13,07;10,89;8,92;15,6;17,89;10,25;7,99;13,12;8,61;8,54;18,44;sciences_veterinaires
19,46;10,86;12,93;11,22;13,02;11,83;10,83;15,04;9,77;20,0;10,45;12,83;8,57;16,21;8,28;cybersecurite_et_reseaux
15,3;14,61;11,62;13,64;15,99;10,62;14,89;13,66;6,52;14,35;12,48;10,51;20,0;12,57;10,07;urbanisme_et_amenagement_du_territoire
6,05;8,5;8,9;17,7;15,87;16,22;15,14;13,15;6,97;8,2;11,43;12,36;9,32;6,23;7,64;langues_et_communication
16,51;17,06;10,5;11,49;12,75;11,38;14,49;16,33;7,77;11,98;5,67;9,45;18,27;12,58;9,38;architecture_et_design_interieur
18,05;12,94;8,41;10,85;12,27;10,44;10,4;15,65;13,82;19,43;8,66;5,58;8,85;19,08;10,03;science_des_donnees_et_intelligence_artificielle
17,17;17,88;11,82;11,89;11,63;7,91;13,77;15,24;13,48;13,24;8,06;12,52;13,2;11,82;8,9;genie_civil_et_construction
12,84;12,81;10,08;11,43;18,61;11,86;16,67;16,22;8,7;10,22;10,78;11,4;13,61;12,82;10,83;urbanisme_et_amenagement_du_territoire
14,72;12,46;18,32;14,8;10,76;15,12;15,93;15,21;17,73;10,43;7,83;11,39;7,86;13,65;18,54;medecine_et_sante
15,1;14,03;7,06;12,5;8,37;8,97;13,01;16,55;9,1;18,61;10,6;8,28;11,25;13,53;9,62;cybersecurite_et_reseaux
12,84;18,29;18,35;12,74;12,38;12,92;10,43;14,39;16,41;12,65;5,64;14,92;9,63;10,0;16,59;medecine_et_sante
16,78;11,11;10,24;9,94;13,03;11,64;12,59;17,21;11,55;10,49;5,25;14,5;16,59;6,24;9,47;architecture_et_design_interieur
15,64;9,52;12,16;14,43;16,42;12,17;17,59;13,57;9,95;12,46;19,16;15,49;9,0;15,09;9,59;commerce_international_et_logistique
11,4;6,4;9,38;20,0;14,89;8,43;14,74;16,51;10,15;12,75;16,75;14,12;8,26;10,49;9,73;tourisme_et_hotellerie
15,49;20,0;13,22;11,78;10,92;11,43;16,44;18,23;10,11;10,58;10,08;12,17;12,96;11,52;9,55;genie_electrique_et_electronique
12,41;14,25;19,25;14,52;10,05;14,63;11,65;12,12;19,14;10,23;8,17;13,07;8,62;9,9;20,0;medecine_et_sante
8,12;7,7;7,5;17,88;16,54;19,4;13,48;10,09;10,49;11,12;15,61;13,22;8,55;9,26;8,69;droit_et_sciences_politiques
12,99;15,28;11,29;13,72;15,17;9,29;10,17;14,77;8,69;15,15;12,32;11,94;15,69;14,67;8,96;urbanisme_et_amenagement_du_territoire
19,4;16,67;13,84;12,11;8,69;11,24;13,65;15,29;10,91;20,0;10,02;12,58;12,71;18,12;10,92;science_des_donnees_et_intelligence_artificielle
14,32;12,11;9,42;11,41;13,45;10,41;15,27;11,68;12,79;7,82;10,41;17,83;9,82;13,5;13,37;sport_et_sciences_du_mouvement
9,17;7,35;10,56;16,77;14,53;10,95;15,9;14,76;9,94;7,87;12,73;14,29;10,67;8,15;12,93;tourisme_et_hotellerie
16,72;19,81;13,09;10,92;12,4;10,53;12,4;13,74;11,11;11,27;9,47;13,63;18,01;12,69;8,83;genie_mecanique_et_industriel
10,92;4,08;8,9;17,53;17,61;12,42;17,04;15,49;7,23;11,2;11,9;17,22;8,88;9,25;10,57;tourisme_et_hotellerie
17,33;19,96;11,55;9,94;10,55;7,75;11,75;14,74;5,17;15,69;9,11;12,13;17,04;14,51;3,82;genie_electrique_et_electronique
16,2;12,41;11,64;14,43;17,36;12,14;19,27;15,87;10,6;10,87;16,6;11,53;8,0;14,09;11,7;commerce_international_et_logistique
9,81;9,9;10,39;16,52;14,02;14,46;18,89;16,07;10,67;10,89;10,66;11,01;14,69;9,97;10,51;journalisme_et_medias
11,64;8,29;10,56;10,17;12,48;8,58;13,32;13,34;13,13;9,01;7,77;19,28;8,64;11,97;13,36;sport_et_sciences_du_mouvement
20,0;20,0;13,61;15,7;11,05;10,61;12,86;12,82;10,84;18,34;12,41;9,62;15,34;15,17;8,32;genie_electrique_et_electronique
15,84;16,86;11,86;9,23;7,86;9,78;12,15;15,48;12,17;12,96;6,32;13,23;16,64;14,17;8,09;genie_civil_et_construction
4,89;6,73;5,95;15,42;9,02;11,35;20,0;7,59;10,51;10,05;4,1;9,2;6,12;6,73;11,43;langues_et_communication
17,16;14,73;12,1;12,39;8,77;8,56;11,84;13,68;8,35;13,37;13,7;11,17;18,84;10,68;7,52;architecture_et_design_interieur
16,97;12,0;10,1;11,67;14,92;6,52;12,97;16,63;3,96;20,0;13,49;10,06;4,75;15,93;8,65;cybersecurite_et_reseaux
7,67;10,71;10,53;9,98;6,23;8,55;11,69;9,21;11,81;4,67;9,39;19,16;8,48;9,69;9,99;sport_et_sciences_du_mouvement
14,77;7,7;11,87;15,92;13,85;13,7;14,37;14,31;12,22;11,68;19,1;10,47;7,25;17,58;6,75;economie_et_gestion
7,47;7,45;8,36;18,99;12,0;17,36;11,5;12,6;6,38;9,6;14,36;11,93;8,92;11,37;6,58;droit_et_sciences_politiques
18,8;20,0;12,64;11,89;9,72;7,85;11,57;14,46;8,18;16,18;9,69;10,71;17,63;16,12;7,71;genie_electrique_et_electronique
15,83;15,36;18,54;10,84;11,14;11,44;16,72;13,91;17,45;11,52;10,57;10,65;8,34;17,07;18,65;biotechnologie_et_sciences_pharmaceutiques
12,59;6,01;8,11;13,59;16,02;15,67;14,73;13,42;10,03;8,93;11,47;12,18;10,69;16,28;5,11;sciences_sociales_et_sociologie
10,53;15,38;17,84;14,87;8,48;15,15;13,91;15,53;17,77;8,87;9,33;10,56;5,72;8,59;18,7;biotechnologie_et_sciences_pharmaceutiques
14,61;7,35;9,83;13,86;14,58;13,66;15,16;16,64;7,14;10,89;18,9;10,92;4,24;13,95;8,57;economie_et_gestion
18,84;16,1;11,83;10,51;10,6;8,76;14,96;15,8;7,65;19,79;10,57;10,76;11,9;18,28;8,39;science_des_donnees_et_intelligence_artificielle
14,93;12,56;15,03;12,62;10,86;14,96;16,59;15,38;14,81;12,6;10,78;14,53;10,33;12,86;17,87;agronomie_et_environnement
7,82;9,15;13,14;16,02;16,56;17,37;13,06;17,53;14,11;8,73;9,59;15,36;9,43;8,56;11,55;psychologie_et_sciences_de_l_education
9,63;15,3;19,46;11,51;8,64;11,32;11,44;11,41;15,73;9,64;7,18;11,14;3,26;9,37;15,92;pharmacie
16,89;11,74;11,7;17,57;13,24;7,42;17,49;15,54;8,73;12,81;17,68;11,48;10,71;15,75;8,53;finance_comptabilite_et_audit
9,69;9,63;11,78;16,96;20,0;15,59;7,84;17,3;12,32;10,68;12,59;14,08;12,03;11,36;7,75;sciences_sociales_et_sociologie
17,72;20,0;12,82;12,84;11,91;7,17;11,43;15,69;8,64;18,59;7,73;11,43;15,11;15,73;5,28;genie_electrique_et_electronique
14,0;11,34;11,59;15,02;20,0;15,9;17,57;12,56;11,63;12,26;16,37;9,98;12,91;10,63;7,22;commerce_international_et_logistique
9,97;6,94;10,14;17,0;18,84;15,28;17,01;12,15;8,97;9,2;10,03;12,79;10,68;10,21;12,93;droit_et_sciences_politiques
14,37;13,26;15,49;11,69;14,47;11,24;10,8;15,06;18,11;11,43;9,02;12,41;6,16;13,12;17,87;medecine_et_sante
9,77;7,9;10,86;18,05;12,04;14,32;15,86;19,12;15,5;9,28;10,97;11,14;7,21;11,2;9,97;psychologie_et_sciences_de_l_education
16,99;19,56;13,53;9,97;11,41;10,19;15,74;17,61;7,49;11,89;8,06;11,62;17,56;12,05;4,31;genie_electrique_et_electronique
14,55;9,48;7,91;13,15;19,78;9,98;14,78;12,28;6,97;10,53;19,14;13,6;9,23;10,46;8,17;economie_et_gestion
15,56;19,43;12,02;17,18;9,2;8,81;11,79;10,48;11,88;15,05;10,74;14,68;12,8;13,49;9,06;genie_civil_et_construction
13,53;14,25;20,0;11,63;9,9;9,04;16,16;10,82;16,18;9,74;4,39;3,96;6,04;11,7;17,47;pharmacie
13,39;14,74;17,82;12,28;6,96;11,85;12,82;11,94;19,39;11,56;9,58;10,7;9,22;10,54;19,55;biotechnologie_et_sciences_pharmaceutiques
15,95;15,87;9,68;11,55;9,71;4,7;17,57;18,53;10,35;19,06;12,81;11,52;7,7;14,22;5,98;cybersecurite_et_reseaux
13,23;10,56;13,57;13,2;15,64;11,15;17,35;9,05;10,08;11,52;7,96;13,39;13,32;8,56;7,75;tourisme_et_hotellerie
17,82;11,27;14,22;15,76;13,37;10,7;19,97;13,28;9,9;11,11;18,33;14,29;11,11;16,99;11,36;commerce_international_et_logistique
19,26;20,0;14,35;13,63;10,35;7,31;14,44;14,74;9,71;13,57;9,26;10,29;17,82;12,05;7,55;genie_civil_et_construction
8,02;10,03;11,04;15,17;13,4;16,3;15,23;18,4;15,89;10,57;8,12;8,3;6,89;8,36;11,5;psychologie_et_sciences_de_l_education
10,43;10,78;8,64;12,02;15,88;11,44;14,13;14,47;9,94;9,35;11,16;12,13;13,05;10,23;9,29;urbanisme_et_amenagement_du_territoire
15,5;15,8;12,35;5,88;9,27;6,86;13,06;16,3;11,44;18,25;8,52;13,49;6,33;11,67;8,62;cybersecurite_et_reseaux
13,3;16,49;17,87;13,92;11,08;14,71;14,28;12,01;17,21;11,03;8,83;14,19;10,91;13,67;18,14;medecine_et_sante
7,26;7,68;7,66;19,75;17,38;20,0;13,37;13,74;11,11;8,51;13,9;11,67;6,99;8,79;9,0;droit_et_sciences_politiques
10,43;9,12;6,71;17,89;15,0;13,62;16,24;11,15;6,88;13,95;8,04;12,19;8,84;6,23;4,87;traduction_et_interpretariat
13,41;18,2;20,0;11,27;12,21;10,44;11,4;12,95;18,14;11,2;6,65;11,96;8,8;13,68;17,27;biotechnologie_et_sciences_pharmaceutiques
11,03;14,88;17,5;12,49;10,08;8,98;11,98;15,31;18,9;10,84;9,46;11,68;10,58;9,97;20,0;sciences_veterinaires
9,1;10,91;11,2;14,58;16,07;11,43;17,37;11,74;9,41;8,82;10,99;15,19;8,87;9,64;8,93;tourisme_et_hotellerie
12,56;15,03;12,28;13,1;9,5;13,17;14,93;14,38;18,91;12,34;10,14;15,17;7,92;9,52;15,96;sciences_veterinaires
18,31;19,08;14,75;13,4;9,4;10,42;14,61;13,95;11,65;13,78;13,36;13,46;19,55;13,38;8,51;genie_civil_et_construction
13,93;8,94;11,2;13,98;17,27;12,81;19,78;15,93;9,06;12,45;16,23;11,06;8,76;11,27;8,5;commerce_international_et_logistique
14,91;13,14;19,47;11,19;13,16;9,0;11,73;10,7;18,18;9,34;10,57;11,93;10,18;14,54;20,0;biotechnologie_et_sciences_pharmaceutiques
10,23;8,25;7,8;16,32;14,85;14,64;17,06;14,3;9,81;13,53;8,98;12,78;9,52;7,93;11,05;langues_et_communication
18,69;11,43;11,73;14,56;11,05;11,07;14,32;15,2;5,65;15,81;16,16;11,8;9,35;17,69;7,12;sciences_actuarielles_et_statistiques
14,38;16,19;12,82;11,93;11,15;9,8;10,47;17,81;9,53;11,3;8,49;10,41;15,28;11,61;7,83;architecture_et_design_interieur
13,88;14,45;17,69;16,3;9,13;12,03;17,74;14,14;20,0;11,97;9,83;10,52;6,64;12,08;20,0;pharmacie
17,41;13,5;18,32;10,9;10,33;7,87;14,79;12,06;16,8;12,31;10,1;11,07;12,02;13,44;18,99;pharmacie
13,35;18,71;17,39;15,59;8,62;13,34;13,05;14,98;18,9;10,88;7,56;8,22;9,21;9,04;17,37;biotechnologie_et_sciences_pharmaceutiques
18,75;19,34;14,1;8,83;10,47;11,09;12,29;15,49;8,58;10,22;8,81;13,95;13,68;16,35;3,83;genie_electrique_et_electronique
8,47;8,74;8,41;19,26;20,0;16,7;13,01;15,65;13,23;10,18;11,8;9,78;9,74;13,54;11,13;sciences_sociales_et_sociologie
7,19;10,46;10,09;16,56;12,52;14,94;18,59;9,4;10,31;10,3;10,56;10,42;6,48;7,21;9,44;traduction_et_interpretariat
16,9;20,0;13,76;10,41;9,97;7,1;8,49;15,93;9,58;11,37;6,65;13,04;15,26;13,17;4,68;genie_mecanique_et_industriel
15,07;9,45;13,14;11,29;15,59;10,07;16,24;17,46;9,74;11,58;16,04;13,28;8,35;15,72;6,77;finance_comptabilite_et_audit
15,3;16,8;10,04;16,64;9,28;9,35;16,4;17,64;7,37;18,03;10,46;9,48;12,83;15,3;9,81;informatique_administration_reseaux_et_ia
14,15;15,28;15,28;9,7;10,22;7,73;17,45;18,67;12,18;14,71;10,66;16,25;9,12;14,53;10,43;informatique_administration_reseaux_et_ia
18,89;9,77;7,96;11,45;13,2;11,95;17,31;10,01;10,79;15,81;15,64;10,56;8,29;19,19;9,09;finance_comptabilite_et_audit
16,1;14,87;12,74;9,74;11,79;8,21;16,93;15,49;8,37;20,0;9,81;9,19;11,58;15,78;5,67;cybersecurite_et_reseaux
8,78;6,95;7,13;16,12;14,84;7,75;17,18;17,67;11,84;9,11;14,42;12,0;6,08;10,43;11,72;tourisme_et_hotellerie
12,09;15,97;19,89;13,94;10,83;15,75;12,76;15,49;16,47;13,96;6,47;11,42;7,43;9,37;19,73;biotechnologie_et_sciences_pharmaceutiques
13,0;12,29;17,89;9,16;13,08;12,08;15,59;14,95;19,25;10,13;7,69;17,94;8,6;9,43;17,31;agronomie_et_environnement
18,34;14,76;11,26;10,68;12,1;8,97;13,18;18,17;9,79;19,25;11,75;9,18;10,01;18,78;9,67;science_des_donnees_et_intelligence_artificielle
9,46;6,93;11,22;16,85;15,37;15,57;17,05;13,17;9,36;10,46;10,32;10,73;14,68;7,84;10,51;journalisme_et_medias
14,43;13,91;11,2;14,21;13,97;10,16;12,78;11,75;10,9;12,26;11,21;14,66;16,69;14,13;10,3;urbanisme_et_amenagement_du_territoire
13,74;17,31;17,4;14,0;9,36;10,96;15,41;12,01;19,08;11,64;5,61;15,16;7,85;11,53;17,04;biotechnologie_et_sciences_pharmaceutiques
17,25;16,55;11,86;16,4;8,09;11,93;10,12;14,84;11,87;18,5;12,07;10,02;11,81;16,58;10,95;informatique_administration_reseaux_et_ia
17,75;14,76;10,53;9,72;9,99;11,64;19,12;15,6;8,15;19,88;7,57;10,56;9,41;17,82;7,4;science_des_donnees_et_intelligence_artificielle
12,14;10,47;7,81;16,76;14,5;13,71;19,0;17,2;10,8;12,65;12,71;10,8;14,09;9,79;8,62;journalisme_et_medias
17,85;17,32;13,92;11,57;13,17;10,46;13,48;12,88;8,09;14,54;17,62;10,82;8,54;20,0;6,17;sciences_actuarielles_et_statistiques
8,63;7,26;7,61;18,6;14,89;10,76;16,5;13,02;10,35;10,57;11,97;18,02;11,49;10,55;5,15;tourisme_et_hotellerie
16,23;15,98;11,89;13,55;8,75;9,93;14,35;16,69;11,23;16,65;11,17;9,09;9,1;15,96;11,29;informatique_administration_reseaux_et_ia
7,26;7,87;9,92;17,99;12,97;12,92;16,98;10,42;8,39;8,93;7,5;12,21;8,07;7,21;8,57;traduction_et_interpretariat
6,53;5,97;8,57;16,18;14,07;13,79;15,89;12,15;9,82;9,42;10,02;15,5;8,99;8,63;9,12;langues_et_communication
15,88;14,87;9,79;10,64;11,01;11,0;12,18;15,66;10,22;11,0;8,44;13,05;18,04;13,07;6,66;architecture_et_design_interieur
18,25;14,77;12,18;14,63;9,83;12,91;12,97;15,04;5,36;17,97;11,93;12,49;10,28;17,04;3,81;cybersecurite_et_reseaux
16,8;19,84;13,78;13,31;10,22;13,94;16,9;14,12;12,5;12,02;10,35;11,91;11,81;12,53;12,2;genie_electrique_et_electronique
17,16;17,12;12,71;12,87;9,97;10,03;14,5;14,38;9,15;13,81;7,9;13,05;19,81;12,31;6,71;architecture_et_design_interieur
16,56;16,43;15,67;13,64;7,08;12,7;15,39;16,99;8,65;18,6;9,73;11,29;10,14;16,56;8,54;informatique_administration_reseaux_et_ia
12,98;10,22;11,09;15,96;13,78;12,65;12,97;12,43;11,31;8,59;12,68;20,0;8,45;10,54;12,34;sport_et_sciences_du_mouvement
11,0;10,88;13,17;17,65;14,88;15,64;15,16;10,93;6,74;7,65;14,41;14,44;10,72;10,32;4,11;droit_et_sciences_politiques
16,79;17,95;14,38;10,31;13,54;10,75;16,97;14,32;12,39;18,11;11,74;10,62;12,3;17,05;12,67;science_des_donnees_et_intelligence_artificielle
11,86;11,01;9,88;15,08;19,87;13,16;16,67;14,72;13,56;9,53;11,68;10,6;9,53;12,36;10,27;sciences_sociales_et_sociologie
17,22;9,47;11,89;14,32;20,0;13,54;13,36;13,9;12,2;14,06;18,89;9,21;13,33;14,88;5,54;economie_et_gestion
15,62;18,24;13,95;11,38;9,24;7,94;12,23;16,69;9,43;10,3;9,79;13,26;18,4;11,9;7,18;genie_mecanique_et_industriel
10,25;8,44;8,18;17,33;15,77;11,13;16,84;14,13;13,9;11,83;12,09;17,3;10,55;10,11;11,4;tourisme_et_hotellerie
12,84;18,08;18,87;9,79;12,71;8,16;14,19;18,54;8,01;16,52;9,26;8,85;10,55;13,17;6,72;informatique_administration_reseaux_et_ia
11,88;8,3;9,78;17,34;16,25;15,82;17,65;11,38;7,77;9,25;8,68;12,14;9,01;8,29;8,08;traduction_et_interpretariat
18,06;14,95;13,0;10,12;12,52;8,7;14,0;16,01;9,51;17,07;14,06;10,44;9,77;20,0;7,43;sciences_actuarielles_et_statistiques
14,52;15,64;10,83;11,29;16,11;9,79;15,24;14,22;8,83;14,64;14,19;14,29;17,37;14,67;9,48;urbanisme_et_amenagement_du_territoire
7,12;4,76;8,65;16,25;20,0;19,0;11,52;14,11;11,9;7,98;13,79;12,91;8,41;9,53;9,99;droit_et_sciences_politiques
10,39;11,1;9,89;12,49;10,93;10,72;13,37;11,95;11,86;8,15;11,37;17,78;8,57;9,2;11,42;sport_et_sciences_du_mouvement
6,68;8,71;7,33;18,99;13,72;12,9;16,05;13,02;10,54;10,65;8,0;12,25;9,62;7,28;10,37;langues_et_communication
16,23;14,28;13,86;13,55;9,83;16,1;14,55;16,76;9,52;14,55;15,28;16,06;10,38;19,91;7,6;finance_comptabilite_et_audit
17,41;16,11;15,21;15,56;4,46;8,62;14,88;15,66;10,94;19,75;10,82;14,93;12,16;15,81;10,98;informatique_administration_reseaux_et_ia
6,47;6,47;5,52;17,75;11,61;11,59;18,89;11,27;7,69;9,74;7,21;10,35;6,36;7,37;9,23;langues_et_communication
10,7;13,57;16,37;13,63;8,85;12,38;12,38;13,99;17,94;7,97;8,03;12,64;7,79;8,16;15,98;sciences_veterinaires
18,86;9,75;11,66;13,45;13,99;10,89;13,54;15,78;9,83;12,66;18,5;10,78;8,97;19,33;7,92;finance_comptabilite_et_audit
15,08;16,95;8,65;16,41;11,97;9,46;17,14;17,83;6,82;19,32;13,81;9,17;10,55;12,79;7,16;cybersecurite_et_reseaux
6,38;9,4;10,09;14,51;14,34;20,0;13,35;15,11;14,93;9,87;5,95;12,18;7,77;12,17;13,54;psychologie_et_sciences_de_l_education
10,67;10,56;11,75;14,84;15,68;8,2;3,64;9,98;13,13;12,44;9,02;20,0;6,7;11,18;12,85;sport_et_sciences_du_mouvement
14,99;9,49;13,12;11,43;15,57;12,04;14,74;14,22;10,71;14,41;18,04;14,59;9,29;14,4;10,19;economie_et_gestion
13,83;19,66;14,25;10,09;12,21;5,71;16,15;16,32;6,27;17,6;8,25;7,24;10,96;15,04;6,28;informatique_administration_reseaux_et_ia
17,23;17,5;8,32;13,36;13,06;10,68;14,5;17,46;5,43;20,0;10,59;11,77;10,31;15,43;5,77;cybersecurite_et_reseaux
10,49;8,31;8,53;14,99;16,59;12,27;18,67;12,38;10,77;10,03;13,27;16,43;11,24;12,52;11,19;tourisme_et_hotellerie
12,71;15,61;18,44;13,41;12,05;11,84;13,72;14,53;15,74;11,81;9,55;10,23;6,77;9,93;19,85;biotechnologie_et_sciences_pharmaceutiques
14,71;13,63;11,9;12,49;11,2;10,27;15,34;15,16;10,24;10,81;11,18;13,43;17,78;12,19;9,82;architecture_et_design_interieur
17,48;18,22;11,06;13,29;7,93;9,32;10,29;14,19;10,07;13,76;11,98;13,02;17,79;15,9;8,43;genie_civil_et_construction
16,49;16,37;13,95;11,88;11,65;8,87;13,39;11,52;11,99;12,72;7,18;12,16;15,07;17,57;6,76;genie_mecanique_et_industriel
14,16;15,51;15,84;9,27;6,09;10,54;16,39;17,24;10,02;17,39;7,58;11,24;10,34;15,75;6,39;cybersecurite_et_reseaux
14,97;8,11;14,04;15,38;15,8;6,37;16,45;13,6;8,11;10,99;15,0;14,95;11,07;18,32;8,3;commerce_international_et_logistique
8,63;7,85;10,63;13,97;12,19;14,21;13,48;16,17;15,72;12,1;11,33;14,87;8,84;12,01;15,12;psychologie_et_sciences_de_l_education
17,03;20,0;10,79;10,0;8,24;5,85;11,0;20,0;9,66;15,97;8,37;12,78;13,39;13,95;10,72;genie_electrique_et_electronique
13,09;14,87;15,94;9,11;11,04;9,04;12,4;13,63;17,15;8,37;11,47;14,95;8,96;12,36;17,35;agronomie_et_environnement
14,04;16,34;19,6;11,37;13,13;9,13;10,93;10,68;16,83;11,8;7,91;9,74;5,82;11,45;18,3;pharmacie
19,49;12,53;10,9;13,51;10,61;9,14;14,43;13,81;10,66;13,72;15,6;10,4;6,63;20,0;7,95;sciences_actuarielles_et_statistiques
8,81;8,87;7,65;16,63;11,71;13,69;18,1;11,13;11,63;13,13;9,29;8,92;7,82;10,41;7,95;traduction_et_interpretariat
12,77;11,95;11,26;15,96;18,03;6,87;15,66;14,6;10,56;13,29;19,37;15,49;8,1;10,17;9,79;commerce_international_et_logistique
12,98;9,98;15,38;13,06;8,5;10,94;15,43;14,47;17,58;9,26;11,18;13,24;8,62;10,48;15,87;sciences_veterinaires
18,89;10,78;12,94;13,06;11,53;12,42;15,82;11,66;7,15;14,5;17,97;9,83;6,89;17,21;5,72;finance_comptabilite_et_audit
15,14;18,01;18,65;10,87;10,3;10,52;12,9;13,25;15,9;13,64;7,36;11,54;11,04;12,56;17,54;biotechnologie_et_sciences_pharmaceutiques
9,15;9,06;12,92;15,74;11,28;14,75;13,59;17,54;17,13;8,38;8,91;13,7;9,95;13,09;11,79;psychologie_et_sciences_de_l_education
10,65;12,28;12,98;16,94;16,58;12,77;18,35;12,55;10,48;12,89;12,35;11,71;10,3;9,87;6,61;tourisme_et_hotellerie
12,29;8,82;9,16;12,05;12,2;7,52;14,4;13,68;11,76;10,94;12,98;19,37;8,55;10,04;13,21;sport_et_sciences_du_mouvement
15,8;17,48;11,45;14,54;11,34;8,26;14,98;15,67;6,69;16,68;13,69;10,23;13,18;17,74;6,47;informatique_administration_reseaux_et_ia
10,19;9,17;11,05;12,17;11,23;13,46;11,07;13,28;14,71;6,51;11,51;17,57;6,61;8,29;14,13;sport_et_sciences_du_mouvement
7,22;8,02;8,87;14,85;16,89;17,72;13,85;15,0;11,51;6,49;11,62;13,1;7,17;10,54;10,99;sciences_sociales_et_sociologie
13,79;13,98;15,17;14,34;12,76;9,03;10,84;16,42;16,58;10,0;9,64;17,02;8,25;11,39;17,82;sciences_veterinaires
17,43;19,81;12,65;13,64;9,35;8,15;13,73;12,73;10,71;15,81;13,12;6,34;14,59;15,71;8,39;genie_electrique_et_electronique
19,49;12,15;12,61;15,72;12,56;10,1;19,9;13,13;10,22;12,45;19,84;10,71;7,91;20,0;9,58;commerce_international_et_logistique
6,69;10,31;11,84;17,77;17,1;17,42;14,22;16,71;15,93;10,61;13,3;11,95;7,89;10,15;12,4;sciences_sociales_et_sociologie
13,32;10,71;10,91;12,31;18,73;17,1;16,49;17,84;10,81;11,01;14,71;11,43;8,68;10,78;9,12;commerce_international_et_logistique
9,87;8,54;7,58;9,69;15,23;9,2;8,28;14,75;15,58;9,91;7,89;17,04;4,91;10,17;13,44;sport_et_sciences_du_mouvement
12,72;9,72;9,68;14,25;17,03;16,21;8,71;12,24;10,77;8,82;13,76;13,59;11,88;14,15;10,2;sciences_sociales_et_sociologie
14,76;16,61;18,18;12,01;12,7;12,6;12,24;13,75;18,05;11,09;10,17;13,58;8,57;12,98;16,11;medecine_et_sante
16,81;18,89;13,73;10,26;11,16;11,62;11,06;16,32;13,26;14,08;7,72;12,37;18,97;12,54;9,65;genie_mecanique_et_industriel
8,06;7,84;7,42;18,08;13,52;13,13;16,76;6,52;3,38;10,83;8,59;14,99;7,24;11,13;5,83;traduction_et_interpretariat
12,41;16,97;19,9;14,63;11,93;9,8;13,25;13,16;18,4;9,0;9,75;12,28;9,96;12,97;18,57;pharmacie
17,35;10,43;12,53;14,18;12,29;11,33;12,5;19,2;9,16;15,29;14,64;11,36;10,43;16,76;8,76;sciences_actuarielles_et_statistiques
12,9;18,44;18,01;11,81;9,23;11,22;12,31;15,4;17,1;9,9;6,61;11,2;8,41;9,99;18,08;medecine_et_sante
17,14;12,21;8,48;9,71;8,94;8,41;14,2;18,06;12,34;19,72;11,33;11,56;6,35;17,7;6,92;cybersecurite_et_reseaux
11,86;15,66;18,89;12,2;10,82;13,65;12,38;15,53;15,76;8,36;12,69;13,59;9,68;11,53;19,97;biotechnologie_et_sciences_pharmaceutiques
17,29;13,83;10,41;12,39;8,95;5,53;14,47;14,96;11,46;14,59;16,14;11,05;4,1;17,13;11,11;sciences_actuarielles_et_statistiques
17,67;19,69;12,85;11,17;12,22;9,92;13,07;14,53;8,28;16,29;9,5;12,75;15,92;11,99;9,55;genie_electrique_et_electronique
18,63;18,0;14,8;12,72;9,71;12,17;12,93;10,4;13,51;16,99;10,04;11,06;15,07;14,69;9,51;genie_mecanique_et_industriel
18,08;13,83;14,21;14,38;8,12;10,22;12,27;19,09;9,43;12,47;13,6;13,48;7,01;15,59;9,02;informatique_administration_reseaux_et_ia
16,31;19,69;11,83;10,32;8,69;5,76;10,51;19,33;6,88;16,74;6,75;11,36;16,21;15,52;11,26;genie_electrique_et_electronique
18,28;20,0;11,19;14,1;11,17;8,44;13,98;15,82;13,15;15,88;10,72;11,68;18,6;14,47;12,3;genie_civil_et_construction
19,39;11,09;11,18;12,93;12,97;6,92;15,47;19,14;6,31;19,96;13,03;10,42;11,24;17,19;5,02;science_des_donnees_et_intelligence_artificielle
10,88;12,18;9,71;10,67;15,05;12,08;9,69;15,1;11,93;11,47;13,28;14,09;19,11;10,76;12,25;urbanisme_et_amenagement_du_territoire
13,53;18,18;13,72;9,43;12,47;7,47;14,55;17,49;8,22;11,76;9,51;10,84;16,04;13,61;8,2;genie_mecanique_et_industriel
10,41;12,69;7,4;13,41;12,76;10,12;13,12;9,74;11,91;9,99;9,11;17,67;8,33;9,17;11,5;sport_et_sciences_du_mouvement
18,92;11,97;9,25;13,24;12,39;14,2;14,62;14,7;7,16;16,2;14,35;10,91;8,14;18,25;5,7;sciences_actuarielles_et_statistiques
13,06;7,71;9,64;16,41;15,0;11,83;15,79;12,22;9,38;10,97;10,35;15,23;12,39;9,03;9,61;tourisme_et_hotellerie
11,6;13,82;11,28;14,0;17,03;13,6;14,64;15,46;8,6;8,41;11,2;9,96;14,76;14,39;7,08;urbanisme_et_amenagement_du_territoire
15,96;13,79;9,74;10,6;8,14;7,9;11,22;15,95;10,88;18,93;10,26;9,04;10,06;18,97;7,65;cybersecurite_et_reseaux
16,51;11,43;12,63;15,26;18,61;10,82;17,76;15,75;10,51;13,71;16,11;17,28;11,99;14,65;8,44;commerce_international_et_logistique
17,4;20,0;13,31;10,48;9,55;12,25;9,45;16,93;14,12;13,23;10,74;8,44;19,78;16,63;7,74;genie_mecanique_et_industriel
12,41;8,29;9,65;15,78;20,0;13,52;11,7;15,06;13,79;13,13;12,93;13,73;10,48;11,3;12,91;sciences_sociales_et_sociologie
9,74;6,76;9,35;15,52;14,46;14,61;16,58;15,15;9,36;9,03;8,75;15,57;9,99;9,59;9,59;journalisme_et_medias
10,33;13,53;13,27;14,33;13,5;10,14;8,88;13,93;12,2;12,02;7,04;14,28;11,69;10,26;11,82;sport_et_sciences_du_mouvement
19,03;10,66;11,87;11,45;12,85;9,95;16,8;16,65;9,93;11,2;17,25;8,8;11,41;19,47;7,21;finance_comptabilite_et_audit
13,34;9,51;9,98;11,92;16,06;7,55;10,11;14,16;13,92;12,42;10,24;16,75;8,01;9,88;13,94;sport_et_sciences_du_mouvement
5,99;9,17;11,57;18,76;15,97;15,69;15,16;15,63;7,43;10,88;10,79;12,63;9,39;10,37;8,94;journalisme_et_medias
11,8;5,47;5,86;19,6;16,1;14,93;17,54;9,27;6,15;13,1;9,62;14,86;6,7;11,25;6,78;langues_et_communication
6,63;8,48;6,03;17,56;15,74;19,12;14,49;14,13;8,38;9,11;12,06;9,7;8,19;8,48;8,6;droit_et_sciences_politiques
17,58;19,46;10,1;10,79;11,02;9,33;11,86;17,4;10,01;15,08;9,44;10,0;14,73;9,7;6,24;genie_civil_et_construction
12,46;14,75;9,61;13,19;12,78;9,72;10,73;13,13;9,15;12,91;10,96;11,6;15,19;12,95;10,02;urbanisme_et_amenagement_du_territoire
12,97;11,05;12,5;11,79;15,65;15,0;15,76;11,48;10,46;15,43;16,25;12,92;6,45;16,9;7,68;economie_et_gestion
10,35;13,43;19,11;12,39;9,18;10,26;16,12;12,47;16,66;8,94;11,52;12,27;5,28;11,3;20,0;pharmacie
8,47;6,51;6,09;18,26;10,87;13,04;19,06;13,33;6,43;9,33;9,15;16,23;8,3;8,13;9,5;traduction_et_interpretariat
20,0;19,91;10,6;11,39;3,7;11,49;13,52;17,93;13,66;15,24;11,75;11,4;14,42;13,1;12,89;genie_electrique_et_electronique
11,2;14,2;11,65;12,29;13,18;10,98;13,29;13,62;12,55;9,35;11,86;17,14;9,19;10,15;15,38;sport_et_sciences_du_mouvement
12,15;6,3;9,31;16,01;16,53;17,28;19,27;10,83;9,84;10,05;14,25;14,27;11,14;12,53;5,82;droit_et_sciences_politiques
11,17;12,06;13,97;13,04;6,81;14,62;14,03;13,16;17,58;8,46;9,72;16,24;8,08;11,09;16,26;sciences_veterinaires
13,96;10,42;9,08;13,08;19,25;11,35;16,79;9,92;9,83;13,6;16,76;10,53;7,29;14,48;8,92;economie_et_gestion
13,7;13,91;18,24;7,24;13,43;9,09;11,57;9,62;19,05;10,95;8,76;11,5;9,4;14,63;18,86;biotechnologie_et_sciences_pharmaceutiques
10,5;12,82;9,46;15,83;13,19;11,72;7,99;12,25;11,66;8,49;7,63;16,9;14,07;10,75;12,47;sport_et_sciences_du_mouvement
17,5;19,55;12,86;13,78;10,09;10,04;14,23;13,44;11,11;14,22;9,19;13,68;16,07;13,27;8,2;genie_civil_et_construction
6,49;7,41;12,27;19,56;15,94;16,64;13,93;16,9;13,29;6,87;14,89;9,32;6,51;12,93;9,52;sciences_sociales_et_sociologie
11,49;9,46;9,28;15,45;17,58;12,92;16,81;10,94;10,32;13,93;12,27;12,01;8,26;9,76;11,64;tourisme_et_hotellerie
6,24;6,5;5,93;19,18;14,44;12,17;17,02;10,16;4,38;10,15;8,45;12,51;6,92;8,31;8,73;langues_et_communication
8,36;8,2;8,03;17,05;17,43;16,62;17,16;13,99;9,76;10,0;11,53;13,76;9,63;7,47;6,47;journalisme_et_medias
5,28;5,7;9,33;19,49;18,81;13,71;18,26;16,04;11,55;9,03;10,65;13,68;9,82;9,5;9,73;journalisme_et_medias
15,54;8,61;11,49;12,45;14,36;13,16;15,88;16,6;12,82;13,09;18,22;16,28;8,79;18,83;10,47;economie_et_gestion
17,13;10,51;11,81;12,02;14,9;13,92;16,49;14,79;7,94;9,57;15,82;13,74;12,76;16,19;7,57;commerce_international_et_logistique
17,57;12,46;11,7;14,1;13,23;13,27;14,47;17,62;8,67;15,83;16,3;12,76;5,99;20,0;7,46;sciences_actuarielles_et_statistiques
6,81;7,55;11,76;15,3;14,25;13,92;18,59;14,83;10,74;9,06;8,7;12,54;8,14;8,31;9,65;journalisme_et_medias
16,67;10,91;12,04;8,11;8,15;10,82;12,97;14,16;8,71;19,43;11,73;9,51;9,08;19,06;10,74;cybersecurite_et_reseaux
11,83;7,65;7,71;18,72;13,37;17,11;14,26;14,52;9,23;9,95;9,49;9,98;8,42;11,29;5,74;droit_et_sciences_politiques
16,15;14,51;9,69;10,49;10,55;10,0;15,31;14,72;7,75;18,35;11,03;11,79;11,2;17,54;6,67;cybersecurite_et_reseaux
14,55;7,77;12,49;15,39;13,7;10,93;13,99;16,63;12,5;8,86;20,0;13,61;9,12;14,65;5,95;economie_et_gestion
13,99;13,54;18,28;12,22;10,21;11,89;12,6;12,92;17,63;12,61;10,45;12,24;7,79;15,27;19,24;biotechnologie_et_sciences_pharmaceutiques
10,59;10,45;9,91;17,11;17,72;16,29;14,87;11,66;10,01;9,59;13,6;11,93;11,36;14,18;8,63;droit_et_sciences_politiques
9,48;7,28;7,14;19,19;18,35;18,89;13,88;11,72;12,38;10,09;10,97;8,5;7,08;8,19;10,25;droit_et_sciences_politiques
11,71;14,78;17,15;14,33;9,43;11,29;12,81;15,69;16,79;10,43;10,42;13,56;7,85;9,3;17,35;sciences_veterinaires
9,79;7,48;8,89;18,11;15,63;14,66;16,04;11,06;10,7;9,6;9,05;11,87;10,37;9,55;7,76;langues_et_communication
17,82;16,88;16,54;8,45;13,29;7,9;12,22;17,87;11,27;18,64;10,57;9,32;12,19;15,21;9,26;informatique_administration_reseaux_et_ia
11,92;5,97;8,08;18,6;11,82;13,35;18,38;14,11;7,58;8,24;11,32;13,73;11,81;8,17;8,11;traduction_et_interpretariat
11,83;11,53;15,65;14,11;10,95;11,73;12,63;18,32;17,6;9,28;9,88;14,82;8,46;9,27;18,17;agronomie_et_environnement
12,93;17,74;17,39;13,78;13,81;11,86;15,53;12,46;18,02;9,7;9,4;14,38;12,66;11,2;18,27;medecine_et_sante
18,1;20,0;13,38;13,04;9,42;6,97;13,02;14,02;7,93;18,4;9,57;10,99;14,7;14,4;5,71;genie_electrique_et_electronique
7,34;8,43;10,7;19,59;17,01;17,14;16,64;12,34;7,92;8,74;9,11;12,38;11,85;5,63;12,05;journalisme_et_medias
12,45;11,45;10,11;8,05;15,54;12,4;16,56;16,15;8,45;10,31;9,47;13,7;14,47;14,56;8,25;urbanisme_et_amenagement_du_territoire
11,29;7,25;8,18;16,11;17,17;17,47;15,85;13,85;10,68;11,8;16,04;9,45;7,33;9,51;9,3;droit_et_sciences_politiques
6,74;10,64;11,94;14,27;10,53;16,57;13,53;16,64;17,64;6,61;4,84;11,91;7,49;10,34;10,69;psychologie_et_sciences_de_l_education
14,79;14,86;19,4;10,02;14,72;8,97;12,26;12,12;17,09;12,91;10,23;11,55;8,5;13,9;17,23;pharmacie
9,09;7,75;8,73;15,84;13,36;17,24;15,48;11,25;8,08;11,18;8,48;10,76;11,16;8,37;10,28;journalisme_et_medias
16,53;11,86;7,76;7,78;2,56;12,09;12,97;16,13;12,55;20,0;12,61;13,8;9,58;18,11;13,12;cybersecurite_et_reseaux
10,07;8,7;5,14;20,0;14,73;14,62;14,1;13,22;9,09;8,46;9,06;14,48;7,22;10,7;7,51;droit_et_sciences_politiques
17,16;14,94;16,42;15,11;16,02;8,32;12,19;13,71;16,27;10,32;12,21;15,81;12,78;12,45;15,43;agronomie_et_environnement
4,08;7,45;9,79;15,96;10,74;10,74;16,76;13,65;7,01;7,22;8,88;11,67;8,1;4,53;9,17;langues_et_communication
17,28;18,95;12,56;11,82;11,68;11,66;15,55;10,18;11,74;14,96;9,63;10,07;20,0;12,65;7,86;genie_mecanique_et_industriel
14,58;18,84;16,25;9,96;10,51;8,41;13,76;16,22;8,9;20,0;10,63;9,44;10,66;11,04;7,95;informatique_administration_reseaux_et_ia
13,27;15,44;11,44;13,49;16,21;10,53;12,73;13,84;10,51;10,94;12,18;12,44;15,45;11,91;8,87;urbanisme_et_amenagement_du_territoire
19,95;18,62;13,33;12,75;8,36;7,8;11,15;14,33;13,78;13,96;11,05;9,21;18,02;19,12;8,72;genie_mecanique_et_industriel
18,5;18,59;12,1;10,73;10,44;12,67;15,4;17,45;12,56;19,04;12,69;12,69;10,71;18,5;9,59;science_des_donnees_et_intelligence_artificielle
10,91;16,22;16,22;14,06;8,21;12,65;14,77;15,94;18,75;12,18;7,85;13,61;7,56;6,97;18,09;sciences_veterinaires
20,0;11,5;9,68;12,72;8,16;7,08;16,68;12,16;12,3;15,7;16,34;10,02;7,85;18,42;10,77;sciences_actuarielles_et_statistiques
15,95;15,99;13,92;15,62;8,2;9,69;13,8;12,19;8,89;12,41;5,79;9,25;20,0;10,53;6,22;architecture_et_design_interieur
13,79;11,79;10,85;12,23;13,92;11,82;12,79;13,6;9,88;12,66;14,1;8,68;18,23;10,71;11,96;urbanisme_et_amenagement_du_territoire
17,23;19,01;13,69;8,75;8,77;7,18;14,21;15,94;8,46;14,06;9,22;10,4;17,65;16,04;7,46;genie_electrique_et_electronique
13,72;14,85;17,01;10,79;16,76;9,7;8,57;9,28;16,09;9,62;10,53;9,27;5,05;11,1;17,97;pharmacie
11,03;10,14;10,06;17,44;15,53;10,92;16,4;13,8;11,96;9,32;13,24;17,32;11,1;10,62;9,41;tourisme_et_hotellerie
17,54;12,82;13,66;14,55;14,32;13,24;13,83;15,71;6,22;17,13;20,0;14,09;8,28;18,59;6,39;finance_comptabilite_et_audit
14,96;19,21;12,11;9,91;11,63;10,23;16,04;14,97;12,93;10,44;7,65;9,4;18,17;13,29;8,06;genie_mecanique_et_industriel
16,39;11,02;14,01;15,91;17,84;15,8;18,7;12,4;8,52;11,92;20,0;10,51;11,76;13,23;8,75;commerce_international_et_logistique
8,56;6,13;9,57;20,0;16,68;17,46;13,19;11,18;12,28;4,64;13,13;13,14;8,11;8,31;8,68;droit_et_sciences_politiques
9,43;8,82;12,91;16,11;12,64;15,26;11,31;18,04;15,17;6,82;7,43;11,04;4,72;13,39;9,03;psychologie_et_sciences_de_l_education
11,71;11,38;12,65;13,34;7,48;12,73;17,08;12,64;19,95;9,77;7,3;12,53;9,24;12,16;18,77;sciences_veterinaires
17,06;17,07;10,38;14,2;9,67;7,54;11,26;16,83;12,51;14,12;10,18;11,44;13,49;14,09;11,64;genie_civil_et_construction
12,18;18,4;20,0;11,7;13,49;10,34;15,45;11,63;16,46;10,61;11,39;12,69;7,43;10,28;17,42;medecine_et_sante
8,47;2,08;8,71;14,15;15,12;16,84;16,33;10,6;10,3;10,04;19,45;10,82;10,15;7,92;12,6;droit_et_sciences_politiques
9,37;9,67;10,09;18,31;15,26;9,16;17,05;11,76;8,8;9,31;14,34;15,65;10,79;8,62;8,07;tourisme_et_hotellerie
16,48;18,62;17,59;13,15;12,77;9,53;15,38;16,94;7,23;16,92;10,7;10,4;10,87;15,02;7,11;informatique_administration_reseaux_et_ia
16,39;15,89;9,66;12,73;12,25;10,45;14,77;15,48;8,97;13,07;7,16;11,23;18,85;14,53;6,82;architecture_et_design_interieur
18,9;16,51;13,39;12,51;11,07;11,52;12,8;17,83;10,71;19,38;12,44;13,97;10,62;18,37;9,92;informatique_administration_reseaux_et_ia
16,28;10,05;12,92;11,46;11,04;11,18;17,27;14,45;11,38;12,19;17,44;11,4;8,68;19,46;7,36;finance_comptabilite_et_audit
9,51;7,68;13,81;16,5;18,56;16,81;16,47;10,56;9,11;9,91;12,31;9,33;11,53;7,05;8,41;droit_et_sciences_politiques
17,81;16,19;10,77;10,77;10,0;9,99;13,99;12,63;10,64;9,05;9,83;16,06;17,33;9,37;7,73;genie_mecanique_et_industriel
15,84;11,82;14,3;9,82;10,46;10,76;8,84;12,58;17,39;11,18;11,45;10,95;7,64;12,89;17,9;sciences_veterinaires
16,59;19,96;13,82;11,95;7,52;10,63;10,49;13,45;6,54;12,16;8,09;13,48;14,15;13,83;8,16;genie_civil_et_construction
12,84;14,85;20,0;11,51;9,8;9,61;14,51;12,7;19,42;10,73;7,88;11,24;8,54;11,19;19,34;pharmacie
14,45;15,4;16,12;8,39;14,5;10,97;11,41;12,21;17,52;13,81;3,95;10,2;10,75;10,18;17,98;medecine_et_sante
10,49;5,99;6,57;17,49;13,58;14,93;18,02;10,57;9,89;11,04;6,85;15,7;9,73;10,73;9,52;langues_et_communication
10,17;8,97;11,57;17,06;16,23;17,19;13,4;18,03;15,87;10,26;9,96;14,16;10,8;13,46;14,48;psychologie_et_sciences_de_l_education
7,51;12,57;7,06;9,15;5,88;8,53;14,98;14,37;14,26;6,64;10,11;18,28;12,6;7,88;11,25;sport_et_sciences_du_mouvement
19,12;14,98;10,59;10,03;9,42;13,36;15,8;16,38;10,28;19,27;11,45;12,09;9,82;18,28;10,28;science_des_donnees_et_intelligence_artificielle
18,19;11,48;12,19;13,35;11,83;9,99;15,85;16,99;9,93;14,88;20,0;6,79;8,71;13,62;9,34;finance_comptabilite_et_audit
18,1;20,0;14,47;13,42;11,05;11,65;14,48;12,63;9,5;16,06;9,38;13,95;13,71;17,22;5,37;genie_electrique_et_electronique
13,0;18,93;20,0;14,14;11,77;11,29;13,82;15,61;19,61;13,84;10,08;8,27;8,4;15,59;16,98;biotechnologie_et_sciences_pharmaceutiques
8,23;12,86;13,04;10,46;11,61;12,48;10,88;14,88;16,26;8,87;8,15;15,9;9,62;9,33;17,95;sciences_veterinaires
10,06;7,66;8,06;17,17;15,38;16,56;16,93;13,63;7,61;9,63;9,23;14,69;10,65;7,27;5,5;journalisme_et_medias
16,16;14,77;12,17;11,86;16,01;13,02;16,88;13,4;6,78;14,12;15,73;9,15;18,12;13,75;3,38;urbanisme_et_amenagement_du_territoire
5,84;7,03;10,15;16,82;13,46;15,28;17,0;11,65;7,05;10,47;9,85;13,79;11,52;7,02;10,13;langues_et_communication
15,45;11,72;10,58;10,73;10,73;9,97;12,22;17,19;8,36;11,95;8,86;14,02;17,8;9,28;6,55;architecture_et_design_interieur
17,39;19,64;17,6;12,83;11,12;8,21;11,54;14,85;11,71;14,46;14,19;12,67;18,77;15,36;9,67;genie_mecanique_et_industriel
9,26;8,49;9,62;16,27;18,15;16,67;13,58;11,97;11,25;11,33;13,93;12,31;7,75;10,18;8,9;droit_et_sciences_politiques
8,67;7,29;11,7;15,66;13,98;17,28;12,64;16,01;13,41;11,71;12,53;11,02;10,89;11,63;8,66;sciences_sociales_et_sociologie
17,51;19,94;13,75;9,79;14,15;13,61;16,72;13,31;16,49;12,61;11,96;10,23;20,0;14,69;12,55;genie_mecanique_et_industriel
17,38;19,48;14,44;9,46;11,9;9,46;11,76;17,49;4,5;17,98;9,17;7,08;18,14;13,6;1,57;genie_electrique_et_electronique
10,48;7,29;8,89;16,54;14,33;16,64;15,09;9,2;9,66;9,43;14,67;10,36;8,18;9,41;8,11;droit_et_sciences_politiques
12,56;12,98;16,75;10,5;12,2;8,45;13,02;12,28;17,29;12,64;12,11;15,27;9,36;10,23;17,12;agronomie_et_environnement
16,64;20,0;14,07;13,3;7,88;10,45;13,23;15,12;8,72;12,69;11,59;14,42;17,71;14,56;7,16;genie_mecanique_et_industriel
16,83;18,19;13,99;10,78;11,24;10,27;11,79;15,43;11,7;14,67;7,36;11,08;16,99;16,01;8,31;genie_civil_et_construction
7,52;4,55;7,79;17,11;19,49;16,71;16,79;13,93;9,6;8,41;10,25;12,39;11,3;6,54;8,09;journalisme_et_medias
6,51;12,26;12,12;13,72;11,12;16,53;14,43;16,47;15,88;10,21;5,73;15,29;11,24;10,16;10,73;psychologie_et_sciences_de_l_education
9,8;11,19;8,58;13,77;7,84;9,56;11,86;9,88;11,15;6,73;11,48;20,0;9,65;11,54;15,09;sport_et_sciences_du_mouvement
11,87;11,81;14,77;11,1;9,01;9,98;9,76;15,0;18,47;5,72;10,34;11,96;8,26;9,69;13,21;sciences_veterinaires
18,52;17,83;17,31;11,6;14,1;10,39;10,55;16,55;10,07;18,98;12,3;13,83;15,47;16,92;8,16;informatique_administration_reseaux_et_ia
13,78;14,84;18,06;13,34;10,4;14,69;13,34;15,48;15,97;11,07;9,96;9,24;7,18;12,7;17,14;biotechnologie_et_sciences_pharmaceutiques
5,92;7,68;10,72;17,54;16,45;17,12;11,07;10,7;7,77;6,83;11,64;14,81;8,52;9,47;8,67;droit_et_sciences_politiques
14,23;11,67;13,91;13,76;14,25;10,29;10,87;13,51;16,76;12,24;12,99;14,91;11,18;13,05;17,02;agronomie_et_environnement
15,98;9,77;11,76;12,17;12,36;10,4;16,53;16,94;12,31;10,08;15,66;10,15;8,76;15,99;11,96;finance_comptabilite_et_audit
9,71;8,26;10,79;20,0;14,49;13,38;15,67;13,22;8,52;8,21;10,03;12,16;8,11;8,56;5,53;langues_et_communication
18,35;17,05;14,33;14,46;11,91;7,8;16,03;14,72;7,46;13,46;11,17;14,28;20,0;12,52;7,6;architecture_et_design_interieur
14,84;17,0;19,17;9,8;12,61;9,43;11,52;12,61;17,05;9,99;7,27;11,46;7,29;11,61;18,04;biotechnologie_et_sciences_pharmaceutiques
15,43;12,7;12,16;10,4;12,18;11,01;13,86;18,24;8,61;12,3;8,93;12,39;14,36;11,0;6,5;architecture_et_design_interieur
9,97;6,72;8,92;15,75;16,43;16,91;15,9;11,04;9,71;14,51;10,3;11,11;8,9;8,49;6,98;journalisme_et_medias
16,06;9,8;9,97;11,28;17,21;10,31;19,49;16,16;11,03;15,38;15,55;14,56;9,38;15,68;10,93;economie_et_gestion
14,03;13,85;8,56;10,52;13,1;10,49;13,93;15,82;13,78;9,8;8,02;6,83;19,33;10,91;7,28;architecture_et_design_interieur
10,24;6,67;9,95;16,11;13,38;13,71;18,52;11,24;9,53;7,05;7,28;8,26;10,52;10,55;8,38;langues_et_communication
12,24;14,21;17,07;15,57;9,43;14,64;14,0;13,55;17,75;9,75;9,77;12,87;8,27;12,24;18,51;biotechnologie_et_sciences_pharmaceutiques
8,34;4,49;7,83;15,48;16,75;9,95;13,81;13,37;14,96;8,2;10,93;18,39;9,06;9,01;12,28;tourisme_et_hotellerie
16,44;14,83;12,79;14,86;8,99;11,96;16,84;17,83;6,78;15,42;14,43;13,27;14,0;17,93;7,9;informatique_administration_reseaux_et_ia
11,2;14,12;15,78;13,61;10,0;11,72;14,84;14,81;19,32;10,65;9,3;12,84;8,0;8,83;18,57;sciences_veterinaires
16,15;18,24;13,24;11,27;8,82;9,8;15,05;17,93;10,88;17,55;15,17;13,16;10,02;14,59;9,34;informatique_administration_reseaux_et_ia
16,03;11,54;16,81;14,17;16,23;12,16;16,53;13,73;10,25;13,05;17,11;13,01;9,43;13,92;6,59;commerce_international_et_logistique
13,36;13,91;11,08;12,75;15,63;8,1;10,59;13,63;9,32;12,31;11,81;12,95;16,8;12,83;11,87;urbanisme_et_amenagement_du_territoire
18,67;19,53;16,21;9,96;7,67;8,68;14,91;16,47;11,9;18,07;13,62;9,76;14,1;14,23;8,24;informatique_administration_reseaux_et_ia
8,82;5,68;7,53;17,51;13,38;12,99;19,56;8,78;9,12;10,67;11,55;10,42;7,94;6,75;10,16;traduction_et_interpretariat
13,43;17,27;20,0;14,65;9,62;8,49;13,41;13,29;17,12;10,11;11,68;14,32;6,4;11,65;17,32;pharmacie
8,84;7,15;9,02;17,99;16,03;14,19;17,08;14,89;8,57;10,81;9,96;13,76;11,45;9,2;10,04;journalisme_et_medias
12,46;12,83;16,13;10,03;12,88;7,23;13,51;13,31;18,68;11,47;8,9;16,06;9,29;9,9;17,56;sciences_veterinaires
14,35;9,57;10,21;10,91;13,79;7,89;16,05;13,31;8,99;8,4;14,85;16,77;8,79;12,58;10,32;commerce_international_et_logistique
8,73;15,16;14,0;12,25;9,05;9,93;12,55;15,2;19,06;8,57;9,11;15,22;11,41;8,69;17,3;sciences_veterinaires
17,41;15,08;11,76;10,94;11,3;6,58;14,02;17,46;10,76;18,15;10,46;9,5;8,08;16,71;10,45;science_des_donnees_et_intelligence_artificielle
8,04;9,5;11,92;7,56;9,38;9,88;13,68;11,65;16,09;9,02;10,02;19,73;6,47;10,64;13,95;sport_et_sciences_du_mouvement
10,2;14,63;20,0;7,97;11,37;7,08;14,32;9,8;16,52;8,87;7,02;9,32;5,53;10,15;16,26;pharmacie
14,33;14,07;8,93;13,15;14,5;9,53;14,31;12,45;8,25;12,18;13,03;10,4;16,45;14,93;8,7;urbanisme_et_amenagement_du_territoire
15,16;10,05;10,33;13,15;15,92;13,48;18,56;14,17;10,13;10,88;17,24;13,32;8,06;13,32;7,73;commerce_international_et_logistique
15,18;14,84;18,38;11,99;12,7;11,58;13,24;12,89;18,29;12,26;9,14;10,0;8,46;12,43;14,29;pharmacie
12,11;7,83;10,87;11,66;17,51;16,47;11,35;14,35;13,86;11,55;8,52;14,99;8,16;14,05;12,07;sciences_sociales_et_sociologie
20,0;17,79;8,56;12,54;12,33;11,85;19,11;13,22;11,03;19,39;9,83;8,79;9,19;18,57;9,05;science_des_donnees_et_intelligence_artificielle
17,52;18,79;11,98;11,65;9,07;12,15;9,02;12,99;12,48;14,0;9,34;17,26;19,13;12,35;8,55;genie_mecanique_et_industriel
18,88;8,34;9,92;14,19;10,83;2,26;15,01;14,8;10,13;14,33;18,21;10,24;9,5;18,74;10,28;sciences_actuarielles_et_statistiques
18,18;20,0;12,27;12,7;6,41;6,76;11,05;19,19;6,54;14,68;9,61;9,37;14,64;15,22;7,21;genie_electrique_et_electronique
17,8;14,02;20,0;6,83;17,39;6,26;12,49;8,46;19,82;13,55;9,88;9,39;7,67;14,2;15,77;biotechnologie_et_sciences_pharmaceutiques
15,38;18,44;11,59;9,21;6,82;12,3;11,22;13,54;12,65;14,29;9,67;11,19;14,08;13,15;11,11;genie_civil_et_construction
16,14;18,19;13,85;13,61;6,34;4,82;14,58;15,14;8,86;18,37;11,46;11,45;10,47;14,71;8,67;informatique_administration_reseaux_et_ia
14,39;8,19;12,87;16,6;17,11;16,1;13,94;16,19;17,75;9,61;10,81;12,69;10,22;13,13;13,4;psychologie_et_sciences_de_l_education
15,87;16,17;17,9;13,08;8,72;13,75;13,91;19,51;9,19;14,72;9,45;13,19;10,9;16,79;8,48;informatique_administration_reseaux_et_ia
15,99;10,73;12,69;14,38;13,11;8,15;19,9;13,87;7,54;10,79;18,4;8,3;8,3;14,81;6,75;commerce_international_et_logistique
13,68;17,32;18,49;13,36;9,46;11,14;14,43;12,63;17,93;11,65;8,49;13,09;9,16;13,63;19,44;biotechnologie_et_sciences_pharmaceutiques
12,76;16,35;18,28;10,46;12,02;10,81;13,63;12,96;19,09;10,57;9,01;9,43;7,54;11,59;17,9;biotechnologie_et_sciences_pharmaceutiques
12,35;18,04;19,88;11,91;12,6;13,57;15,87;10,99;20,0;12,38;8,49;12,07;10,63;11,72;20,0;medecine_et_sante
11,79;8,75;9,33;17,19;17,87;13,44;15,72;12,1;10,0;9,54;11,97;14,69;12,99;9,19;10,81;tourisme_et_hotellerie
15,31;15,38;14,5;9,6;5,72;7,91;15,64;12,78;9,61;19,55;10,84;11,94;13,81;14,88;8,36;informatique_administration_reseaux_et_ia
17,48;18,61;12,14;14,26;7,81;8,92;15,23;15,64;11,82;17,01;14,35;9,91;10,87;18,03;11,36;informatique_administration_reseaux_et_ia
17,28;14,43;10,37;10,15;8,95;10,93;14,25;16,32;11,0;18,34;10,02;11,5;9,57;18,04;9,89;science_des_donnees_et_intelligence_artificielle
18,86;16,92;13,12;13,24;11,23;7,33;12,11;16,44;12,33;19,51;13,11;9,46;10,43;20,0;9,57;science_des_donnees_et_intelligence_artificielle
11,53;14,0;11,89;13,93;7,1;11,28;16,23;14,86;20,0;10,9;8,37;15,01;10,41;12,19;18,01;sciences_veterinaires
12,72;15,25;18,53;13,66;10,34;14,0;13,1;11,85;18,68;10,17;8,8;11,02;11,23;10,37;20,0;medecine_et_sante
16,79;9,33;14,41;10,92;13,0;15,37;18,09;12,63;6,21;15,22;18,24;9,73;11,29;16,67;4,64;finance_comptabilite_et_audit
17,95;20,0;11,54;11,78;8,43;7,02;14,27;19,9;8,2;17,47;7,39;10,23;11,29;15,89;6,06;genie_electrique_et_electronique
12,54;8,57;12,3;18,69;16,75;7,5;16,19;15,99;10,95;10,42;18,14;9,41;12,21;11,13;9,31;commerce_international_et_logistique
13,48;15,12;13,05;12,36;16,5;14,69;16,77;14,78;8,73;13,06;12,2;13,37;16,79;11,95;7,23;urbanisme_et_amenagement_du_territoire
10,54;13,91;19,13;11,14;10,44;13,04;17,42;12,24;20,0;8,52;10,08;12,65;10,61;9,64;20,0;pharmacie
12,0;12,94;10,9;8,15;10,58;13,19;14,77;15,02;10,31;6,38;8,91;10,55;14,93;8,93;9,94;architecture_et_design_interieur
13,7;13,27;10,44;11,97;13,89;11,83;12,97;14,5;9,62;10,45;13,17;8,49;16,21;13,2;6,57;urbanisme_et_amenagement_du_territoire
15,5;14,28;15,06;11,23;14,38;15,23;15,27;13,7;17,8;11,84;12,31;15,56;10,77;11,45;18,11;agronomie_et_environnement
10,85;8,52;8,75;15,56;12,02;14,34;15,35;17,96;14,73;8,34;8,42;10,65;9,2;11,13;11,02;psychologie_et_sciences_de_l_education
10,23;15,63;20,0;11,44;9,36;10,58;16,3;13,92;17,5;9,3;10,13;8,96;9,86;10,22;18,99;pharmacie
17,73;15,41;12,08;10,55;10,85;15,14;14,03;15,19;11,21;18,58;10,13;9,11;11,54;17,44;11,37;informatique_administration_reseaux_et_ia
19,76;15,9;10,48;12,11;10,17;8,8;15,39;18,05;6,75;19,13;10,92;10,96;11,55;18,18;7,13;science_des_donnees_et_intelligence_artificielle
17,44;20,0;13,65;12,96;8,65;9,98;11,94;13,8;11,87;15,69;10,6;15,16;20,0;12,53;10,42;genie_civil_et_construction
11,83;15,92;20,0;10,86;10,31;11,87;13,44;12,13;18,18;11,82;7,72;9,05;10,98;10,65;17,23;pharmacie
15,74;10,44;8,47;10,36;6,45;14,17;10,96;16,13;12,34;18,99;12,02;13,18;9,9;16,26;11,08;cybersecurite_et_reseaux
9,86;10,16;9,52;17,0;16,46;16,08;16,62;11,15;7,58;12,17;11,18;12,01;14,1;11,43;7,05;journalisme_et_medias
7,27;10,6;9,37;15,97;19,83;17,79;11,49;16,21;12,75;11,58;13,25;15,87;12,39;12,52;12,33;sciences_sociales_et_sociologie
13,31;14,87;16,97;13,63;10,51;11,24;14,47;14,54;18,67;12,41;8,83;14,48;10,34;9,25;17,14;medecine_et_sante
9,23;11,22;10,07;14,52;12,51;10,95;9,45;10,62;13,24;10,06;8,87;18,43;7,64;9,07;15,56;sport_et_sciences_du_mouvement
13,59;17,79;19,88;11,27;9,89;13,13;10,59;12,74;17,83;12,58;9,78;12,05;8,83;12,05;17,84;pharmacie
8,7;8,13;6,69;17,04;15,47;18,42;15,42;12,38;6,93;9,41;9,93;11,89;9,16;8,11;6,99;journalisme_et_medias
10,17;9,96;7,34;18,43;12,74;13,31;18,59;10,83;11,22;11,87;8,2;10,08;8,5;11,1;8,77;traduction_et_interpretariat
12,88;11,31;10,45;10,95;13,33;12,67;18,51;11,69;13,09;7,27;10,91;19,89;9,57;12,71;12,43;sport_et_sciences_du_mouvement
16,16;18,51;13,78;9,42;12,94;12,23;13,96;11,07;11,25;16,95;7,5;15,36;17,82;11,92;9,38;genie_mecanique_et_industriel
19,27;13,67;12,41;11,6;9,04;11,53;16,65;12,92;7,02;16,04;14,95;7,71;8,86;17,89;3,96;sciences_actuarielles_et_statistiques
17,96;20,0;14,22;12,54;14,26;9,6;12,73;15,95;12,48;11,13;9,11;12,45;19,7;15,3;9,35;genie_mecanique_et_industriel
9,4;11,4;10,73;15,06;15,6;8,84;8,5;12,66;12,84;8,52;7,2;20,0;8,09;11,1;10,15;sport_et_sciences_du_mouvement
15,27;9,45;12,89;15,4;17,92;11,77;17,58;15,17;8,46;10,24;16,81;13,74;7,36;16,76;9,05;commerce_international_et_logistique
16,69;12,17;15,04;12,35;16,51;12,3;12,84;15,24;12,1;14,1;17,88;12,03;8,83;15,85;6,78;economie_et_gestion
11,67;7,62;7,19;17,36;12,42;13,0;20,0;9,75;6,8;11,73;9,74;15,61;8,56;8,92;7,74;traduction_et_interpretariat
10,52;8,69;7,99;16,66;12,71;12,61;17,56;11,15;7,33;11,58;8,18;11,09;7,44;8,07;7,82;traduction_et_interpretariat
19,7;9,41;11,19;14,08;10,51;7,67;17,7;16,03;10,4;14,82;20,0;10,41;8,15;19,3;8,21;finance_comptabilite_et_audit
15,3;10,13;12,11;15,63;15,22;13,48;15,92;16,66;9,78;12,76;17,78;12,75;8,64;15,27;6,95;economie_et_gestion
9,6;9,94;10,05;18,26;12,64;13,5;16,92;9,72;9,1;10,9;9,41;13,25;9,85;9,75;8,6;langues_et_communication
13,34;15,65;19,81;12,45;10,83;12,27;13,69;13,77;19,63;11,76;11,18;13,57;7,56;11,64;19,81;biotechnologie_et_sciences_pharmaceutiques
17,71;17,02;10,44;9,08;10,82;11,88;12,19;15,28;12,87;13,37;7,4;14,99;16,83;16,51;8,27;genie_civil_et_construction
13,41;15,0;10,89;9,42;12,29;11,16;12,53;17,17;9,59;8,76;8,7;8,34;16,65;8,76;9,73;architecture_et_design_interieur
8,37;6,23;9,33;15,87;13,36;12,3;18,02;12,46;6,37;7,51;7,1;12,34;7,05;7,12;7,88;langues_et_communication
16,25;16,8;10,5;13,41;9,53;8,07;12,6;12,49;9,53;12,39;10,26;11,86;19,35;12,45;7,23;architecture_et_design_interieur
10,68;11,48;11,68;8,5;13,41;9,27;16,53;12,71;14,13;9,14;8,92;16,97;10,08;11,11;14,4;sport_et_sciences_du_mouvement
14,31;12,33;15,98;13,24;7,51;10,06;15,49;12,5;19,67;12,8;11,91;12,05;10,16;13,92;17,13;sciences_veterinaires
10,96;13,15;12,81;12,17;12,92;14,72;12,97;16,38;15,23;12,38;7,33;15,61;6,73;7,99;12,81;sport_et_sciences_du_mouvement
11,65;17,35;20,0;14,18;13,1;15,37;11,52;15,64;16,12;14,16;7,77;9,14;8,92;9,7;17,24;biotechnologie_et_sciences_pharmaceutiques
15,63;19,28;12,75;10,4;13,06;12,95;17,29;16,39;13,13;10,35;10,11;9,32;18,91;15,35;11,66;genie_mecanique_et_industriel
12,98;12,31;15,97;14,72;14,06;16,7;14,25;14,51;17,5;11,07;11,28;13,54;9,42;12,12;16,8;agronomie_et_environnement
17,57;13,85;11,35;9,43;9,1;7,25;13,75;16,68;9,1;20,0;10,29;11,43;11,2;17,23;8,88;cybersecurite_et_reseaux
7,96;7,7;7,01;18,47;16,83;17,01;11,49;14,5;11,42;8,77;12,72;13,03;5,78;6,6;7,71;droit_et_sciences_politiques
14,28;14,88;18,93;13,98;12,86;10,93;15,04;15,38;17,52;11,86;6,76;12,71;10,19;11,87;19,41;medecine_et_sante
12,28;11,74;14,4;11,12;9,23;9,62;11,29;14,54;18,51;12,82;10,93;11,73;7,61;10,29;18,79;sciences_veterinaires
8,32;10,92;7,29;12,83;12,12;8,06;8,5;12,65;12,62;7,87;5,98;17,1;10,14;8,09;11,32;sport_et_sciences_du_mouvement
13,42;8,5;7,61;16,06;17,23;13,18;12,93;14,95;11,87;11,44;12,2;12,51;11,73;14,43;8,15;sciences_sociales_et_sociologie
4,03;6,77;4,82;15,07;12,25;14,08;18,27;9,41;8,84;7,6;6,53;12,02;7,78;4,54;9,09;langues_et_communication
16,46;15,07;11,99;7,8;10,78;9,08;14,59;15,85;5,08;19,33;10,22;10,77;7,55;19,27;7,77;cybersecurite_et_reseaux
12,61;14,46;16,88;11,19;12,88;11,45;16,1;12,19;19,0;8,89;12,92;16,83;8,66;10,77;16,62;agronomie_et_environnement
16,6;16,94;17,12;9,37;10,31;12,24;14,28;17,45;5,06;19,15;11,88;9,04;11,19;16,46;6,43;informatique_administration_reseaux_et_ia
13,24;7,83;8,05;16,45;14,82;11,91;17,72;15,94;7,93;7,94;12,59;15,69;8,84;10,61;9,4;tourisme_et_hotellerie
18,15;12,75;9,75;13,71;10,95;12,43;11,03;17,11;10,54;16,0;16,93;11,2;1,84;16,34;7,77;sciences_actuarielles_et_statistiques
10,11;14,28;15,48;11,71;13,39;11,53;10,72;15,08;18,86;9,08;9,06;13,24;6,09;7,93;17,94;sciences_veterinaires
7,42;8,86;11,82;16,06;11,23;14,72;13,3;16,05;15,31;9,27;10,92;14,07;11,23;12,86;10,42;psychologie_et_sciences_de_l_education
16,27;18,57;16,38;12,3;9,27;9,12;15,6;16,67;7,07;17,13;11,33;12,35;13,72;14,84;5,92;informatique_administration_reseaux_et_ia
12,03;7,02;9,07;17,91;13,3;15,5;14,43;12,8;9,0;12,45;8,38;11,81;10,87;11,36;11,82;journalisme_et_medias
12,12;12,44;13,0;12,27;9,38;10,33;10,24;15,19;18,15;10,22;12,56;14,59;8,29;10,78;15,6;sciences_veterinaires
9,92;7,72;7,32;14,49;17,64;15,42;15,99;15,85;11,06;8,18;12,06;12,81;10,11;12,26;9,3;sciences_sociales_et_sociologie
20,0;16,07;11,2;10,68;8,18;13,87;12,63;13,91;10,09;19,44;13,18;12,31;10,78;18,62;7,9;science_des_donnees_et_intelligence_artificielle
15,85;20,0;15,81;13,73;12,14;6,7;13,81;12,72;8,79;13,14;7,72;10,51;19,51;17,72;4,79;genie_mecanique_et_industriel
11,67;17,59;19,65;13,71;10,7;13,77;11,7;14,73;16,53;10,98;4,15;11,18;6,61;13,01;16,84;biotechnologie_et_sciences_pharmaceutiques
18,89;17,48;10,21;14,14;10,74;7,55;11,36;14,34;7,39;14,73;15,43;9,76;18,29;14,79;6,11;architecture_et_design_interieur
4,81;7,51;8,47;18,11;13,08;14,66;16,37;14,21;4,36;5,5;6,24;14,78;7,79;5,29;5,73;traduction_et_interpretariat
17,52;11,81;14,2;11,21;11,95;7,16;15,31;16,94;7,19;15,2;15,55;12,68;9,54;20,0;3,13;sciences_actuarielles_et_statistiques
13,01;14,61;15,59;11,47;16,62;7,59;12,69;15,18;19,92;10,06;11,71;14,01;10,47;12,72;20,0;agronomie_et_environnement
10,2;8,53;10,68;17,88;17,16;16,14;13,15;13,72;13,97;10,25;11,87;10,69;7,94;13,23;11,42;sciences_sociales_et_sociologie
10,16;9,82;10,16;12,87;14,89;13,9;16,73;13,95;12,59;11,31;9,06;13,51;9,89;11,25;10,97;tourisme_et_hotellerie
16,21;19,86;11,23;10,04;11,21;7,63;13,03;18,36;8,46;14,88;8,99;5,85;16,62;15,4;12,29;genie_electrique_et_electronique
17,97;12,18;11,64;12,44;13,04;13,14;14,77;17,04;9,48;11,8;19,58;8,25;9,0;16,26;7,88;finance_comptabilite_et_audit
7,65;10,13;13,35;15,3;13,52;15,18;15,22;17,45;17,32;7,97;10,51;7,8;7,97;12,43;12,75;psychologie_et_sciences_de_l_education
13,45;16,59;17,83;12,41;9,98;13,4;15,2;15,17;16,26;10,23;7,74;14,72;8,81;8,99;16,45;medecine_et_sante
4,98;7,37;8,37;15,7;13,98;13,3;17,08;13,23;8,82;9,52;7,22;15,14;10,16;9,14;9,19;langues_et_communication
6,14;7,91;6,96;17,71;12,75;12,76;17,37;12,25;8,34;9,42;6,3;13,58;7,34;7,06;8,09;traduction_et_interpretariat
16,33;8,55;11,28;12,91;8,23;14,77;15,75;14,44;10,17;9,77;17,52;13,05;9,27;19,39;7,97;finance_comptabilite_et_audit
20,0;14,05;15,62;13,35;10,44;12,7;12,97;16,87;8,17;19,0;13,68;8,43;8,87;19,97;7,44;sciences_actuarielles_et_statistiques
17,28;18,65;10,59;8,94;7,4;10,45;11,19;15,46;13,93;13,27;7,2;14,82;17,68;15,84;8,33;genie_civil_et_construction
7,06;8,25;9,28;19,66;13,71;15,2;19,0;14,98;9,82;7,57;11,28;11,56;8,84;6,62;7,71;traduction_et_interpretariat
9,59;9,89;7,23;12,74;9,28;10,01;13,39;15,87;12,97;6,77;11,62;19,85;5,6;9,97;14,05;sport_et_sciences_du_mouvement
17,91;12,09;10,8;12,71;10,35;10,78;14,13;17,47;11,56;12,27;16,51;11,92;4,0;17,61;9,01;sciences_actuarielles_et_statistiques
16,39;18,95;11,65;8,11;12,15;10,11;12,92;17,61;10,24;14,32;8,1;13,22;15,66;13,23;9,03;genie_civil_et_construction
14,89;18,87;17,45;10,44;11,48;10,31;17,99;18,56;7,54;18,93;10,05;12,81;13,94;14,56;5,97;informatique_administration_reseaux_et_ia
20,0;20,0;12,9;11,69;9,06;12,56;13,12;15,22;12,72;15,04;8,03;14,7;16,52;13,53;9,04;genie_electrique_et_electronique
10,08;11,98;10,1;16,6;17,4;11,44;18,82;12,84;12,56;10,42;11,89;11,93;9,2;11,04;9,77;commerce_international_et_logistique
8,55;8,04;8,37;14,54;18,5;14,73;18,97;13,65;9,94;10,83;6,7;10,78;13,83;10,09;8,08;journalisme_et_medias
13,01;10,7;8,5;12,32;12,28;11,62;19,49;17,14;11,56;7,96;8,25;16,87;8,88;9,57;12,5;sport_et_sciences_du_mouvement
9,94;20,0;20,0;14,37;12,59;15,9;12,28;15,78;15,82;13,74;9,5;10,14;4,93;8,14;17,83;biotechnologie_et_sciences_pharmaceutiques
12,13;16,11;18,76;14,74;11,46;13,78;13,78;15,7;18,1;9,63;9,07;9,89;6,89;13,33;18,45;biotechnologie_et_sciences_pharmaceutiques
10,02;12,23;16,34;14,57;9,67;13,46;12,22;12,86;19,43;4,91;6,8;8,65;10,03;8,71;17,34;sciences_veterinaires
10,35;13,0;9,77;11,11;6,8;9,09;14,7;15,22;12,97;10,27;9,22;18,96;10,43;7,6;12,6;sport_et_sciences_du_mouvement
13,71;13,39;15,17;12,47;14,23;10,21;15,44;13,94;16,25;9,22;12,8;13,2;8,35;10,25;18,74;agronomie_et_environnement
14,31;13,53;9,62;14,34;11,95;8,08;11,03;11,1;9,16;12,07;12,65;11,0;18,56;10,61;11,19;urbanisme_et_amenagement_du_territoire
5,77;7,58;9,5;18,05;11,76;12,4;20,0;12,1;10,07;6,67;10,09;11,74;7,88;6,65;9,96;traduction_et_interpretariat
4,89;7,74;8,38;16,19;19,22;17,54;15,16;14,67;8,62;7,95;7,89;12,52;8,61;10,23;8,08;journalisme_et_medias
7,4;9,57;10,74;16,09;13,7;20,0;13,09;17,03;12,65;11,71;7,42;12,37;12,23;8,9;11,39;psychologie_et_sciences_de_l_education
7,13;6,11;8,47;19,05;11,22;13,24;18,84;13,76;7,45;9,43;11,91;13,65;9,53;5,47;7,46;traduction_et_interpretariat
16,3;18,07;15,45;10,58;6,43;11,46;18,08;15,16;14,96;18,57;8,65;11,64;11,1;12,89;8,79;informatique_administration_reseaux_et_ia
15,81;17,89;12,45;12,34;11,01;9,44;14,93;13,15;9,19;10,65;8,55;10,57;16,82;12,34;5,39;genie_mecanique_et_industriel
15,17;16,25;8,75;12,26;9,92;12,4;14,4;17,3;7,35;19,05;12,61;10,26;6,97;14,96;7,6;cybersecurite_et_reseaux
19,16;11,7;12,52;11,75;10,48;16,89;12,82;20,0;11,52;11,8;19,84;14,82;9,72;17,51;10,63;finance_comptabilite_et_audit
19,26;18,71;11,89;11,14;8,17;8,86;9,85;16,59;12,79;20,0;13,21;8,32;10,28;18,21;10,4;science_des_donnees_et_intelligence_artificielle
13,63;10,34;8,55;13,99;15,99;12,04;19,4;14,96;9,13;11,31;17,8;13,67;7,61;13,77;8,86;commerce_international_et_logistique
17,81;17,33;15,78;8,08;10,38;10,25;13,73;16,37;10,9;17,96;10,31;10,11;12,01;19,65;8,25;informatique_administration_reseaux_et_ia
8,37;8,04;10,43;18,29;13,5;17,0;16,76;13,82;5,16;9,96;11,22;12,66;13,03;12,25;9,4;journalisme_et_medias
3,61;7,77;9,14;15,53;14,19;11,68;16,03;13,82;10,29;10,15;9,94;10,19;9,85;9,93;8,17;langues_et_communication
9,31;12,64;18,17;11,98;9,41;11,47;15,09;11,64;19,58;5,55;5,58;12,53;8,8;9,3;16,8;sciences_veterinaires
15,1;9,41;13,17;14,47;15,59;11,34;14,04;12,65;7,97;13,71;17,71;11,23;9,54;13,06;5,85;economie_et_gestion
13,04;12,72;18,31;13,51;11,96;11,15;18,01;9,26;19,0;10,41;10,03;13,17;8,36;10,25;17,53;biotechnologie_et_sciences_pharmaceutiques
6,18;4,76;7,22;16,2;10,89;11,15;17,42;12,21;8,64;10,67;7,19;14,51;8,22;10,09;11,09;langues_et_communication
12,51;16,99;19,42;13,36;10,82;13,69;14,87;12,93;18,59;12,95;8,99;14,97;9,81;12,64;18,21;medecine_et_sante
8,74;5,99;8,27;14,2;11,37;17,49;12,21;17,76;13,54;9,29;7,26;11,88;7,68;12,38;15,07;psychologie_et_sciences_de_l_education
18,36;10,52;10,72;14,73;13,11;6,92;18,86;13,96;10,67;11,47;20,0;10,65;9,35;17,17;10,26;finance_comptabilite_et_audit
10,09;9,85;7,79;15,28;16,43;9,91;17,22;12,58;12,66;10,06;9,14;12,49;9,99;12,76;10,29;tourisme_et_hotellerie
15,71;16,61;14,75;14,28;11,49;8,6;11,23;16,63;8,9;16,15;9,06;12,88;11,1;15,87;5,8;informatique_administration_reseaux_et_ia
8,72;8,0;11,28;14,73;18,69;16,83;18,81;15,7;12,22;12,78;12,21;12,59;11,04;8,27;11,58;journalisme_et_medias
11,36;6,52;10,59;12,58;18,85;15,2;10,67;13,98;10,29;6,64;11,11;10,5;5,16;13,56;8,45;sciences_sociales_et_sociologie
16,31;19,7;12,6;10,41;9,91;13,5;16,75;13,52;11,58;10,88;7,28;15,05;17,81;10,63;9,58;genie_mecanique_et_industriel
14,27;9,61;10,92;16,8;15,74;11,39;17,82;13,99;7,85;10,0;17,38;14,47;6,35;15,53;8,22;commerce_international_et_logistique
11,88;13,77;10,64;13,18;16,0;10,99;13,69;12,93;9,43;10,92;11,26;13,0;15,48;11,01;11,22;urbanisme_et_amenagement_du_territoire
15,74;14,67;13,78;15,95;14,38;8,97;11,1;16,43;6,91;16,75;12,16;9,67;11,95;16,9;8,78;sciences_actuarielles_et_statistiques
10,63;18,76;20,0;12,06;14,05;15,14;12,18;14,99;16,55;11,69;6,97;11,4;7,25;9,96;17,94;biotechnologie_et_sciences_pharmaceutiques
15,35;11,95;17,22;13,9;15,96;13,45;12,44;14,05;16,51;13,44;9,44;12,47;10,15;14,07;16,44;agronomie_et_environnement
11,96;11,13;13,15;10,77;6,86;9,82;12,22;15,03;18,83;8,37;7,7;13,32;10,28;12,34;16,84;sciences_veterinaires
11,68;7,68;8,89;19,45;18,03;16,52;17,33;13,29;8,85;8,87;10,76;12,42;11,32;10,24;4,91;langues_et_communication
16,46;14,19;10,55;8,65;10,97;7,07;14,96;18,18;5,26;18,14;8,33;9,62;10,09;18,57;5,61;cybersecurite_et_reseaux
15,26;11,13;9,64;13,61;11,35;13,31;15,23;14,42;6,67;13,83;16,28;11,14;4,72;16,99;6,14;finance_comptabilite_et_audit
16,8;10,04;13,43;12,22;13,67;10,65;17,39;15,21;13,31;13,41;19,69;9,03;8,7;16,99;7,68;economie_et_gestion
17,71;19,01;12,78;11,42;12,53;10,11;12,4;12,61;13,52;8,81;9,63;15,97;17,82;12,33;7,46;genie_mecanique_et_industriel
16,26;11,47;11,73;13,92;12,16;11,72;15,05;17,5;10,44;13,54;17,25;11,7;8,85;18,15;7,53;finance_comptabilite_et_audit
17,51;17,21;11,41;10,0;14,16;10,99;13,82;18,13;8,68;12,53;10,19;14,07;17,77;15,01;7,63;genie_civil_et_construction
16,7;18,0;10,99;14,74;7,96;7,83;9,27;13,25;10,25;12,7;9,16;13,51;17,23;12,02;7,54;genie_civil_et_construction
11,64;11,41;8,41;11,98;12,78;12,25;11,43;13,59;10,21;10,12;10,46;11,13;17,69;11,14;9,1;urbanisme_et_amenagement_du_territoire
16,42;14,98;10,96;14,37;10,62;8,63;13,0;14,37;10,13;12,67;8,76;11,96;17,28;11,42;10,15;architecture_et_design_interieur
16,1;19,19;16,83;10,9;14,94;7,3;14,62;19,5;9,65;19,23;8,02;11,38;13,05;14,12;4,72;informatique_administration_reseaux_et_ia
16,93;11,32;7,65;5,98;9,29;11,85;12,87;15,59;10,98;18,88;10,88;6,18;8,54;14,79;12,22;cybersecurite_et_reseaux
13,51;12,97;8,38;13,14;13,44;12,51;14,24;13,05;8,28;10,91;12,45;12,09;18,61;10,26;7,24;urbanisme_et_amenagement_du_territoire
14,79;15,68;18,25;12,69;12,46;11,85;14,15;13,16;17,86;13,34;8,29;12,51;12,5;13,1;19,69;medecine_et_sante
16,42;9,77;13,41;9,85;14,72;12,17;16,76;13,79;11,89;16,54;18,78;11,49;7,56;14,46;8,16;economie_et_gestion
7,93;5,29;5,99;16,73;12,9;13,04;16,78;14,08;7,43;10,4;9,93;13,43;7,57;8,71;8,51;langues_et_communication
10,84;6,05;9,49;14,18;15,44;11,03;16,85;17,31;11,5;12,19;11,77;12,08;9,56;10,83;10,66;tourisme_et_hotellerie
16,88;20,0;14,26;14,24;8,73;12,67;11,16;14,79;13,03;14,64;10,61;15,45;18,7;12,34;10,93;genie_mecanique_et_industriel
18,64;11,28;9,57;9,43;8,59;6,68;8,93;15,92;16,31;19,57;10,82;10,55;9,18;14,51;11,07;cybersecurite_et_reseaux
11,87;14,68;19,87;7,0;10,29;10,37;12,04;13,51;18,5;7,22;10,9;11,63;7,06;16,21;19,9;biotechnologie_et_sciences_pharmaceutiques
11,73;16,03;16,03;13,46;5,63;14,44;11,27;14,82;17,74;9,14;8,09;13,82;8,3;10,9;18,4;sciences_veterinaires
9,08;6,71;11,65;17,12;17,42;16,6;13,03;13,04;9,08;11,42;14,52;11,98;10,38;11,58;9,26;droit_et_sciences_politiques
18,35;19,27;11,64;12,04;11,71;8,93;12,27;16,96;11,91;16,23;11,39;7,55;14,99;15,76;10,1;genie_electrique_et_electronique
9,4;12,16;8,98;13,94;11,08;10,48;11,38;14,98;13,9;9,91;9,63;15,06;9,91;7,53;15,29;sport_et_sciences_du_mouvement
15,44;12,09;14,52;16,67;17,0;14,65;18,02;15,06;11,49;12,7;16,36;8,5;9,41;13,94;9,26;commerce_international_et_logistique
10,75;9,18;8,48;17,67;16,99;14,38;18,4;15,5;9,54;13,01;10,18;12,47;10,45;10,17;9,36;journalisme_et_medias
12,43;7,45;12,67;13,1;17,35;9,49;18,95;15,44;10,84;10,59;15,72;12,34;6,66;15,84;9,42;commerce_international_et_logistique
16,63;17,64;13,89;14,26;7,95;8,43;11,43;18,06;13,86;15,91;9,83;7,77;10,91;14,84;12,0;informatique_administration_reseaux_et_ia
15,45;20,0;16,04;10,44;9,55;7,9;13,53;20,0;4,43;12,62;7,7;11,21;16,05;14,38;8,65;genie_electrique_et_electronique
10,67;6,06;6,88;16,41;12,98;14,24;18,93;13,08;10,9;10,81;8,68;10,89;5,13;10,45;10,01;langues_et_communication
11,89;11,25;11,54;11,07;11,59;12,26;14,71;14,17;13,02;9,69;9,86;19,25;8,0;11,16;13,28;sport_et_sciences_du_mouvement
18,47;16,7;11,91;11,86;10,78;13,78;17,72;15,25;10,55;18,49;8,6;12,18;11,16;17,67;9,82;science_des_donnees_et_intelligence_artificielle
6,07;10,38;11,58;11,39;11,57;17,45;14,98;14,83;13,45;7,73;8,05;13,64;11,14;10,11;5,46;psychologie_et_sciences_de_l_education
7,79;7,91;8,84;16,12;13,34;12,92;16,94;10,32;6,98;8,6;8,1;13,06;7,6;6,49;8,58;traduction_et_interpretariat
11,31;8,73;12,1;15,09;16,44;16,33;14,44;17,35;15,97;9,65;8,62;13,55;7,93;14,88;11,67;psychologie_et_sciences_de_l_education
17,15;19,83;14,05;13,06;12,16;8,81;16,01;11,11;6,4;15,73;8,11;12,89;14,07;13,87;3,8;genie_electrique_et_electronique
15,2;14,65;5,64;15,66;9,62;10,32;11,73;13,21;11,21;10,99;10,05;11,37;16,54;13,23;8,7;architecture_et_design_interieur
12,06;6,46;7,62;15,71;13,95;14,59;18,3;12,75;10,95;10,77;11,23;10,69;11,88;11,61;11,63;journalisme_et_medias
9,54;7,61;12,05;16,98;16,47;17,78;10,57;14,36;13,24;10,07;11,59;13,92;8,05;10,95;11,52;sciences_sociales_et_sociologie
9,78;7,95;10,55;16,95;16,42;17,95;11,27;15,77;14,7;11,45;11,84;16,14;7,7;15,46;12,69;sciences_sociales_et_sociologie
12,49;15,69;9,23;10,88;11,12;9,22;12,27;17,74;6,81;18,42;12,63;11,34;9,8;14,52;9,43;cybersecurite_et_reseaux
12,03;13,62;18,3;13,11;13,28;13,24;12,23;9,98;17,96;13,26;10,17;10,4;8,31;10,32;16,5;biotechnologie_et_sciences_pharmaceutiques
12,45;12,37;17,42;12,08;16,94;11,7;12,1;11,63;18,17;10,29;7,52;15,64;11,85;11,77;18,99;agronomie_et_environnement
8,57;5,88;11,43;16,22;17,18;19,43;12,45;14,79;11,83;10,13;10,71;11,81;13,6;13,6;4,94;sciences_sociales_et_sociologie
17,64;20,0;14,86;15,96;7,65;7,85;14,75;16,94;9,92;15,06;10,99;13,27;12,27;13,1;11,25;genie_electrique_et_electronique
13,34;15,16;19,39;15,25;7,86;14,34;17,22;16,52;18,08;13,49;9,22;13,77;4,19;11,28;20,0;medecine_et_sante
11,57;12,84;11,76;11,02;8,94;10,49;12,23;11,95;17,83;9,45;7,2;13,82;9,4;12,42;17,63;sciences_veterinaires
13,26;17,16;16,87;10,31;14,59;10,27;15,31;13,68;17,27;11,34;6,88;10,74;9,81;13,29;14,42;medecine_et_sante
11,58;8,83;9,1;14,19;16,96;17,02;18,67;11,18;10,4;12,56;12,58;11,39;14,24;13,62;10,31;journalisme_et_medias
17,26;18,89;14,06;14,1;12,97;9,86;14,21;15,49;12,74;13,59;10,85;14,6;17,32;15,45;12,92;genie_civil_et_construction
9,67;6,06;7,99;18,09;14,43;18,53;12,03;13,94;8,97;5,75;12,34;11,29;12,4;9,4;9,39;droit_et_sciences_politiques
19,76;19,94;10,59;9,78;6,8;7,46;12,56;18,51;9,37;15,02;8,72;14,11;12,29;13,42;7,17;genie_electrique_et_electronique
12,5;6,02;6,28;18,26;15,21;16,93;16,04;13,41;7,42;10,46;11,57;16,99;11,32;10,55;8,69;journalisme_et_medias
11,65;5,55;9,18;15,96;17,31;12,85;14,53;14,22;11,79;11,8;12,5;12,2;5,74;13,48;8,05;sciences_sociales_et_sociologie
16,58;15,25;10,56;14,11;15,13;9,64;14,15;16,12;9,29;13,55;10,21;12,22;16,55;11,43;8,04;architecture_et_design_interieur
13,67;14,01;19,21;12,83;9,11;10,67;13,9;13,43;18,28;10,21;6,32;5,89;4,09;10,72;17,08;pharmacie
19,07;14,07;11,46;8,69;11,72;13,94;15,91;18,84;9,31;19,29;11,82;10,46;12,77;17,78;9,26;science_des_donnees_et_intelligence_artificielle
10,17;6,83;8,4;17,09;17,72;16,85;16,14;13,14;8,21;7,53;16,63;14,63;8,27;9,73;5,28;droit_et_sciences_politiques
17,23;20,0;14,79;8,99;15,03;10,0;12,7;16,65;8,19;14,56;7,31;11,45;15,8;13,67;7,05;genie_electrique_et_electronique
8,95;9,1;12,11;10,12;10,33;10,6;16,88;14,04;12,07;6,43;10,58;18,41;8,28;9,62;11,7;sport_et_sciences_du_mouvement
13,75;14,72;16,7;11,79;13,14;11,03;15,36;12,64;16,48;9,34;9,98;16,12;11,6;10,27;18,7;agronomie_et_environnement
18,53;16,62;11,96;11,75;12,47;6,6;13,66;15,59;10,16;19,0;12,41;9,42;10,31;18,39;7,82;science_des_donnees_et_intelligence_artificielle
10,73;5,92;6,83;19,25;12,63;13,77;18,95;9,93;8,14;9,5;10,98;10,96;7,22;9,83;11,05;traduction_et_interpretariat
7,37;11,16;7,81;16,67;12,1;13,18;19,52;12,74;10,89;12,37;7,94;12,85;8,69;7,69;7,0;traduction_et_interpretariat
18,45;14,75;9,85;11,86;10,26;14,74;14,88;19,09;10,27;19,08;10,04;10,11;12,16;18,08;10,42;science_des_donnees_et_intelligence_artificielle
10,85;16,46;20,0;16,44;8,34;16,31;11,64;16,06;20,0;9,38;11,97;12,47;8,92;9,37;20,0;pharmacie
17,9;12,19;15,04;10,02;9,63;14,21;14,53;13,51;3,38;16,52;13,91;10,88;13,11;18,58;3,7;sciences_actuarielles_et_statistiques
7,66;10,64;12,42;17,69;17,91;16,72;13,87;15,27;13,2;11,28;13,7;13,16;10,83;11,61;10,88;sciences_sociales_et_sociologie
16,59;19,93;13,33;10,94;9,35;7,96;12,94;17,19;8,49;12,95;7,72;10,22;14,03;13,75;6,36;genie_electrique_et_electronique
19,21;11,11;11,87;11,46;11,49;10,08;13,92;15,44;12,17;12,44;13,72;10,49;3,25;18,12;7,13;sciences_actuarielles_et_statistiques
13,07;10,33;14,08;12,85;8,8;11,65;14,59;13,48;18,89;11,8;9,74;15,03;8,81;12,36;18,07;sciences_veterinaires
19,56;9,96;12,87;13,82;10,21;11,83;20,0;11,4;8,88;17,38;19,69;9,34;10,89;17,72;6,55;finance_comptabilite_et_audit
19,76;13,19;12,42;14,04;11,16;10,68;14,31;17,52;8,96;15,96;13,96;13,03;6,06;16,99;6,98;sciences_actuarielles_et_statistiques
13,08;14,03;19,87;9,6;13,09;8,35;12,55;9,37;17,78;10,69;8,65;9,99;8,63;9,65;19,8;pharmacie
10,1;8,08;12,0;13,18;11,75;18,68;12,97;17,71;14,71;11,31;7,78;12,75;7,51;12,39;10,99;psychologie_et_sciences_de_l_education
11,56;9,93;9,6;16,2;18,06;10,81;17,03;14,76;10,94;10,49;13,8;19,01;8,81;9,3;11,97;tourisme_et_hotellerie
5,91;4,61;9,6;20,0;13,77;12,7;19,14;9,0;6,57;9,49;8,74;11,55;7,57;4,19;6,78;traduction_et_interpretariat
16,09;17,46;18,63;10,34;13,42;10,24;14,64;14,92;17,58;13,21;7,97;12,73;8,08;14,54;16,04;medecine_et_sante
16,12;11,11;12,53;15,36;12,01;11,5;17,69;15,14;7,08;13,96;17,92;13,42;12,26;16,77;6,85;finance_comptabilite_et_audit
11,82;18,39;18,76;13,68;7,28;15,16;14,09;16,93;16,75;10,52;9,07;8,17;6,67;12,18;18,55;biotechnologie_et_sciences_pharmaceutiques
13,12;10,77;13,55;13,46;12,29;10,71;13,05;14,94;14,86;10,97;11,09;15,87;12,15;11,29;16,4;agronomie_et_environnement
12,51;18,51;18,11;10,12;9,34;10,33;14,26;11,85;16,9;9,19;7,05;6,9;7,31;10,09;18,58;biotechnologie_et_sciences_pharmaceutiques
9,0;9,84;10,29;16,66;12,89;17,47;13,18;14,91;15,48;9,15;8,68;15,34;9,82;12,8;9,9;psychologie_et_sciences_de_l_education
6,33;5,48;10,03;15,45;15,69;18,26;15,36;16,76;17,07;7,48;6,87;12,65;6,28;9,68;10,13;psychologie_et_sciences_de_l_education
17,62;17,02;12,54;12,19;10,76;9,24;11,95;13,42;9,07;13,56;9,59;11,67;19,21;12,98;9,13;architecture_et_design_interieur
15,28;9,12;14,29;12,46;15,84;13,42;14,56;10,98;10,44;14,04;17,92;10,5;8,58;15,44;11,19;economie_et_gestion
6,49;8,14;9,74;14,06;14,67;14,37;19,01;12,3;12,18;5,98;9,47;6,44;8,38;6,94;10,04;langues_et_communication
14,35;17,58;19,12;11,36;10,79;9,6;14,56;12,65;16,05;9,84;9,16;10,98;9,59;13,08;15,22;pharmacie
16,07;11,35;12,6;11,88;12,7;5,98;16,56;15,11;9,27;16,34;16,69;12,79;6,02;17,73;7,1;sciences_actuarielles_et_statistiques
17,8;12,08;14,7;13,85;11,99;9,05;16,46;13,1;8,83;11,07;17,73;10,99;11,68;14,75;6,25;finance_comptabilite_et_audit
15,92;17,36;11,47;12,26;11,08;10,32;11,13;15,96;9,48;11,2;9,63;11,06;16,01;12,59;10,13;architecture_et_design_interieur
8,3;5,19;6,34;15,09;13,47;12,47;18,87;11,13;10,96;9,27;8,72;11,57;7,38;10,56;6,38;langues_et_communication
18,27;17,68;10,67;10,83;9,79;7,4;12,67;17,15;8,47;12,22;7,78;12,29;16,68;15,68;9,66;genie_civil_et_construction
16,36;20,0;12,12;12,67;10,51;9,25;11,41;16,75;9,85;12,65;9,6;10,85;15,97;15,41;7,37;genie_civil_et_construction
4,83;8,03;6,09;16,0;11,13;11,16;20,0;10,08;9,43;11,13;7,13;14,18;7,32;7,76;8,18;traduction_et_interpretariat
16,55;13,2;7,1;8,13;8,41;7,2;13,25;17,15;8,86;19,58;10,91;10,17;8,43;16,76;9,8;cybersecurite_et_reseaux
16,61;19,46;13,79;10,6;8,56;7,47;14,46;17,26;9,5;15,33;11,1;13,25;15,05;16,59;7,11;genie_electrique_et_electronique
12,28;8,95;9,45;15,77;16,02;16,57;17,24;12,68;11,33;12,75;11,03;12,91;12,01;12,45;9,45;journalisme_et_medias
16,49;20,0;12,7;10,36;9,4;8,96;13,22;17,01;12,89;9,94;8,98;14,27;14,33;13,36;9,38;genie_mecanique_et_industriel
15,21;16,21;8,87;10,62;11,81;11,93;13,87;16,61;7,5;10,9;7,85;11,47;16,24;11,52;8,21;architecture_et_design_interieur
13,55;15,99;20,0;13,88;10,51;13,23;14,54;15,72;16,16;12,0;9,29;12,05;10,02;11,6;18,14;medecine_et_sante
14,76;17,71;13,44;8,02;10,55;12,24;13,62;16,25;11,1;11,68;9,77;12,5;14,97;13,06;7,71;genie_civil_et_construction
11,59;7,77;10,03;15,0;18,94;16,47;11,33;13,26;10,74;13,79;12,07;13,73;9,5;12,43;9,53;sciences_sociales_et_sociologie
9,19;6,19;8,88;17,95;12,6;11,61;19,58;10,47;8,48;8,66;11,02;11,12;7,81;6,93;8,75;traduction_et_interpretariat
14,1;16,65;18,55;14,15;11,17;10,88;13,22;12,07;20,0;14,13;12,77;9,52;7,65;12,6;18,62;biotechnologie_et_sciences_pharmaceutiques
14,16;17,77;18,0;14,68;12,42;16,02;12,35;9,47;17,91;12,12;9,2;14,0;9,35;10,27;17,41;medecine_et_sante
7,02;9,97;7,8;10,12;11,22;6,63;16,45;16,0;15,3;8,18;9,32;20,0;7,81;6,63;12,76;sport_et_sciences_du_mouvement
18,9;13,77;8,82;11,7;10,86;8,01;12,5;17,77;8,43;20,0;10,31;9,83;11,5;18,4;11,29;science_des_donnees_et_intelligence_artificielle
7,36;8,67;7,65;15,87;12,96;13,85;14,01;9,85;5,55;11,63;7,1;12,29;5,49;8,0;6,52;traduction_et_interpretariat
13,71;17,07;19,62;13,97;8,51;9,19;14,98;15,01;17,24;11,5;10,29;12,2;9,91;14,94;15,75;pharmacie
8,44;5,44;9,75;16,36;17,38;15,88;14,29;15,09;12,83;8,63;9,59;11,19;7,47;13,34;10,7;sciences_sociales_et_sociologie
16,47;20,0;12,05;13,09;11,51;6,85;14,25;13,99;12,67;12,24;5,88;10,65;11,11;16,58;10,05;genie_civil_et_construction
9,04;6,92;8,96;15,73;16,86;12,32;15,23;10,37;12,87;10,66;14,21;14,49;9,33;11,79;11,39;tourisme_et_hotellerie
9,2;7,92;10,88;18,22;15,72;14,68;18,4;15,31;9,84;15,39;12,23;12,75;8,14;9,73;10,6;journalisme_et_medias
11,12;13,88;18,28;16,65;6,6;14,46;13,84;16,38;17,5;10,77;8,07;11,28;7,91;10,41;18,2;medecine_et_sante
8,92;7,42;9,86;14,16;15,49;19,37;11,47;14,45;12,95;13,48;8,91;11,01;8,89;10,42;12,35;sciences_sociales_et_sociologie
14,86;15,19;15,37;13,63;11,65;9,2;11,28;15,88;17,62;12,24;10,2;13,26;9,39;9,73;17,15;sciences_veterinaires
4,84;6,01;8,34;17,82;10,18;11,92;19,13;7,63;8,67;8,58;9,2;11,9;5,79;6,58;8,52;traduction_et_interpretariat
17,06;12,52;10,0;9,09;12,87;7,22;14,15;15,66;9,52;16,13;17,68;8,92;9,37;17,18;6,75;sciences_actuarielles_et_statistiques
14,36;9,22;12,25;10,23;16,28;10,74;17,96;14,53;10,04;11,53;18,09;13,13;7,67;15,19;9,44;economie_et_gestion
11,25;16,14;19,25;12,9;12,25;9,48;11,16;9,73;18,37;7,55;7,7;11,49;3,89;10,2;19,49;pharmacie
9,76;11,63;11,78;16,47;15,36;10,49;18,12;13,57;9,02;11,66;10,8;13,39;8,99;7,53;7,75;tourisme_et_hotellerie
9,49;17,12;20,0;14,66;7,64;13,09;15,38;15,54;17,61;9,39;8,66;15,15;8,82;9,82;18,42;pharmacie
5,47;5,44;8,4;19,3;11,22;11,76;17,72;9,29;7,25;9,43;8,79;12,25;6,9;6,3;9,72;traduction_et_interpretariat
16,02;14,61;9,77;10,19;12,79;10,86;15,03;17,16;7,79;13,03;9,33;10,45;17,17;9,78;6,76;architecture_et_design_interieur
7,63;8,34;10,43;14,31;17,75;17,95;12,31;14,04;10,98;9,73;13,37;14,3;7,65;11,56;12,22;sciences_sociales_et_sociologie
5,82;8,13;8,39;16,17;11,15;12,13;20,0;13,44;14,83;9,34;8,87;14,17;7,84;8,35;9,97;traduction_et_interpretariat
13,37;7,52;8,6;19,7;19,2;17,48;15,42;12,93;6,25;12,14;9,01;15,4;10,91;12,13;6,5;journalisme_et_medias
9,92;7,78;11,93;15,38;13,42;13,89;16,42;11,87;7,51;10,41;11,52;13,8;11,99;11,28;9,7;tourisme_et_hotellerie
15,45;11,36;13,06;9,74;12,3;7,64;18,04;12,76;11,55;13,61;16,1;8,69;8,95;15,49;8,55;finance_comptabilite_et_audit
16,93;10,87;13,06;14,69;13,93;8,26;19,01;14,09;9,08;10,45;15,45;11,51;10,92;15,65;8,76;commerce_international_et_logistique
14,3;20,0;14,66;12,89;8,68;10,28;14,19;15,9;9,36;12,59;7,01;12,82;16,99;12,34;5,33;genie_mecanique_et_industriel
13,69;12,65;11,21;13,17;16,01;10,39;16,78;16,81;11,14;11,77;13,49;13,19;6,01;14,32;8,86;commerce_international_et_logistique
15,13;15,87;17,82;11,25;12,53;9,66;13,45;14,1;18,29;10,89;8,92;12,66;7,46;12,28;16,57;medecine_et_sante
10,0;10,71;10,66;15,77;16,13;15,09;17,95;14,24;11,65;13,81;14,51;14,16;14,0;10,47;9,1;journalisme_et_medias
10,9;6,55;8,0;17,49;14,77;12,65;17,94;12,47;8,12;7,55;9,17;14,81;8,42;8,97;9,9;langues_et_communication
12,32;9,65;15,4;12,06;9,05;13,47;14,2;12,26;19,23;10,29;9,36;14,01;4,16;9,11;17,18;sciences_veterinaires
18,98;13,91;12,4;14,93;12,04;13,3;14,53;18,21;8,65;16,57;16,16;10,22;8,82;20,0;7,56;sciences_actuarielles_et_statistiques
9,64;8,11;9,08;17,1;12,98;16,44;13,39;17,42;17,75;8,71;11,54;13,36;9,29;10,0;8,86;psychologie_et_sciences_de_l_education
12,56;13,31;19,07;12,79;12,15;10,27;13,8;10,84;17,6;11,29;6,42;8,29;7,15;10,69;18,6;pharmacie
8,13;8,96;8,18;14,81;17,29;18,65;12,22;14,91;10,21;10,51;13,87;15,71;8,38;13,12;9,42;sciences_sociales_et_sociologie
6,39;7,43;9,12;18,76;15,32;15,54;16,31;13,66;5,3;9,07;10,84;13,43;9,03;7,63;9,25;journalisme_et_medias
17,41;11,22;12,31;11,65;12,29;9,13;15,2;14,27;10,68;14,21;17,32;14,39;8,9;15,89;6,64;finance_comptabilite_et_audit
15,1;14,59;16,24;12,72;11,48;13,82;11,67;14,63;17,44;11,33;9,17;15,08;8,73;10,12;20,0;medecine_et_sante
11,72;10,46;13,72;10,34;12,99;10,17;12,56;14,25;15,88;11,02;11,58;14,1;8,54;7,47;17,92;agronomie_et_environnement
18,52;19,5;12,15;8,76;9,3;10,29;14,25;19,72;8,85;14,02;7,2;9,64;17,44;16,33;10,54;genie_electrique_et_electronique
16,27;12,18;11,83;15,53;11,89;11,22;14,9;17,56;11,06;12,74;19,13;14,07;12,3;17,98;8,26;finance_comptabilite_et_audit
8,22;7,84;8,9;15,68;17,89;15,39;16,5;13,49;9,7;8,46;10,25;11,38;7,61;8,28;11,2;journalisme_et_medias
14,09;8,53;12,04;13,19;13,16;16,52;16,6;16,66;11,14;10,49;19,38;11,31;11,46;17,94;6,07;economie_et_gestion
7,79;8,32;7,01;17,72;15,96;13,83;17,79;10,61;8,81;10,15;11,29;11,53;8,53;7,75;5,96;langues_et_communication
14,24;9,14;13,45;14,15;6,68;12,22;16,12;12,41;19,82;10,12;8,05;12,89;7,2;12,69;17,64;sciences_veterinaires
13,15;11,4;10,3;16,68;16,82;12,88;15,41;13,72;7,65;8,32;11,85;15,61;10,97;8,8;8,85;tourisme_et_hotellerie
9,01;4,81;5,39;17,43;14,13;16,29;10,65;11,92;8,8;9,72;16,46;10,61;7,71;10,1;9,74;droit_et_sciences_politiques
8,15;6,48;9,16;19,16;17,21;16,73;9,68;16,88;14,36;11,87;11,22;14,86;6,77;9,01;9,55;sciences_sociales_et_sociologie
13,01;13,1;17,08;11,34;11,17;8,13;12,5;13,66;14,21;12,49;14,6;16,78;10,91;11,12;16,63;agronomie_et_environnement
10,18;13,71;13,81;13,6;5,83;13,51;13,53;14,46;17,62;6,41;7,95;10,19;10,44;11,33;17,91;sciences_veterinaires
11,48;15,92;12,22;8,72;11,65;10,7;16,62;13,91;14,1;10,48;9,88;16,2;10,43;10,43;11,99;sport_et_sciences_du_mouvement
13,28;13,93;10,96;11,68;14,25;9,91;11,67;13,61;6,62;10,75;8,89;10,04;15,81;15,97;7,59;urbanisme_et_amenagement_du_territoire
15,02;17,67;10,76;10,49;12,57;8,77;12,79;16,63;9,23;11,82;12,21;12,05;14,32;16,32;10,93;genie_civil_et_construction
18,2;18,83;15,89;11,66;10,85;9,27;10,76;15,88;11,72;13,22;12,12;13,32;18,16;14,85;7,26;genie_mecanique_et_industriel
18,9;15,34;8,31;12,58;10,27;9,32;17,0;17,84;8,08;19,57;9,02;11,88;8,82;18,37;5,82;science_des_donnees_et_intelligence_artificielle
9,22;8,82;10,06;17,02;15,09;16,57;17,02;15,87;10,46;10,1;9,92;14,73;10,49;12,32;10,7;journalisme_et_medias
9,73;7,16;10,52;18,13;18,25;13,47;17,91;14,96;11,62;11,49;10,07;10,55;12,11;9,35;10,53;journalisme_et_medias
10,93;14,71;18,68;10,85;9,06;11,91;12,69;15,02;16,47;12,16;8,37;8,59;9,62;11,43;16,99;pharmacie
14,58;14,51;14,81;12,29;9,62;11,5;12,07;12,56;18,8;10,5;11,28;14,31;10,4;12,66;16,0;sciences_veterinaires
19,31;16,15;11,34;10,62;10,34;4,35;16,09;15,91;9,63;17,82;17,14;10,07;8,85;18,97;6,58;sciences_actuarielles_et_statistiques
17,61;12,1;13,23;16,06;15,55;6,2;18,57;14,7;9,02;13,72;18,29;13,13;8,32;13,03;7,48;commerce_international_et_logistique
7,11;13,63;11,2;10,99;8,28;11,43;9,21;11,7;16,02;8,47;10,46;18,79;8,85;6,62;13,81;sport_et_sciences_du_mouvement
10,28;9,7;12,17;16,15;15,63;14,69;16,81;12,02;8,28;9,41;12,65;13,2;7,71;10,33;8,69;droit_et_sciences_politiques
12,86;13,35;12,24;14,03;18,4;11,76;16,28;14,84;8,21;14,83;11,29;14,12;16,13;13,66;9,42;urbanisme_et_amenagement_du_territoire
16,27;12,89;13,77;12,43;14,75;13,62;17,02;17,12;11,64;13,24;18,31;10,24;9,03;17,39;11,33;economie_et_gestion
13,55;16,46;12,6;14,46;16,72;13,82;17,63;13,55;9,05;12,31;13,56;11,97;17,55;11,99;7,91;urbanisme_et_amenagement_du_territoire
14,03;10,92;15,48;13,25;15,61;9,8;11,03;13,95;17,14;9,58;12,21;14,35;8,6;13,6;17,8;agronomie_et_environnement
17,99;19,62;12,79;9,64;8,21;6,77;11,3;17,28;5,67;16,67;7,67;12,45;16,17;15,41;6,24;genie_electrique_et_electronique
12,68;15,85;18,6;9,68;10,72;8,83;12,29;13,54;15,81;12,32;9,67;13,13;12,11;10,08;18,38;pharmacie
18,23;19,39;11,49;11,84;8,73;6,6;9,98;13,83;9,35;14,91;10,68;13,11;18,79;15,42;9,2;genie_civil_et_construction
12,22;12,28;12,34;15,23;15,9;15,67;14,98;13,5;9,27;9,81;16,53;13,01;10,64;15,32;8,31;commerce_international_et_logistique
10,87;12,5;10,08;10,92;10,69;10,85;13,6;13,0;14,74;9,16;13,0;19,69;9,01;6,01;14,55;sport_et_sciences_du_mouvement
9,39;8,01;11,88;13,89;14,67;17,78;16,83;10,29;13,1;10,43;13,67;12,65;10,1;6,7;8,27;droit_et_sciences_politiques
2,1;7,17;5,9;15,81;14,24;13,88;17,49;9,96;9,07;6,39;7,51;10,01;8,19;7,24;8,51;langues_et_communication
8,65;9,72;13,04;16,34;17,5;17,41;13,45;12,92;11,71;12,18;14,99;10,42;8,07;11,23;8,15;droit_et_sciences_politiques
6,48;6,7;10,13;18,98;12,41;12,27;16,86;8,17;4,84;12,49;9,65;9,3;6,46;6,98;7,58;traduction_et_interpretariat
5,92;6,18;8,84;15,68;10,58;13,68;18,45;11,5;10,62;9,06;8,84;12,52;9,19;7,78;6,98;langues_et_communication
10,9;6,97;9,62;16,15;15,1;15,83;15,02;11,52;8,42;12,07;9,54;11,36;8,85;11,04;9,15;droit_et_sciences_politiques
15,82;6,68;13,34;14,48;13,9;13,83;12,17;14,81;11,4;16,92;18,14;12,98;9,78;14,37;6,1;economie_et_gestion
4,94;6,94;7,95;20,0;12,11;12,97;19,54;11,39;7,91;10,36;9,82;12,58;6,91;7,26;5,17;traduction_et_interpretariat
10,98;15,35;16,97;12,58;10,41;10,3;9,63;14,47;17,0;9,04;7,08;17,18;8,72;11,06;18,19;sciences_veterinaires
17,57;13,37;13,52;12,76;11,26;11,42;15,54;16,44;9,3;19,72;10,26;12,3;11,0;17,08;7,64;science_des_donnees_et_intelligence_artificielle
14,97;15,79;8,64;14,01;9,96;11,43;13,61;15,33;7,18;20,0;8,98;8,21;10,47;14,36;8,48;cybersecurite_et_reseaux
10,01;8,87;12,65;17,0;12,62;15,91;12,55;17,4;14,45;10,51;7,32;13,24;10,84;8,24;9,2;psychologie_et_sciences_de_l_education
9,6;5,41;7,2;19,22;15,8;14,48;17,47;11,17;7,08;11,13;9,96;9,59;9,37;10,2;8,92;langues_et_communication
17,91;13,78;12,0;12,54;12,64;10,99;17,74;14,96;9,4;13,02;17,34;9,28;7,98;18,13;9,37;finance_comptabilite_et_audit
6,91;5,35;9,22;19,88;12,89;12,73;18,39;10,21;4,63;9,19;9,14;14,53;8,05;5,48;6,97;traduction_et_interpretariat
18,44;19,8;11,05;10,15;6,13;8,01;14,23;16,49;6,68;16,53;9,58;8,05;19,07;15,0;8,14;genie_electrique_et_electronique
8,86;9,93;11,05;18,47;14,27;14,55;14,74;19,4;16,52;8,84;6,44;12,43;5,59;9,99;11,1;psychologie_et_sciences_de_l_education
14,24;14,3;9,92;13,83;15,93;10,46;15,25;12,63;9,62;12,18;15,61;11,03;18,1;12,83;8,73;urbanisme_et_amenagement_du_territoire
16,12;13,14;11,89;12,08;10,78;11,18;14,52;16,16;11,79;18,26;8,63;11,81;8,05;17,89;9,19;science_des_donnees_et_intelligence_artificielle
15,01;13,52;17,42;9,7;13,49;10,82;13,65;8,87;17,67;11,8;9,33;8,52;8,03;13,01;19,56;biotechnologie_et_sciences_pharmaceutiques
13,82;17,3;11,66;12,33;14,98;10,54;11,0;15,18;9,32;16,9;11,95;14,42;14,51;15,36;9,21;urbanisme_et_amenagement_du_territoire
10,85;7,32;10,02;16,68;17,72;18,26;13,39;13,2;12,65;7,99;14,86;11,03;8,76;11,66;9,92;droit_et_sciences_politiques
16,41;10,06;10,12;11,72;7,95;9,06;13,14;13,75;20,0;10,21;10,85;9,49;9,95;15,16;18,17;sciences_veterinaires
11,42;17,8;19,98;12,8;11,76;11,51;12,99;14,36;15,99;11,41;8,89;10,21;12,43;13,21;18,93;pharmacie
13,75;9,42;9,78;16,44;16,13;10,96;17,81;14,81;10,7;11,81;18,23;12,28;9,44;15,28;11,37;commerce_international_et_logistique
17,23;11,41;14,43;14,13;13,19;15,95;17,43;14,03;8,87;14,73;19,0;11,49;9,64;17,37;9,08;finance_comptabilite_et_audit
10,47;10,41;9,51;13,9;15,62;15,69;17,0;12,84;8,65;8,6;8,93;13,04;8,21;7,69;6,49;traduction_et_interpretariat
17,57;17,79;12,81;10,7;11,3;9,95;11,13;19,51;15,62;19,79;11,31;10,78;11,54;17,56;11,38;science_des_donnees_et_intelligence_artificielle
11,08;6,86;9,94;14,17;19,32;17,16;13,56;15,24;11,08;8,75;10,07;12,73;8,22;11,78;7,0;sciences_sociales_et_sociologie
19,72;15,6;12,24;11,03;9,66;10,47;15,25;12,77;10,15;16,84;16,2;7,57;9,47;17,94;9,75;sciences_actuarielles_et_statistiques
14,72;8,62;11,01;13,87;16,14;10,1;17,88;15,08;9,59;11,62;17,43;14,25;10,28;13,52;9,02;commerce_international_et_logistique
12,03;10,89;6,55;14,81;19,06;16,08;17,71;14,48;11,52;12,67;15,68;12,92;7,39;12,38;11,6;commerce_international_et_logistique
17,86;11,8;11,45;13,28;16,9;13,13;15,71;13,08;10,59;10,62;18,98;8,01;10,85;20,0;7,87;economie_et_gestion
12,85;16,11;19,56;9,85;14,7;10,99;10,29;11,4;18,21;14,4;8,61;11,08;7,86;11,57;16,45;biotechnologie_et_sciences_pharmaceutiques
16,13;9,58;11,6;10,25;14,38;9,32;17,77;13,8;10,03;11,46;17,65;10,45;6,62;17,68;8,85;finance_comptabilite_et_audit
13,84;15,01;18,92;13,95;10,88;12,04;14,15;15,15;17,24;11,81;10,21;11,89;9,18;12,14;17,78;pharmacie
7,51;7,09;7,4;16,84;12,33;13,49;18,13;9,53;6,5;10,58;12,67;13,26;7,35;7,5;8,76;traduction_et_interpretariat
11,53;19,25;20,0;13,98;9,44;12,79;13,28;15,98;20,0;10,89;10,27;6,51;9,03;11,79;15,12;pharmacie
13,93;11,87;10,51;11,67;12,31;10,48;13,37;19,33;11,38;13,0;17,1;8,49;7,67;14,04;9,69;finance_comptabilite_et_audit
9,44;8,18;8,74;14,53;19,73;16,69;13,2;14,59;11,12;7,89;10,41;15,14;8,08;16,02;10,86;sciences_sociales_et_sociologie
17,28;14,07;14,4;13,9;10,06;8,14;13,32;16,36;7,71;17,27;13,31;12,12;8,99;18,82;6,24;sciences_actuarielles_et_statistiques
8,51;8,85;11,05;16,28;16,68;15,48;18,42;13,59;11,18;11,97;11,7;13,6;9,11;11,85;10,13;journalisme_et_medias
8,29;10,69;6,74;16,16;19,89;18,44;13,67;15,7;12,61;6,66;11,27;13,65;11,73;12,55;9,33;sciences_sociales_et_sociologie
14,78;11,27;12,9;11,77;13,64;10,61;16,74;13,12;16,33;10,9;12,03;13,51;7,58;9,98;15,8;agronomie_et_environnement
10,77;15,31;10,89;12,8;13,97;12,25;11,87;17,05;16,15;9,96;7,64;18,35;11,65;8,22;16,24;sport_et_sciences_du_mouvement
9,47;8,28;8,93;16,53;13,79;12,03;15,96;19,06;15,23;10,46;11,69;12,16;6,18;13,67;13,69;psychologie_et_sciences_de_l_education
14,46;14,73;11,11;9,63;8,43;7,24;11,79;16,55;5,82;18,01;7,45;7,3;10,19;16,7;7,55;cybersecurite_et_reseaux
9,76;8,88;9,03;16,35;20,0;15,99;14,74;9,94;10,12;9,55;11,15;12,69;10,4;9,24;6,11;droit_et_sciences_politiques
13,91;10,1;10,05;12,39;15,34;12,67;17,88;16,0;8,37;9,08;14,35;9,83;10,79;14,53;9,5;commerce_international_et_logistique
19,33;12,23;12,36;11,92;11,16;2,81;17,64;14,13;10,51;14,12;16,05;9,03;8,62;20,0;7,25;sciences_actuarielles_et_statistiques
7,93;6,6;6,72;16,31;15,08;14,35;17,54;11,07;8,46;8,85;10,38;12,38;9,54;9,35;8,35;langues_et_communication
13,98;15,08;11,02;11,43;14,3;12,89;14,92;13,54;7,66;12,9;8,74;13,37;19,4;12,96;6,28;urbanisme_et_amenagement_du_territoire
15,32;16,52;12,72;8,14;8,96;10,9;9,47;15,86;14,85;12,97;7,23;10,47;15,53;12,6;11,65;genie_civil_et_construction
15,52;17,94;12,68;12,76;14,37;8,96;14,3;16,55;13,09;13,16;13,3;12,62;15,63;11,98;7,35;genie_civil_et_construction
12,05;8,07;7,22;14,86;13,44;15,52;18,32;13,19;9,88;10,03;11,83;12,53;11,87;13,0;8,07;journalisme_et_medias
16,35;14,1;12,6;12,44;12,64;8,55;15,07;17,26;9,18;17,21;10,6;9,23;10,81;17,52;8,18;science_des_donnees_et_intelligence_artificielle
11,33;13,46;11,82;13,19;12,49;11,47;14,91;14,92;12,95;10,75;9,22;15,56;9,4;7,77;12,45;sport_et_sciences_du_mouvement
10,42;15,03;10,49;13,39;15,49;15,57;12,4;13,62;13,66;6,26;12,04;18,59;16,59;9,71;8,6;urbanisme_et_amenagement_du_territoire
9,98;9,4;10,51;16,43;10,92;16,6;14,48;15,33;16,63;10,64;8,63;15,0;9,17;8,92;10,24;psychologie_et_sciences_de_l_education
9,28;8,09;8,09;16,45;15,27;10,22;15,87;13,89;14,88;11,63;12,95;15,32;11,65;11,6;11,8;tourisme_et_hotellerie
8,95;12,39;12,99;14,57;12,52;16,35;12,74;15,6;14,72;9,69;6,88;12,25;9,55;9,93;9,59;psychologie_et_sciences_de_l_education
8,63;10,59;7,65;14,51;11,91;13,21;18,64;14,04;10,65;8,49;6,0;16,72;9,28;8,12;9,33;traduction_et_interpretariat
12,81;15,05;18,19;13,41;8,23;10,17;11,75;16,37;16,72;9,46;10,88;13,78;9,6;11,48;17,09;sciences_veterinaires
7,49;8,97;4,51;19,25;11,82;11,5;18,74;9,03;6,99;6,19;8,88;11,92;8,11;8,7;7,75;langues_et_communication
16,71;11,13;12,83;12,94;18,57;15,38;14,66;13,8;10,51;16,37;17,88;7,19;11,97;17,95;7,87;economie_et_gestion
13,1;8,54;12,75;13,91;18,96;14,55;9,46;11,25;11,88;12,83;12,81;13,25;12,69;14,05;10,36;sciences_sociales_et_sociologie
14,66;7,39;11,7;11,05;15,36;12,66;15,83;16,43;11,12;11,53;17,62;14,64;6,69;16,8;8,99;economie_et_gestion
11,03;7,7;7,16;18,61;18,28;13,82;15,83;14,39;8,28;9,95;11,83;10,7;9,14;10,01;7,96;droit_et_sciences_politiques
18,64;10,77;11,8;14,68;13,92;12,44;14,92;15,42;7,11;14,58;19,63;11,29;9,43;19,6;5,14;finance_comptabilite_et_audit
9,53;6,86;8,4;15,75;18,55;17,64;12,96;14,06;11,23;11,58;11,37;11,32;11,21;13,48;12,02;sciences_sociales_et_sociologie
18,13;20,0;11,63;11,87;9,52;10,92;10,62;16,27;11,77;14,56;15,46;12,21;17,16;13,68;8,74;genie_civil_et_construction
16,39;12,19;13,11;10,71;11,11;13,75;14,97;17,58;10,6;14,44;16,27;9,61;8,8;18,75;7,38;finance_comptabilite_et_audit
13,96;14,01;11,65;14,38;15,0;9,22;13,16;14,04;8,66;14,77;13,94;11,34;17,45;12,56;11,64;urbanisme_et_amenagement_du_territoire
16,47;15,14;16,69;11,43;15,59;6,62;10,87;9,33;15,71;10,65;13,75;17,93;10,01;11,42;17,77;agronomie_et_environnement
20,0;15,72;7,93;10,14;7,73;8,96;10,21;18,87;11,2;19,46;10,71;10,72;7,23;20,0;12,01;science_des_donnees_et_intelligence_artificielle
14,09;15,37;10,66;13,87;8,22;12,29;16,81;18,05;14,59;18,2;11,7;8,33;9,89;13,18;12,58;informatique_administration_reseaux_et_ia
3,92;4,7;8,43;18,92;10,74;11,74;19,45;9,38;6,63;8,88;9,24;14,02;8,19;3,22;9,26;traduction_et_interpretariat
14,07;18,58;13,98;14,29;11,67;9,36;16,48;14,37;11,63;18,86;10,62;11,69;11,47;15,31;8,87;informatique_administration_reseaux_et_ia
15,43;19,15;14,56;10,78;12,88;8,69;14,19;18,52;9,55;15,64;10,25;12,32;10,62;15,43;7,44;informatique_administration_reseaux_et_ia
16,9;11,27;11,56;12,62;13,37;9,17;13,41;15,05;6,46;13,25;11,67;8,89;9,68;19,66;3,72;sciences_actuarielles_et_statistiques
19,07;11,68;14,49;12,77;17,49;11,54;14,97;15,84;13,26;13,78;19,27;12,75;9,31;18,55;13,2;economie_et_gestion
14,4;13,86;8,42;9,47;12,16;12,65;14,31;15,11;13,2;10,09;4,35;10,24;16,69;10,85;9,56;architecture_et_design_interieur
15,74;18,69;14,77;11,28;10,08;10,36;11,98;15,68;13,15;14,56;4,95;16,13;14,35;11,4;8,95;genie_mecanique_et_industriel
9,23;7,85;9,64;16,15;13,85;13,07;17,77;11,84;10,19;8,13;6,82;9,35;8,95;10,36;9,41;langues_et_communication
9,35;9,68;9,02;16,88;18,07;10,34;16,86;12,04;15,21;10,3;7,55;12,44;12,22;9,24;15,62;tourisme_et_hotellerie
12,19;8,41;6,33;17,12;17,59;14,7;13,61;14,16;13,1;8,32;15,29;9,02;11,0;18,29;13,79;sciences_sociales_et_sociologie
16,87;18,09;12,17;9,86;10,69;11,76;10,88;19,16;12,24;13,95;12,94;15,35;18,98;12,91;5,07;genie_civil_et_construction
14,67;17,15;10,86;11,7;13,6;13,14;17,95;12,91;9,53;14,52;10,47;15,95;16,8;11,78;9,29;urbanisme_et_amenagement_du_territoire
13,8;13,67;12,67;12,23;14,12;12,97;13,7;17,9;10,64;9,91;17,43;8,34;8,39;14,59;10,38;finance_comptabilite_et_audit
8,3;9,92;13,79;14,3;10,55;14,44;13,61;16,32;12,6;9,93;6,12;14,14;9,62;7,93;10,76;psychologie_et_sciences_de_l_education
17,91;19,51;14,59;11,67;9,89;9,28;13,24;13,59;8,77;14,7;11,22;13,21;18,46;17,39;8,02;genie_civil_et_construction
11,84;6,56;11,85;14,7;16,03;20,0;12,32;15,76;13,14;12,48;11,07;14,12;7,25;12,8;11,67;sciences_sociales_et_sociologie
5,87;6,96;10,48;15,72;17,51;17,63;13,17;12,82;11,84;8,08;12,73;10,06;7,55;7,45;9,97;droit_et_sciences_politiques
5,93;6,86;7,18;13,52;13,04;13,77;17,89;7,72;8,22;7,93;8,02;12,19;8,59;6,35;7,7;langues_et_communication
19,76;18,7;12,05;11,1;10,47;11,15;12,49;15,41;9,92;14,29;11,43;13,58;16,99;15,12;12,26;genie_civil_et_construction
8,68;9,17;8,41;17,63;16,42;16,89;15,17;14,91;11,31;9,85;13,55;11,22;8,81;12,79;9,36;sciences_sociales_et_sociologie
15,75;18,07;7,84;11,18;16,42;12,76;17,6;16,13;10,34;12,31;6,31;9,71;15,68;9,96;10,11;architecture_et_design_interieur
17,7;13,99;13,04;11,15;11,5;6,93;15,19;13,39;7,8;16,12;16,56;10,07;9,33;18,8;6,0;sciences_actuarielles_et_statistiques
18,12;19,61;14,12;13,12;12,76;13,69;14,43;13,07;9,49;12,83;9,74;12,01;17,27;13,42;8,38;genie_electrique_et_electronique
16,5;10,17;15,37;12,46;13,88;12,82;17,06;15,57;12,8;10,1;17,38;17,26;10,52;18,99;11,73;economie_et_gestion
19,44;19,69;11,59;10,83;10,04;10,15;13,86;14,44;12,21;17,75;9,69;8,12;15,65;14,14;9,59;genie_electrique_et_electronique
18,77;7,08;11,54;15,01;16,31;11,14;18,54;13,33;9,21;13,06;20,0;9,32;10,64;16,89;8,87;commerce_international_et_logistique
15,42;15,65;18,46;16,51;7,11;12,39;15,48;16,41;18,31;11,76;11,6;11,78;10,47;14,62;17,16;biotechnologie_et_sciences_pharmaceutiques
12,51;13,51;16,18;12,99;15,92;9,01;11,69;14,74;17,91;9,25;12,23;19,58;8,23;11,17;17,59;agronomie_et_environnement
14,98;13,77;11,95;15,96;19,68;10,19;19,39;13,36;10,92;14,43;15,22;13,59;8,61;13,22;6,34;commerce_international_et_logistique
13,36;12,22;11,63;14,8;8,89;14,55;14,47;13,0;11,27;11,5;6,92;12,96;20,0;8,18;10,27;architecture_et_design_interieur
13,18;11,97;19,1;14,21;17,44;7,75;8,42;12,7;17,97;9,37;12,22;18,42;9,48;12,45;17,7;agronomie_et_environnement
13,66;7,4;9,69;10,68;14,48;10,06;17,23;16,73;8,71;6,55;14,2;10,68;11,33;13,43;10,12;commerce_international_et_logistique
13,76;12,84;10,92;13,56;17,08;8,21;13,74;12,72;9,66;14,36;13,15;10,33;17,21;13,22;12,56;urbanisme_et_amenagement_du_territoire
12,7;16,16;20,0;14,73;9,91;13,43;18,3;15,4;17,75;7,81;9,36;13,33;11,01;9,16;16,23;medecine_et_sante
9,18;5,43;9,06;18,3;14,04;15,43;15,45;15,21;7,41;10,87;8,47;9,22;11,45;8,35;6,52;journalisme_et_medias
12,21;11,63;10,16;10,96;13,28;13,36;11,46;13,39;10,71;9,71;10,9;11,32;15,98;10,95;6,83;urbanisme_et_amenagement_du_territoire
11,08;6,48;11,17;17,72;17,58;11,92;17,5;16,76;10,12;9,53;10,89;14,21;10,19;9,02;10,56;tourisme_et_hotellerie
12,55;7,2;8,52;14,59;16,24;12,85;17,26;15,48;4,14;9,98;15,5;17,82;10,89;9,91;6,07;tourisme_et_hotellerie
15,25;14,91;18,88;12,88;10,47;9,98;15,06;12,0;18,21;13,44;9,59;11,05;9,78;12,77;18,13;pharmacie
5,93;8,07;8,7;14,93;12,82;11,15;19,42;10,31;11,51;6,5;5,41;11,8;9,77;6,39;9,05;langues_et_communication
13,61;15,87;19,99;12,51;9,82;14,16;13,41;15,26;16,96;12,05;9,71;10,68;8,32;13,63;18,33;biotechnologie_et_sciences_pharmaceutiques
16,61;14,41;13,79;13,48;7,68;8,17;12,91;19,27;13,06;15,18;17,58;11,38;5,96;18,56;9,62;sciences_actuarielles_et_statistiques
6,9;9,24;7,9;17,43;16,71;16,49;12,48;12,63;8,93;6,21;13,95;13,17;8,45;7,59;7,1;droit_et_sciences_politiques
18,85;14,43;12,53;11,69;12,04;10,55;13,43;16,24;9,9;15,61;18,16;9,29;6,09;18,11;6,65;sciences_actuarielles_et_statistiques
15,16;14,42;9,77;10,05;9,12;10,67;11,84;16,61;11,92;18,52;11,84;7,8;8,6;13,58;9,53;cybersecurite_et_reseaux
6,18;8,75;9,9;17,9;17,73;16,1;16,77;14,06;9,09;11,59;9,83;14,5;9,87;4,28;6,84;journalisme_et_medias
8,3;8,19;10,24;18,04;17,48;15,09;16,04;13,64;9,44;9,83;8,84;13,09;9,35;9,36;10,23;journalisme_et_medias
12,32;13,82;8,17;10,42;14,6;11,9;15,72;15,14;9,4;11,63;12,23;10,32;15,2;11,62;10,27;urbanisme_et_amenagement_du_territoire
18,77;18,16;15,03;11,57;11,34;14,1;15,52;16,07;10,92;19,2;12,23;12,09;10,65;14,55;8,32;informatique_administration_reseaux_et_ia
13,02;7,06;10,4;15,4;18,3;14,37;14,67;15,39;10,98;10,81;14,1;12,21;9,55;14,78;10,68;sciences_sociales_et_sociologie
15,33;15,27;16,59;11,86;15,11;14,45;13,95;9,67;17,85;11,66;12,21;13,58;13,39;15,13;15,7;agronomie_et_environnement
12,33;15,16;17,32;11,21;11,62;13,61;12,0;10,46;16,86;11,43;7,26;10,02;9,54;7,63;18,27;medecine_et_sante
9,6;7,03;9,9;12,86;17,45;16,02;13,08;12,43;10,72;8,25;13,3;8,84;8,68;14,23;8,85;sciences_sociales_et_sociologie
15,62;15,65;12,79;10,02;11,29;11,38;12,18;16,09;10,81;11,01;9,56;11,35;17,05;11,25;9,31;architecture_et_design_interieur
8,32;6,6;10,21;17,51;17,49;15,26;15,82;12,9;8,45;9,66;11,88;14,18;7,2;8,83;6,2;tourisme_et_hotellerie
16,28;14,16;10,93;10,2;11,97;7,39;10,94;16,92;11,28;14,92;14,84;10,16;9,42;16,16;7,01;sciences_actuarielles_et_statistiques
16,7;10,71;14,32;13,92;16,58;13,19;18,66;13,35;9,64;14,15;19,1;13,91;10,2;15,76;8,99;commerce_international_et_logistique
8,94;8,18;7,66;17,76;15,43;18,21;13,55;11,27;9,02;12,34;15,42;14,4;8,56;9,06;8,31;droit_et_sciences_politiques
7,81;7,69;9,07;18,88;13,19;13,65;18,92;11,67;6,69;6,63;7,21;10,18;8,24;10,45;10,73;langues_et_communication
14,36;19,94;12,34;10,61;13,83;9,51;15,37;15,36;8,27;15,92;8,67;7,97;16,29;12,06;10,48;genie_electrique_et_electronique
9,07;7,69;11,16;20,0;14,1;18,02;14,18;13,2;2,94;8,42;12,21;17,08;9,76;9,3;6,41;journalisme_et_medias
16,63;14,36;16,37;13,19;14,26;13,72;16,14;17,38;7,19;12,94;16,41;9,33;9,38;14,86;9,02;finance_comptabilite_et_audit
18,6;15,29;14,16;10,09;10,66;7,09;14,38;17,97;8,68;20,0;9,7;8,72;12,38;16,24;9,22;science_des_donnees_et_intelligence_artificielle
18,03;13,68;10,09;10,85;12,33;9,67;12,53;20,0;6,85;18,56;10,03;10,71;6,94;18,72;7,68;science_des_donnees_et_intelligence_artificielle
12,57;19,47;13,87;9,42;8,75;9,83;13,57;16,62;4,44;12,51;11,06;12,02;14,35;11,59;5,89;genie_mecanique_et_industriel
11,47;6,51;8,44;18,48;17,93;16,41;15,39;9,21;10,33;7,59;15,27;12,42;9,73;9,54;8,69;droit_et_sciences_politiques
16,94;11,07;9,92;11,17;6,59;10,65;7,13;17,16;8,16;18,22;11,22;10,03;9,91;16,87;8,98;cybersecurite_et_reseaux
12,81;16,29;16,65;13,33;7,85;12,18;12,65;12,41;19,32;9,52;6,28;14,09;8,63;10,93;17,13;medecine_et_sante
13,33;16,97;18,85;11,03;11,52;9,34;13,93;14,62;16,69;11,45;9,28;9,45;7,42;11,16;18,25;pharmacie
20,0;18,63;12,83;12,46;10,07;8,16;14,33;12,7;6,77;11,69;10,54;10,72;19,44;15,02;6,86;genie_mecanique_et_industriel
15,58;19,67;12,1;10,94;11,16;13,65;18,64;13,84;11,7;12,14;8,83;11,23;17,85;10,53;10,14;genie_mecanique_et_industriel
10,84;9,02;10,72;18,36;16,77;16,27;12,25;18,14;15,15;8,77;9,58;12,94;9,84;11,85;14,63;psychologie_et_sciences_de_l_education
11,16;18,65;14,66;13,89;8,57;8,96;14,92;16,21;9,04;15,94;11,25;13,13;7,46;10,3;7,46;informatique_administration_reseaux_et_ia
8,28;9,26;11,58;15,06;18,23;18,34;11,54;16,65;13,55;8,3;11,77;9,3;9,83;12,14;11,68;sciences_sociales_et_sociologie
17,48;18,5;14,16;14,15;12,07;9,17;15,69;15,72;6,83;14,23;9,97;10,95;18,46;9,11;7,13;architecture_et_design_interieur
18,89;12,49;12,67;13,42;13,42;10,43;16,18;17,17;9,29;16,06;18,29;13,24;9,5;18,84;7,62;finance_comptabilite_et_audit
14,3;12,0;11,94;16,5;13,74;10,91;15,46;19,28;6,8;11,57;18,47;10,85;10,67;17,48;7,88;finance_comptabilite_et_audit
8,79;4,66;7,85;18,5;14,86;13,43;16,9;11,77;10,04;10,47;7,81;13,69;8,48;10,65;7,92;langues_et_communication
11,19;16,5;18,74;15,44;13,48;14,36;12,38;11,3;20,0;10,52;9,67;13,23;5,42;9,57;19,37;medecine_et_sante
17,92;12,42;10,53;9,79;8,65;9,02;14,01;15,97;6,62;19,24;6,68;7,98;11,97;20,0;6,97;cybersecurite_et_reseaux
15,4;11,89;12,16;12,56;9,29;9,08;10,01;12,86;18,73;11,67;13,0;11,86;9,6;14,61;17,61;sciences_veterinaires
18,62;12,09;13,5;11,51;10,1;5,74;16,44;14,81;12,47;15,41;17,53;8,57;9,83;18,19;12,26;sciences_actuarielles_et_statistiques
5,5;5,97;7,29;18,02;12,75;14,1;16,79;11,13;8,49;8,83;8,73;13,74;9,83;10,97;10,17;langues_et_communication
17,64;19,02;13,51;11,76;6,06;9,65;13,33;14,34;7,63;16,12;9,56;10,8;17,59;12,54;6,14;genie_civil_et_construction
7,76;6,2;7,33;16,76;18,53;20,0;13,32;14,91;12,12;13,04;10,83;11,74;8,16;9,9;8,89;sciences_sociales_et_sociologie
13,58;17,16;13,27;10,34;10,22;9,96;15,17;18,7;6,74;18,79;12,13;10,96;5,55;12,82;7,76;cybersecurite_et_reseaux
6,63;8,97;9,4;16,69;18,24;18,13;12,37;14,69;12,86;9,02;14,09;11,25;11,61;12,18;11,04;sciences_sociales_et_sociologie
14,63;12,47;14,67;11,3;18,41;12,06;17,84;12,75;11,09;13,92;17,61;13,77;8,88;19,46;9,37;economie_et_gestion
8,95;8,79;8,67;14,86;16,78;9,45;16,18;14,71;10,3;9,26;12,75;12,42;10,66;10,34;10,16;tourisme_et_hotellerie
16,41;14,65;12,42;5,06;8,26;6,21;13,57;18,61;13,36;18,57;8,11;13,82;7,42;15,42;8,74;cybersecurite_et_reseaux
10,26;7,35;6,64;17,92;18,14;15,39;15,83;11,55;8,84;8,53;12,61;12,47;11,2;9,32;8,72;droit_et_sciences_politiques
11,69;8,49;11,28;17,3;14,88;15,09;12,75;17,9;15,34;11,7;12,64;10,63;10,62;9,95;9,65;psychologie_et_sciences_de_l_education
9,76;10,36;16,65;10,14;12,03;9,59;13,3;11,82;16,86;7,94;10,11;18,58;7,63;11,47;17,1;agronomie_et_environnement
17,93;18,44;12,53;11,21;9,89;10,23;13,55;16,06;11,96;11,74;10,28;10,65;15,06;13,69;6,74;genie_civil_et_construction
15,64;19,0;11,28;11,78;10,18;9,32;13,87;15,86;11,29;15,98;12,22;15,48;16,47;13,08;7,61;genie_civil_et_construction
12,51;15,56;19,14;6,83;14,05;7,55;11,89;10,45;19,43;12,13;6,37;10,52;9,11;12,15;18,35;biotechnologie_et_sciences_pharmaceutiques
16,52;10,16;11,7;15,68;19,31;12,86;12,31;13,83;6,44;13,03;17,3;12,32;8,76;15,95;4,77;economie_et_gestion
18,76;15,94;13,77;11,73;11,15;8,24;16,08;13,64;9,25;14,45;18,69;10,63;5,13;17,8;9,74;sciences_actuarielles_et_statistiques
12,73;14,16;11,28;12,27;16,04;12,44;14,02;13,95;8,41;12,05;14,36;9,17;15,92;12,73;8,55;urbanisme_et_amenagement_du_territoire
19,7;11,99;9,58;11,05;7,51;7,99;16,14;16,1;7,08;19,19;16,13;11,35;9,3;20,0;5,58;sciences_actuarielles_et_statistiques
17,71;17,25;12,65;11,37;10,25;12,04;14,28;18,67;12,22;19,18;9,78;10,48;12,16;16,51;13,64;science_des_donnees_et_intelligence_artificielle
16,08;9,76;12,09;15,07;15,06;11,14;17,02;15,18;9,19;15,19;19,6;12,63;10,81;16,17;8,84;commerce_international_et_logistique
19,06;11,9;11,2;12,04;11,83;6,22;16,13;12,57;10,19;18,56;14,27;10,14;8,47;18,0;6,58;sciences_actuarielles_et_statistiques
16,69;18,8;12,81;10,67;8,51;8,29;8,9;14,82;9,56;12,19;7,21;13,39;18,32;12,53;8,07;genie_civil_et_construction
11,85;9,81;16,15;10,66;11,92;7,41;10,14;13,28;19,27;7,75;8,14;14,14;7,1;12,2;18,01;sciences_veterinaires
17,39;14,68;12,06;10,16;11,16;13,99;18,09;17,9;12,62;20,0;9,68;10,05;11,02;16,64;9,87;science_des_donnees_et_intelligence_artificielle
7,36;8,86;10,23;18,07;13,8;16,62;10,4;12,35;8,27;9,08;12,52;14,55;9,58;9,03;6,03;droit_et_sciences_politiques
10,69;9,6;12,22;16,38;17,19;16,46;17,06;11,9;11,52;12,58;9,67;16,4;13,88;10,98;11,02;journalisme_et_medias
12,54;6,48;6,95;17,4;16,47;16,31;16,88;14,18;10,24;9,96;13,5;10,57;10,07;8,74;10,03;droit_et_sciences_politiques
13,3;14,01;14,5;11,28;18,57;12,39;15,2;13,62;12,12;11,19;19,08;14,42;9,86;18,73;9,95;economie_et_gestion
15,06;15,69;10,89;9,34;6,68;12,4;11,28;14,65;14,31;14,31;10,52;11,01;18,18;8,58;9,36;genie_civil_et_construction
16,14;19,97;12,09;10,52;14,16;8,11;13,99;15,62;12,21;15,92;7,04;9,38;16,13;17,09;7,66;genie_electrique_et_electronique
15,81;10,63;12,37;12,92;14,39;14,34;15,94;14,41;7,66;12,31;20,0;13,7;7,8;14,11;8,25;economie_et_gestion
9,42;10,49;11,11;18,13;15,16;15,39;14,45;18,92;17,34;8,44;11,26;11,43;6,51;11,83;11,24;psychologie_et_sciences_de_l_education
18,66;19,31;12,01;11,05;9,75;14,41;18,66;13,68;8,14;14,67;8,82;17,45;14,4;14,77;6,75;genie_electrique_et_electronique
16,62;14,75;15,23;13,28;12,48;11,26;13,13;15,27;5,94;15,29;12,47;7,92;12,13;20,0;4,13;sciences_actuarielles_et_statistiques
14,9;14,95;10,1;12,53;10,06;10,19;9,86;14,28;12,67;10,24;7,38;10,45;17,27;9,02;8,65;architecture_et_design_interieur
10,91;7,13;9,87;20,0;12,95;9,65;16,56;12,36;11,19;11,65;11,35;15,01;11,48;10,57;6,31;tourisme_et_hotellerie
18,04;17,64;9,25;13,14;9,36;10,77;14,88;17,96;8,85;20,0;10,97;11,49;11,71;16,33;7,54;cybersecurite_et_reseaux
10,79;9,99;11,76;17,81;17,11;9,67;17,17;13,52;13,18;11,31;12,97;12,51;9,27;11,63;13,12;tourisme_et_hotellerie
11,29;7,36;7,29;16,83;16,57;17,57;10,57;16,25;10,55;10,13;13,02;9,37;11,36;15,32;8,17;sciences_sociales_et_sociologie
9,49;5,35;10,68;17,81;14,75;10,06;18,35;16,09;9,43;12,97;15,55;14,05;8,46;8,53;8,32;tourisme_et_hotellerie
10,42;12,37;17,21;9,86;14,45;9,06;13,4;13,77;17,44;9,63;7,29;12,72;8,99;7,24;16,31;sciences_veterinaires
13,42;16,82;19,89;15,89;11,39;12,27;13,6;14,36;18,68;8,79;10,16;13,43;10,78;12,86;19,64;pharmacie
11,82;12,99;12,85;17,97;19,76;16,93;11,41;14,48;13,16;17,03;10,68;11,36;9,0;10,03;10,22;sciences_sociales_et_sociologie
10,14;6,46;7,46;20,0;19,44;16,15;13,56;11,62;10,88;9,2;16,0;12,94;7,59;11,22;10,99;droit_et_sciences_politiques
18,26;18,31;16,95;12,96;11,52;8,44;12,98;17,21;6,34;19,41;13,26;9,84;11,17;11,95;7,19;informatique_administration_reseaux_et_ia
9,05;9,14;9,63;19,21;17,11;16,02;17,01;11,67;7,66;8,93;10,88;14,52;9,69;11,22;10,26;droit_et_sciences_politiques
13,76;12,62;14,56;15,88;11,51;15,43;14,4;12,95;18,5;12,46;13,49;15,98;10,55;11,39;18,35;agronomie_et_environnement
15,01;10,14;14,76;14,89;10,86;13,29;12,71;16,65;9,35;15,89;16,31;11,49;9,98;15,36;6,14;finance_comptabilite_et_audit
11,27;16,74;18,15;13,89;9,71;11,58;14,86;13,16;18,15;9,73;8,65;11,81;9,08;10,56;20,0;biotechnologie_et_sciences_pharmaceutiques
13,64;13,92;12,32;10,64;17,61;11,55;14,09;10,79;9,39;8,52;17,82;10,12;9,1;12,73;8,26;economie_et_gestion
7,58;6,68;11,45;18,41;15,8;13,14;15,62;13,81;10,71;10,3;11,43;12,7;9,66;11,26;10,25;langues_et_communication
14,32;17,54;19,54;14,46;9,52;13,92;10,81;12,13;18,69;11,83;11,97;9,62;7,02;11,47;19,01;pharmacie
6,41;8,53;10,5;18,44;18,37;17,2;13,52;12,61;7,79;10,45;12,48;14,39;8,33;10,91;7,06;droit_et_sciences_politiques
15,43;14,64;17,63;13,61;17,13;9,08;15,28;14,5;13,52;16,39;14,21;12,6;11,63;9,55;16,22;agronomie_et_environnement
13,77;11,01;12,28;15,27;18,31;9,13;15,55;11,11;10,71;10,32;19,27;13,03;8,22;14,37;11,23;economie_et_gestion
20,0;12,06;12,32;11,44;13,01;12,08;16,8;15,53;3,97;14,44;15,79;10,04;8,94;20,0;4,15;sciences_actuarielles_et_statistiques
13,73;12,7;10,29;12,5;18,1;11,28;16,71;15,48;9,5;13,47;13,62;13,21;14,66;11,48;11,41;urbanisme_et_amenagement_du_territoire
17,31;15,71;11,43;10,53;13,97;7,4;14,51;17,06;4,84;19,94;10,05;10,91;10,43;19,71;6,18;cybersecurite_et_reseaux
6,95;5,29;7,28;13,44;11,98;13,95;18,97;12,53;10,61;11,52;10,19;9,48;3,5;7,69;9,83;langues_et_communication
12,65;7,51;9,95;9,33;12,8;11,77;13,38;19,53;12,91;10,37;10,18;19,83;9,94;11,91;12,98;sport_et_sciences_du_mouvement
17,24;11,24;12,36;11,98;15,81;14,65;13,46;15,72;11,68;10,66;19,76;10,37;7,61;16,19;9,27;economie_et_gestion
17,41;15,0;9,24;10,95;10,47;8,84;11,89;15,09;9,54;12,33;6,81;12,41;18,4;14,2;7,38;architecture_et_design_interieur
18,21;18,6;12,83;10,79;7,88;10,96;13,89;13,61;8,58;16,4;11,33;13,33;20,0;12,34;6,07;genie_civil_et_construction
13,19;9,66;8,0;19,16;14,04;13,94;19,36;15,57;10,71;12,33;11,95;10,31;13,34;9,18;8,55;journalisme_et_medias
9,3;7,26;9,26;15,75;17,49;16,1;12,44;14,34;14,61;12,47;13,1;17,22;8,65;14,24;11,04;sciences_sociales_et_sociologie
14,7;12,09;14,79;13,81;13,82;9,42;15,02;16,26;10,19;9,65;16,27;12,82;9,37;15,91;11,15;economie_et_gestion
6,57;11,28;8,82;11,58;5,92;7,0;11,89;13,26;12,81;5,9;7,54;19,37;6,91;9,45;11,67;sport_et_sciences_du_mouvement
12,61;8,12;9,51;16,7;17,49;16,82;17,8;13,69;10,97;10,94;10,61;14,5;11,51;10,36;7,14;journalisme_et_medias
11,16;8,15;7,91;18,31;17,01;15,55;16,45;12,54;8,43;12,84;11,04;10,44;13,21;9,25;7,73;journalisme_et_medias
13,76;12,11;13,55;11,76;17,96;12,05;15,31;15,66;12,58;13,22;16,43;14,78;9,61;14,59;7,3;economie_et_gestion
15,96;9,68;12,36;12,01;12,86;13,17;14,99;12,33;8,63;12,56;17,53;8,21;8,28;15,48;6,73;economie_et_gestion
16,03;18,38;14,49;9,85;14,45;8,57;13,95;18,43;4,58;14,0;10,67;12,08;18,35;9,49;8,37;architecture_et_design_interieur
13,99;9,3;11,54;12,82;13,16;11,76;18,4;17,35;10,43;9,65;11,01;17,78;7,04;9,13;10,46;sport_et_sciences_du_mouvement
11,83;18,03;20,0;11,91;10,68;12,87;11,53;11,04;17,57;11,98;11,0;14,29;10,51;9,85;18,23;pharmacie
16,01;10,32;12,61;14,07;15,06;18,28;11,74;17,68;11,4;14,81;17,82;11,92;12,65;17,17;8,37;economie_et_gestion
16,05;15,33;15,56;9,38;7,5;9,34;18,21;15,0;12,62;18,2;14,06;9,79;13,34;18,05;11,0;informatique_administration_reseaux_et_ia
6,4;7,61;9,16;16,28;13,03;11,93;18,51;14,43;12,29;7,86;8,71;13,7;10,77;7,88;9,93;langues_et_communication
15,24;16,61;11,61;14,97;9,18;10,21;14,06;12,76;11,43;11,7;7,1;7,27;18,97;13,11;6,64;architecture_et_design_interieur
13,12;15,63;17,9;11,7;8,95;13,1;13,17;13,7;18,65;10,87;7,28;11,55;12,47;11,03;18,33;biotechnologie_et_sciences_pharmaceutiques
6,06;8,12;8,06;18,19;17,98;18,62;13,02;8,83;9,63;8,1;12,27;10,98;6,91;10,06;8,47;droit_et_sciences_politiques
18,14;9,44;10,45;10,67;16,63;11,75;16,46;14,99;11,08;13,38;19,87;11,17;7,6;18,08;11,29;economie_et_gestion
7,61;8,37;8,28;14,15;16,99;6,48;16,93;15,13;11,67;11,06;8,3;15,06;7,83;5,91;9,63;tourisme_et_hotellerie
12,35;6,69;9,72;16,32;17,38;16,93;16,29;11,51;10,87;9,01;13,64;12,44;9,6;10,49;7,03;droit_et_sciences_politiques
1,96;8,45;10,28;18,38;10,44;12,14;19,79;11,69;9,1;7,0;8,35;14,23;9,43;7,22;10,14;traduction_et_interpretariat
11,05;13,85;14,15;12,87;10,18;11,22;12,94;15,7;16,68;9,59;7,84;16,2;8,03;8,93;18,18;sciences_veterinaires
12,33;17,32;20,0;12,42;9,74;10,32;11,25;13,91;18,08;9,58;10,52;14,36;8,34;14,48;15,69;pharmacie
9,62;7,05;7,6;15,29;17,74;17,04;16,23;14,23;9,3;13,78;8,99;10,88;12,9;8,5;5,48;journalisme_et_medias
13,88;12,18;13,92;10,81;9,46;9,78;17,45;11,74;18,4;11,17;10,61;14,28;10,09;11,14;15,76;sciences_veterinaires
12,12;6,06;9,68;17,58;16,5;15,05;14,59;12,21;10,29;10,2;15,18;9,82;9,76;11,43;9,24;droit_et_sciences_politiques
17,95;19,0;14,45;13,43;12,52;11,65;15,92;12,19;10,58;12,74;10,77;10,45;16,91;15,46;5,6;genie_mecanique_et_industriel
10,38;7,48;6,66;15,23;17,58;8,82;17,84;15,33;12,69;10,64;10,92;17,32;9,74;11,57;10,47;tourisme_et_hotellerie
16,21;15,28;11,94;11,84;14,78;11,31;16,76;17,69;5,99;12,15;9,39;14,46;20,0;11,56;8,14;architecture_et_design_interieur
19,29;15,92;12,25;12,4;10,15;10,62;14,07;14,46;11,54;19,02;13,24;12,09;8,12;19,46;11,58;science_des_donnees_et_intelligence_artificielle
16,07;12,12;10,67;12,01;16,11;13,41;14,86;14,36;8,26;12,07;19,77;12,56;10,71;18,16;8,32;economie_et_gestion
13,06;15,77;11,79;12,66;16,45;12,1;14,8;15,15;8,4;11,58;11,1;13,03;13,58;12,19;10,94;urbanisme_et_amenagement_du_territoire
15,24;12,15;8,7;10,61;11,24;10,93;15,99;15,52;5,27;19,24;12,09;11,3;8,44;14,9;9,45;cybersecurite_et_reseaux
13,57;15,57;20,0;11,5;7,35;11,85;13,73;12,82;16,8;11,3;10,52;9,48;10,11;12,2;19,64;pharmacie
10,33;11,52;11,47;17,98;18,93;12,81;10,98;15,49;14,17;10,66;12,74;13,23;11,51;10,15;9,72;sciences_sociales_et_sociologie
12,52;14,14;17,89;11,94;11,55;8,86;13,02;11,06;17,58;9,42;7,31;12,02;4,96;12,38;18,13;pharmacie
19,49;16,95;13,15;9,74;9,5;11,49;12,71;17,55;8,9;20,0;12,65;11,44;10,96;16,88;8,63;science_des_donnees_et_intelligence_artificielle
19,84;10,93;11,93;17,54;16,1;8,4;20,0;13,29;8,14;14,32;18,66;12,95;12,85;15,31;10,89;commerce_international_et_logistique
9,79;11,53;11,91;16,0;13,53;17,22;13,03;19,65;15,18;9,18;6,88;13,34;6,98;13,69;7,84;psychologie_et_sciences_de_l_education
16,45;19,22;11,83;11,35;8,66;10,85;9,09;15,04;11,8;15,72;8,76;13,26;16,62;12,11;6,66;genie_civil_et_construction
15,1;11,14;14,03;13,99;15,02;11,0;16,59;14,44;13,37;13,69;20,0;12,73;8,41;17,46;10,63;economie_et_gestion
10,33;14,53;17,64;14,04;8,28;12,97;15,12;14,29;17,69;8,47;7,34;15,43;8,16;9,0;17,31;sciences_veterinaires
20,0;19,57;12,36;11,84;13,2;10,39;15,29;13,73;10,62;20,0;11,17;9,92;17,35;13,73;7,59;genie_electrique_et_electronique
16,29;13,85;15,13;15,77;12,7;15,75;12,61;20,0;10,85;11,74;18,78;12,54;10,16;15,5;7,56;finance_comptabilite_et_audit
16,17;17,49;10,23;8,48;10,9;8,54;10,91;17,21;12,38;12,27;7,87;12,45;16,38;10,7;7,4;genie_civil_et_construction
13,58;16,8;16,56;12,19;10,53;7,96;12,59;19,75;6,71;15,62;11,04;10,77;10,04;9,29;6,25;informatique_administration_reseaux_et_ia
13,81;13,81;14,89;13,39;11,09;12,86;16,96;18,17;11,9;15,77;11,1;8,73;9,4;12,82;10,91;informatique_administration_reseaux_et_ia
17,74;20,0;15,03;11,57;9,5;11,3;13,52;13,75;10,27;15,19;11,81;9,77;17,3;16,7;8,33;genie_mecanique_et_industriel
12,85;14,97;11,88;13,46;17,11;10,53;13,67;13,49;11,09;13,44;14,77;13,92;12,32;11,7;7,77;urbanisme_et_amenagement_du_territoire
16,52;19,19;10,12;11,5;9,35;6,64;16,71;15,88;8,82;14,74;9,05;10,94;13,0;13,24;8,3;genie_electrique_et_electronique
13,53;10,86;11,8;14,74;17,43;11,32;14,81;13,94;9,72;12,54;18,0;13,51;7,57;15,73;10,55;economie_et_gestion
18,68;20,0;14,61;14,72;8,36;9,41;11,39;14,48;10,16;12,42;7,91;16,44;17,42;13,28;7,84;genie_mecanique_et_industriel
9,73;8,55;10,46;18,77;15,7;9,64;17,31;17,19;12,59;9,0;12,51;13,0;8,26;10,08;8,15;tourisme_et_hotellerie
13,4;13,4;18,7;10,96;10,91;13,36;13,92;12,55;16,99;10,42;12,26;10,34;6,99;10,43;20,0;biotechnologie_et_sciences_pharmaceutiques
12,08;15,48;14,78;13,15;12,58;10,87;12,4;13,97;19,47;9,98;8,52;11,93;10,38;8,44;17,95;sciences_veterinaires
12,88;10,3;13,17;9,57;14,95;9,82;15,21;12,78;13,89;12,94;11,54;18,1;9,77;11,49;13,88;sport_et_sciences_du_mouvement
10,79;7,58;9,76;18,14;13,6;6,42;15,73;14,84;8,74;10,41;11,11;15,1;13,32;9,61;8,24;tourisme_et_hotellerie
16,78;18,19;11,15;10,27;8,77;11,63;15,16;14,25;9,68;12,79;8,44;10,64;17,3;17,03;9,89;genie_civil_et_construction
15,53;13,2;14,2;10,07;11,18;11,07;14,11;16,87;7,4;17,59;14,03;9,23;10,93;17,91;6,61;sciences_actuarielles_et_statistiques
19,08;16,81;12,17;10,21;8,72;10,06;14,83;11,82;10,84;18,4;11,45;9,59;9,51;19,44;10,17;science_des_donnees_et_intelligence_artificielle
16,43;11,62;11,5;14,57;15,98;13,53;15,67;14,9;10,38;13,93;19,13;12,06;8,56;17,65;8,38;economie_et_gestion
17,19;17,87;11,13;11,23;8,99;7,97;12,02;16,15;8,94;20,0;10,53;11,51;11,33;15,11;3,89;cybersecurite_et_reseaux
13,31;13,43;13,74;11,96;9,53;12,29;13,68;13,45;20,0;9,68;9,09;10,43;9,18;7,53;17,68;sciences_veterinaires
17,77;19,88;12,7;11,2;10,81;12,22;14,89;18,77;12,55;13,74;8,67;11,03;13,79;14,69;9,87;genie_electrique_et_electronique
15,77;17,3;11,47;9,41;12,31;12,87;18,13;15,21;12,13;14,39;9,73;11,54;16,48;10,6;10,24;genie_civil_et_construction
20,0;19,86;11,87;10,35;8,05;7,36;10,05;15,14;12,38;17,46;11,72;12,47;14,8;15,49;7,11;genie_electrique_et_electronique
9,07;7,78;8,08;17,58;13,02;14,09;17,61;11,06;8,3;9,78;8,37;12,48;10,54;8,36;8,39;langues_et_communication
14,64;15,42;11,66;12,89;14,24;12,19;14,98;17,01;9,3;11,73;10,22;12,77;16,0;10,12;9,24;architecture_et_design_interieur
15,91;11,01;12,11;16,4;17,03;8,35;19,88;13,63;10,03;13,26;18,28;11,66;11,56;13,64;12,27;commerce_international_et_logistique
14,47;17,14;19,67;14,16;9,56;7,5;13,72;13,07;16,9;8,42;7,24;10,82;6,19;14,12;15,86;pharmacie
16,4;17,78;14,92;12,1;10,84;8,35;15,08;15,4;8,13;20,0;12,74;9,88;10,64;15,24;7,14;informatique_administration_reseaux_et_ia
11,9;14,86;16,94;13,01;10,03;12,14;11,14;10,78;17,92;10,85;11,14;12,72;4,55;12,31;16,13;medecine_et_sante
16,52;14,37;13,26;14,18;8,56;8,03;11,86;13,49;9,56;11,09;8,73;13,74;17,66;9,58;8,23;architecture_et_design_interieur
15,12;17,86;16,61;9,78;8,84;8,56;12,69;10,05;17,91;8,1;12,54;14,02;4,93;14,11;17,18;biotechnologie_et_sciences_pharmaceutiques
17,24;9,71;10,14;13,13;13,09;11,46;13,6;17,38;10,79;13,96;15,23;11,31;3,71;17,15;9,11;finance_comptabilite_et_audit
17,69;11,45;11,58;10,43;12,66;12,48;15,5;15,56;10,43;10,62;17,47;12,07;11,0;14,47;10,59;finance_comptabilite_et_audit
16,35;19,18;16,09;8,57;10,65;8,65;14,71;16,2;8,49;10,23;10,79;15,63;14,32;14,46;4,26;genie_mecanique_et_industriel
7,83;11,18;10,48;11,93;7,46;8,62;11,15;14,73;13,01;8,22;10,01;18,59;9,47;5,82;11,7;sport_et_sciences_du_mouvement
16,51;14,77;11,71;8,87;11,57;9,25;13,12;18,31;9,13;16,43;12,88;7,84;7,63;16,29;3,57;sciences_actuarielles_et_statistiques
19,87;18,63;14,13;11,43;11,39;9,25;13,01;14,34;11,63;13,77;8,73;10,16;18,91;15,29;7,76;genie_mecanique_et_industriel
13,14;12,07;18,47;10,59;12,9;8,86;13,0;14,2;16,35;12,06;10,74;16,71;6,19;9,59;16,73;agronomie_et_environnement
9,98;6,93;11,71;13,66;17,23;16,73;14,21;13,99;10,86;8,28;11,1;9,09;10,82;12,56;9,75;sciences_sociales_et_sociologie
12,79;8,56;10,46;14,68;16,16;14,65;15,94;11,4;8,32;9,4;12,29;16,68;13,25;10,34;9,55;tourisme_et_hotellerie
18,14;14,41;11,03;7,69;5,1;9,34;11,88;16,41;12,21;19,71;9,29;11,58;11,53;17,31;9,18;cybersecurite_et_reseaux
8,83;7,22;9,36;14,48;19,69;17,87;13,81;15,97;10,2;11,18;12,66;12,91;8,82;15,6;9,97;sciences_sociales_et_sociologie
15,42;20,0;13,33;10,23;9,47;7,11;14,05;15,95;9,67;10,64;7,85;8,76;18,66;13,56;7,96;genie_mecanique_et_industriel
10,72;11,4;9,18;12,69;15,41;11,79;10,6;14,02;9,65;9,54;11,02;11,62;12,99;10,93;9,27;urbanisme_et_amenagement_du_territoire
11,8;17,51;17,27;13,71;8,23;10,24;12,49;12,7;16,59;10,07;5,44;11,79;9,12;11,65;18,56;biotechnologie_et_sciences_pharmaceutiques
9,63;8,76;12,3;16,82;15,15;14,85;13,79;16,23;14,92;10,26;7,02;12,84;6,88;11,69;11,83;psychologie_et_sciences_de_l_education
12,13;7,57;8,78;14,51;14,35;12,52;12,29;14,04;12,75;11,72;11,19;19,34;5,86;7,73;14,16;sport_et_sciences_du_mouvement
15,72;15,23;11,43;13,22;10,83;13,44;15,24;14,34;11,19;13,72;9,24;13,0;19,85;10,74;7,39;architecture_et_design_interieur
17,09;19,55;12,94;9,31;10,06;4,83;10,5;17,38;8,23;14,72;9,51;9,71;14,21;15,41;7,74;genie_electrique_et_electronique
16,46;12,6;12,8;15,81;12,9;13,12;13,47;17,74;8,12;14,32;15,07;12,05;4,98;17,55;6,79;finance_comptabilite_et_audit
14,99;17,73;13,77;14,14;9,4;7,79;13,61;17,21;6,49;20,0;7,77;8,98;14,63;14,95;7,81;informatique_administration_reseaux_et_ia
11,12;13,24;15,4;14,3;6,69;14,74;15,89;12,79;19,48;9,06;9,26;12,53;7,25;9,9;18,77;sciences_veterinaires
12,01;13,82;17,92;10,89;11,1;8,14;15,21;13,13;16,07;9,39;7,44;13,14;6,0;11,37;18,86;pharmacie
11,41;17,99;18,51;11,93;12,97;15,34;12,14;15,62;17,58;9,64;9,43;11,2;8,23;11,83;17,15;medecine_et_sante
17,48;17,77;15,69;14,56;13,38;7,8;13,58;15,75;11,27;19,26;12,93;8,96;13,04;14,31;10,61;informatique_administration_reseaux_et_ia
17,33;17,85;10,2;10,69;15,35;12,51;17,02;16,18;9,67;13,45;8,24;11,84;20,0;11,73;7,03;architecture_et_design_interieur
8,17;9,09;11,21;14,52;11,53;15,44;15,56;16,75;13,87;9,18;8,99;14,51;7,87;10,81;12,55;psychologie_et_sciences_de_l_education
16,64;14,66;17,07;12,28;14,35;7,77;11,53;15,61;3,4;18,43;11,6;12,55;12,21;12,84;6,9;informatique_administration_reseaux_et_ia
9,98;11,22;13,3;11,54;11,36;11,77;13,59;16,9;15,28;10,27;13,31;19,66;7,51;8,36;12,13;sport_et_sciences_du_mouvement
16,85;16,13;13,01;7,45;10,28;8,68;15,2;16,04;11,49;19,13;9,41;12,22;9,89;16,39;7,44;cybersecurite_et_reseaux
11,98;16,36;16,04;13,52;5,4;14,29;14,09;13,54;17,42;6,37;8,84;14,03;9,87;9,5;15,56;sciences_veterinaires
13,55;13,62;14,73;12,45;10,27;11,94;13,72;11,16;18,38;9,58;10,32;13,39;8,73;12,16;16,58;sciences_veterinaires
5,3;8,05;5,3;16,3;13,13;13,2;19,84;9,24;10,46;7,55;7,73;12,79;8,97;4,99;7,51;langues_et_communication
17,13;18,74;16,22;11,72;8,45;8,2;11,54;15,51;8,21;13,55;12,55;10,17;17,56;14,36;6,14;genie_mecanique_et_industriel
4,03;7,01;9,04;18,56;18,08;16,8;14,56;14,37;14,69;9,03;11,22;12,32;6,76;12,4;11,69;sciences_sociales_et_sociologie
9,02;7,85;9,44;16,32;16,48;11,09;17,11;12,47;8,0;10,81;10,52;13,48;10,57;9,76;8,44;tourisme_et_hotellerie
12,01;10,41;10,36;10,03;14,92;9,46;13,94;12,24;14,01;10,29;6,55;20,0;8,6;12,87;13,63;sport_et_sciences_du_mouvement
15,75;18,09;12,96;10,95;14,87;10,9;16,05;12,32;11,49;15,63;12,1;12,09;20,0;10,98;8,04;genie_mecanique_et_industriel
12,25;11,9;16,16;14,16;7,98;12,48;16,31;10,55;16,83;6,86;11,5;10,15;2,83;12,58;19,81;biotechnologie_et_sciences_pharmaceutiques
6,59;4,01;9,49;19,37;12,08;13,48;17,19;10,2;5,12;9,56;11,53;10,33;7,82;5,71;8,23;traduction_et_interpretariat
14,89;10,66;12,56;12,94;16,95;13,81;16,54;12,78;10,17;10,95;17,92;13,93;9,93;13,45;6,07;commerce_international_et_logistique
15,82;10,25;12,14;12,47;12,56;15,79;13,89;15,42;10,62;12,58;17,93;11,59;8,33;15,37;6,79;economie_et_gestion
12,95;14,66;16,25;11,81;14,86;10,27;11,74;11,35;17,2;11,67;11,94;15,21;8,12;10,0;18,84;agronomie_et_environnement
10,19;15,31;12,0;16,46;11,09;11,86;11,48;10,35;12,9;9,96;12,36;20,0;6,72;8,66;12,65;sport_et_sciences_du_mouvement
14,09;14,66;17,28;11,45;10,83;8,17;13,3;12,89;15,66;9,78;8,24;7,3;7,33;12,98;19,17;pharmacie
18,76;15,08;11,73;10,71;11,64;11,58;13,21;16,28;14,44;18,69;10,11;8,22;12,45;19,25;12,63;science_des_donnees_et_intelligence_artificielle
16,35;19,25;9,97;5,26;7,84;10,48;9,38;17,8;10,36;14,99;5,56;15,69;18,59;12,12;5,86;genie_civil_et_construction
12,38;17,94;20,0;13,76;12,1;13,5;13,06;14,96;18,05;9,61;7,6;13,93;10,62;11,26;17,23;medecine_et_sante
17,36;10,81;11,38;12,25;12,91;10,14;14,21;16,89;10,97;17,22;17,74;8,54;2,97;16,83;9,32;finance_comptabilite_et_audit
18,0;15,23;13,37;14,53;10,08;7,57;13,23;17,44;7,79;20,0;13,48;10,2;9,48;18,49;6,96;science_des_donnees_et_intelligence_artificielle
14,38;13,99;11,46;10,25;14,22;8,88;9,68;13,71;10,08;13,08;11,96;12,41;20,0;14,83;11,22;urbanisme_et_amenagement_du_territoire
17,1;7,07;8,32;12,14;10,99;9,23;15,99;13,29;9,46;15,82;18,33;11,01;6,89;18,36;8,18;finance_comptabilite_et_audit
18,77;13,63;8,14;11,01;10,18;10,59;12,64;15,85;7,8;20,0;11,17;9,64;10,38;18,5;5,43;science_des_donnees_et_intelligence_artificielle
16,05;9,33;9,42;13,82;13,1;13,28;13,48;16,19;10,35;12,23;17,57;10,18;12,13;16,86;8,32;economie_et_gestion
11,8;8,95;9,19;16,2;17,2;16,62;17,8;14,85;9,39;11,5;10,77;15,37;15,11;7,6;8,9;journalisme_et_medias
14,29;9,65;11,94;15,1;15,1;10,93;20,0;14,31;8,77;13,65;17,74;13,78;5,56;15,17;6,05;commerce_international_et_logistique
16,52;13,83;12,33;11,77;10,32;5,09;11,14;18,63;9,34;19,71;13,84;7,77;9,87;17,62;5,92;science_des_donnees_et_intelligence_artificielle
16,42;19,32;11,88;10,14;10,16;9,87;12,62;17,57;10,31;12,85;9,47;9,0;15,99;10,64;6,41;genie_civil_et_construction
18,4;17,77;13,15;12,12;6,51;13,43;13,16;11,81;10,03;15,22;14,65;12,89;16,83;12,96;8,78;genie_mecanique_et_industriel
18,17;14,6;12,96;6,87;13,86;7,55;11,44;17,99;8,81;19,54;12,72;12,23;8,69;18,28;8,02;cybersecurite_et_reseaux
12,27;9,24;11,93;18,17;12,05;16,7;17,82;13,74;7,46;14,92;14,39;14,69;11,08;11,15;8,88;journalisme_et_medias
7,64;11,62;10,83;17,87;17,08;16,83;11,74;14,86;12,1;9,5;9,7;13,1;10,61;10,27;10,23;sciences_sociales_et_sociologie
7,54;8,64;8,38;17,02;16,81;11,83;14,13;12,62;12,28;7,59;10,11;16,61;10,88;12,25;12,83;tourisme_et_hotellerie
9,62;7,56;11,94;14,62;10,13;17,7;13,71;16,2;15,88;9,51;5,03;12,29;11,59;8,65;7,85;psychologie_et_sciences_de_l_education
18,64;9,5;11,71;12,59;12,44;5,87;14,49;15,21;8,32;13,69;13,21;10,19;10,53;19,23;5,66;sciences_actuarielles_et_statistiques
15,06;18,35;17,95;11,67;13,19;10,39;13,4;12,88;18,84;11,39;11,34;11,56;4,54;15,21;19,13;biotechnologie_et_sciences_pharmaceutiques
19,1;18,25;12,82;12,05;8,51;10,49;12,17;12,96;8,44;11,1;14,04;15,45;17,62;14,55;7,07;genie_mecanique_et_industriel
8,42;8,59;8,87;14,45;12,44;10,73;19,44;14,69;11,52;9,82;8,76;15,13;11,23;6,87;7,96;traduction_et_interpretariat
18,52;20,0;11,92;13,49;7,95;7,45;12,33;14,82;11,75;16,56;8,36;12,76;13,54;14,56;8,18;genie_electrique_et_electronique
12,67;11,95;16,7;13,1;14,73;9,27;10,99;11,83;17,0;11,84;12,03;14,98;7,34;9,23;18,47;agronomie_et_environnement
15,93;19,04;12,54;8,87;11,57;11,53;12,16;16,58;12,13;12,16;8,98;13,73;13,57;11,83;9,18;genie_civil_et_construction
15,05;17,09;19,55;11,41;13,01;10,89;15,55;9,91;17,53;13,3;7,59;12,31;11,48;12,14;18,83;medecine_et_sante
18,41;13,6;10,66;11,25;11,04;16,73;15,68;16,03;14,4;18,64;10,51;9,87;12,15;18,57;12,57;science_des_donnees_et_intelligence_artificielle
15,09;16,78;8,6;10,56;9,89;12,34;14,04;13,54;4,97;19,34;10,31;9,91;8,06;11,19;10,05;cybersecurite_et_reseaux
17,18;17,66;11,12;11,3;10,18;11,12;12,21;14,21;7,9;14,24;6,4;8,13;17,77;13,21;7,62;architecture_et_design_interieur
17,6;11,77;12,67;16,91;14,12;11,01;16,28;15,95;9,69;14,31;19,32;9,58;9,61;17,16;9,69;economie_et_gestion
13,85;9,1;8,17;19,78;14,16;15,88;18,77;11,34;7,47;11,97;10,01;11,28;9,26;7,89;7,75;traduction_et_interpretariat
17,11;17,93;16,63;13,07;6,33;5,62;6,68;17,46;7,41;12,54;8,11;14,42;14,07;13,4;7,18;genie_mecanique_et_industriel
14,22;15,92;18,95;13,05;9,75;12,7;17,42;15,69;19,28;11,21;12,16;8,38;7,45;15,61;18,38;biotechnologie_et_sciences_pharmaceutiques
12,44;15,47;11,87;12,35;15,88;14,22;15,06;13,8;10,43;12,35;12,19;14,58;15,84;12,61;7,88;urbanisme_et_amenagement_du_territoire
14,45;11,45;13,82;13,23;15,8;11,17;15,42;16,1;10,69;12,13;15,66;14,43;11,79;13,1;8,48;commerce_international_et_logistique
14,98;18,5;13,73;10,36;9,58;10,51;9,89;16,59;13,03;14,98;8,37;12,41;16,91;10,78;9,31;genie_civil_et_construction
13,65;12,6;17,2;12,54;10,19;12,82;14,99;12,6;16,64;9,28;7,61;14,75;12,12;11,27;17,68;medecine_et_sante
13,36;11,17;10,63;10,56;14,09;13,69;13,84;13,53;10,83;12,34;12,84;13,71;18,94;10,7;9,56;urbanisme_et_amenagement_du_territoire
11,35;14,89;18,64;11,98;10,25;12,51;14,41;17,04;20,0;9,11;5,7;14,73;9,3;11,53;18,51;medecine_et_sante
14,66;15,77;8,83;13,11;10,79;11,01;12,74;14,78;11,47;11,9;8,77;9,77;16,35;14,42;6,31;architecture_et_design_interieur
12,59;14,85;19,46;8,08;14,49;10,72;10,69;9,09;19,94;11,44;9,97;9,74;11,19;13,03;18,94;biotechnologie_et_sciences_pharmaceutiques
12,19;13,73;15,76;10,91;9,51;11,03;11,8;14,96;16,81;11,09;12,67;16,34;8,05;10,69;13,31;sciences_veterinaires
8,74;6,33;6,93;14,9;11,63;12,59;20,0;10,68;10,22;11,24;11,71;14,44;9,07;6,82;9,08;traduction_et_interpretariat
19,47;19,1;12,27;12,56;12,46;11,9;15,34;11,23;9,36;17,96;9,27;12,47;19,6;15,39;9,61;genie_electrique_et_electronique
14,63;13,83;11,35;13,34;9,79;10,94;15,15;14,75;9,46;13,13;10,75;9,24;17,73;13,15;5,1;architecture_et_design_interieur
17,73;17,44;16,55;13,04;8,76;13,2;16,01;18,43;11,36;20,0;12,54;11,74;10,02;15,69;8,4;informatique_administration_reseaux_et_ia
15,11;9,48;10,94;13,85;15,51;9,83;17,09;16,07;10,35;11,31;15,1;14,68;10,34;13,68;7,77;commerce_international_et_logistique
15,55;14,77;13,29;10,05;7,38;10,52;17,2;18,61;15,26;15,92;11,15;9,93;11,19;13,49;13,46;informatique_administration_reseaux_et_ia
19,86;19,52;13,64;11,56;12,63;12,64;13,21;14,52;12,35;19,88;8,89;10,53;16,68;14,64;7,07;genie_electrique_et_electronique
16,33;9,15;12,56;15,01;16,21;12,89;19,19;14,28;8,31;10,21;16,52;11,98;8,32;14,44;8,63;commerce_international_et_logistique
14,53;11,6;11,66;15,21;17,3;12,72;17,92;15,48;9,99;13,49;15,3;14,68;10,24;11,8;9,03;commerce_international_et_logistique
12,02;15,46;15,43;12,74;10,84;12,62;10,65;13,5;16,54;11,09;9,8;12,98;9,22;9,49;16,37;sciences_veterinaires
17,19;7,39;9,78;16,25;14,64;14,56;15,17;16,16;7,85;12,0;17,84;14,08;8,86;14,71;7,06;economie_et_gestion
9,74;8,84;10,52;16,52;15,89;16,7;15,41;18,77;14,58;10,01;8,19;12,68;5,6;10,79;12,14;psychologie_et_sciences_de_l_education
19,59;16,71;10,35;13,3;10,6;17,14;16,62;13,37;17,08;19,33;11,88;11,53;8,7;19,22;9,27;science_des_donnees_et_intelligence_artificielle
11,69;11,37;9,83;14,96;16,96;11,03;16,84;13,6;7,97;10,95;13,75;16,91;10,93;11,01;10,35;tourisme_et_hotellerie
10,13;8,56;10,94;15,58;16,48;17,46;11,7;11,77;11,61;9,59;12,18;15,62;11,68;15,77;13,44;sciences_sociales_et_sociologie
11,99;18,02;20,0;11,48;9,55;10,63;14,33;11,79;17,3;10,8;9,58;11,94;9,84;11,31;15,94;pharmacie
14,38;16,5;18,63;8,67;13,08;6,38;13,28;10,82;16,03;11,96;6,33;4,95;10,77;13,17;14,6;pharmacie
13,54;17,46;19,8;16,26;8,54;13,51;12,36;13,52;20,0;7,7;9,17;10,27;6,06;10,42;19,14;pharmacie
13,07;12,79;8,44;9,81;7,43;7,88;9,26;15,63;9,55;17,85;9,56;8,38;11,58;13,13;8,94;cybersecurite_et_reseaux
11,72;11,21;16,74;9,76;12,49;10,89;11,35;13,92;15,96;10,07;12,49;18,78;10,18;13,75;17,72;agronomie_et_environnement
13,91;18,59;11,36;7,54;12,15;9,52;15,43;14,6;6,95;19,26;10,62;9,11;10,14;14,94;7,38;cybersecurite_et_reseaux
15,77;13,13;9,41;13,2;10,44;8,35;15,61;18,78;4,8;19,34;9,68;10,46;11,32;15,19;7,02;cybersecurite_et_reseaux
13,68;15,59;19,69;10,63;10,86;10,86;15,12;15,31;16,78;11,11;8,45;6,23;12,91;13,18;15,73;pharmacie
13,85;12,38;17,21;12,44;8,83;12,67;11,83;14,6;17,91;10,43;8,7;12,56;8,79;13,72;20,0;biotechnologie_et_sciences_pharmaceutiques
8,08;10,98;11,59;17,44;14,69;12,45;17,54;14,42;10,77;7,44;10,93;16,18;8,61;8,46;11,86;tourisme_et_hotellerie
11,93;16,15;19,55;8,76;13,46;9,82;13,31;11,53;17,4;11,65;7,64;10,92;10,89;12,57;18,71;biotechnologie_et_sciences_pharmaceutiques
20,0;19,14;11,32;10,67;10,46;7,81;12,67;14,57;9,21;20,0;11,15;9,06;9,8;18,64;7,77;science_des_donnees_et_intelligence_artificielle
9,58;11,93;9,22;12,12;12,36;10,32;13,36;15,37;12,84;10,06;10,09;17,74;10,73;8,86;13,3;sport_et_sciences_du_mouvement
15,61;14,25;9,06;12,83;12,51;11,35;12,2;14,52;12,44;12,04;8,3;14,69;19,61;12,59;9,24;architecture_et_design_interieur
17,16;12,7;11,52;11,38;13,23;9,89;14,9;17,87;10,05;15,07;20,0;11,82;7,67;18,7;5,79;sciences_actuarielles_et_statistiques
14,29;17,16;18,52;11,64;10,28;12,9;15,88;14,11;17,64;13,85;8,4;11,28;8,84;9,37;17,1;biotechnologie_et_sciences_pharmaceutiques
17,55;16,38;11,59;10,91;8,82;8,17;12,29;16,04;11,12;18,4;11,19;9,19;10,17;19,07;10,6;science_des_donnees_et_intelligence_artificielle
7,08;10,06;10,82;16,65;15,55;13,25;18,0;16,25;11,58;10,54;10,49;12,73;12,84;9,77;9,0;journalisme_et_medias
18,21;14,86;13,08;12,36;12,07;2,39;13,93;13,19;10,07;14,96;17,28;10,3;9,65;19,43;8,92;sciences_actuarielles_et_statistiques
11,59;14,98;14,13;12,1;13,06;11,55;12,89;14,27;15,89;8,7;10,21;14,49;11,35;10,05;17,22;agronomie_et_environnement
7,13;9,11;7,42;12,86;17,56;11,79;17,58;11,87;13,15;8,02;8,6;20,0;10,58;10,99;11,13;tourisme_et_hotellerie
12,25;10,9;11,13;10,96;13,63;8,41;12,54;13,83;19,45;7,9;10,33;12,24;7,68;9,58;16,38;sciences_veterinaires
16,54;19,99;9,19;12,15;8,46;10,51;13,65;20,0;10,0;14,67;7,16;8,64;11,5;15,63;7,9;genie_electrique_et_electronique
16,99;17,11;13,69;11,29;10,78;11,27;11,37;15,29;11,39;16,77;9,2;16,7;14,27;13,92;7,65;genie_civil_et_construction
10,45;7,22;8,41;15,33;17,45;17,04;15,15;14,42;11,82;11,27;12,11;11,23;8,28;14,19;9,98;sciences_sociales_et_sociologie
11,27;9,39;10,04;13,91;15,04;14,93;13,99;19,79;15,12;8,3;11,26;11,08;8,86;11,09;10,27;psychologie_et_sciences_de_l_education
17,08;18,79;18,43;9,91;13,69;10,45;13,45;16,67;16,65;13,21;9,96;8,64;5,83;13,85;16,48;biotechnologie_et_sciences_pharmaceutiques
14,9;12,07;13,59;11,45;12,49;13,43;15,56;15,98;8,53;13,44;15,32;11,71;9,83;14,69;3,73;finance_comptabilite_et_audit
18,14;17,04;12,89;10,62;6,41;11,3;14,85;17,7;14,34;15,97;10,01;10,84;8,99;15,97;10,11;informatique_administration_reseaux_et_ia
12,44;15,85;19,34;10,25;11,65;10,17;12,82;10,85;15,85;9,94;10,38;12,39;8,02;9,76;19,35;pharmacie
12,42;16,93;18,14;13,74;10,7;16,29;10,38;13,73;20,0;13,56;9,58;12,89;7,6;9,59;19,75;medecine_et_sante
9,04;8,21;8,94;19,06;14,61;13,28;20,0;11,41;12,07;10,22;10,38;14,07;9,89;6,69;5,5;traduction_et_interpretariat
18,28;19,38;11,9;9,54;12,01;15,79;16,81;13,01;10,02;14,97;6,64;11,88;15,08;15,69;9,03;genie_electrique_et_electronique
18,55;12,04;16,24;16,32;15,63;8,69;17,98;15,07;9,87;15,4;19,89;14,38;12,6;11,83;5,72;commerce_international_et_logistique
14,33;12,93;10,01;8,78;16,27;13,06;18,26;15,56;5,53;12,92;12,99;11,0;19,45;13,92;4,22;urbanisme_et_amenagement_du_territoire
15,36;17,92;10,44;11,76;11,75;11,92;13,8;15,94;8,79;13,2;7,63;10,0;17,68;8,71;9,43;architecture_et_design_interieur
8,58;12,14;6,93;12,29;8,33;10,65;15,47;12,37;12,06;4,66;9,11;18,02;6,91;10,27;11,48;sport_et_sciences_du_mouvement
13,09;10,36;6,58;18,08;16,07;16,01;20,0;13,95;10,21;10,83;8,09;14,67;7,89;10,09;6,24;traduction_et_interpretariat
18,22;12,1;13,43;13,64;16,04;15,26;13,55;13,49;12,74;17,04;18,23;9,02;10,71;18,76;8,45;economie_et_gestion
11,88;17,08;19,4;14,46;9,36;13,88;15,36;15,09;17,93;9,56;8,3;10,91;5,94;13,59;17,29;biotechnologie_et_sciences_pharmaceutiques
10,75;13,29;11,63;12,84;12,6;12,22;11,75;11,86;15,16;9,9;13,79;18,54;9,92;9,0;14,45;sport_et_sciences_du_mouvement
11,85;12,28;16,2;10,9;12,35;8,77;11,07;9,7;15,7;9,99;8,01;17,15;9,33;12,13;16,52;agronomie_et_environnement
11,74;15,08;19,25;10,31;11,08;9,38;15,31;10,75;15,94;10,51;9,09;12,45;6,37;10,52;18,61;pharmacie
13,53;12,6;14,27;10,89;12,22;11,52;12,98;12,6;17,88;7,63;13,26;15,47;10,48;12,14;17,38;agronomie_et_environnement
14,56;19,86;10,95;7,17;12,04;8,1;14,12;17,56;6,58;8,66;8,21;13,48;20,0;10,95;3,5;genie_mecanique_et_industriel
18,77;13,26;12,99;10,84;10,36;7,43;13,72;19,06;8,77;20,0;12,05;8,78;13,4;17,96;11,01;science_des_donnees_et_intelligence_artificielle
12,53;11,64;15,22;13,64;13,4;8,56;12,26;12,92;17,26;13,72;11,1;17,32;11,63;10,8;18,51;agronomie_et_environnement
13,02;14,56;18,76;16,69;11,82;15,16;13,25;13,43;19,34;10,0;7,68;12,93;6,9;10,28;19,88;medecine_et_sante
9,78;10,56;11,98;15,45;14,37;16,93;14,9;19,49;15,86;8,55;6,95;13,21;11,09;10,96;13,24;psychologie_et_sciences_de_l_education
20,0;12,31;12,93;15,0;4,08;14,49;9,93;19,56;14,49;17,55;13,68;12,09;8,64;14,93;9,97;informatique_administration_reseaux_et_ia
17,05;17,5;19,16;13,08;10,36;10,26;11,43;13,38;18,54;7,71;11,33;13,75;12,99;14,99;16,81;pharmacie
17,24;15,33;13,91;14,02;8,78;8,45;12,24;18,02;12,37;18,95;15,45;10,68;10,94;17,81;8,68;science_des_donnees_et_intelligence_artificielle
17,51;18,97;14,17;9,58;10,31;9,4;12,18;15,49;9,33;12,76;8,45;12,28;20,0;11,37;6,25;genie_mecanique_et_industriel
8,24;7,11;8,4;18,18;15,37;14,51;16,25;12,31;10,03;9,91;8,86;13,84;8,83;6,98;8,24;langues_et_communication
19,19;19,48;12,08;10,22;10,26;6,21;11,55;15,86;10,28;17,41;10,84;9,78;17,24;15,99;9,44;genie_electrique_et_electronique
17,25;17,75;12,97;12,08;11,11;10,27;14,38;15,19;14,61;13,24;8,1;9,9;16,23;16,51;11,15;genie_civil_et_construction
8,05;12,06;11,27;9,61;8,9;9,18;12,25;14,14;14,59;9,7;9,44;17,19;9,47;9,64;13,5;sport_et_sciences_du_mouvement
15,88;16,0;14,39;9,95;9,87;10,38;16,51;17,12;11,81;16,76;9,96;7,95;8,7;16,36;10,44;informatique_administration_reseaux_et_ia
12,68;14,62;17,01;12,19;13,79;9,31;10,28;9,3;17,59;9,47;11,7;18,85;10,62;10,99;18,37;agronomie_et_environnement
8,45;8,47;12,16;16,64;12,33;14,6;15,16;17,99;16,09;7,95;12,14;12,12;9,61;12,2;11,67;psychologie_et_sciences_de_l_education
15,99;16,23;12,12;11,55;14,02;9,91;12,14;14,86;4,71;15,07;10,4;11,69;19,64;17,02;5,83;urbanisme_et_amenagement_du_territoire
19,37;19,95;10,5;10,61;8,12;12,43;14,7;17,09;12,31;19,02;12,15;9,4;14,99;16,48;13,69;genie_electrique_et_electronique
17,63;16,71;7,86;12,54;14,94;10,92;15,31;15,9;3,32;20,0;13,14;11,9;9,68;15,33;6,91;cybersecurite_et_reseaux
8,72;12,49;11,5;10,88;11,35;7,46;12,74;14,05;13,11;9,02;11,41;16,64;8,48;7,16;11,71;sport_et_sciences_du_mouvement
8,83;10,04;9,38;18,44;14,66;13,28;17,0;12,87;9,42;7,65;8,33;10,7;10,02;8,04;8,09;langues_et_communication
9,95;8,24;12,93;17,02;18,09;8,61;14,7;12,18;10,78;13,46;10,48;18,95;10,95;9,42;6,14;tourisme_et_hotellerie
10,23;5,28;6,98;18,58;19,19;17,3;13,34;11,57;10,92;9,3;16,46;10,28;7,84;12,26;11,21;droit_et_sciences_politiques
9,51;6,74;11,58;15,47;20,0;16,37;12,78;12,72;9,9;9,54;11,73;11,41;8,68;13,15;9,25;sciences_sociales_et_sociologie
12,41;18,17;18,79;15,47;9,52;14,72;14,88;13,99;16,21;13,16;8,83;11,96;7,35;11,83;16,58;biotechnologie_et_sciences_pharmaceutiques
20,0;20,0;13,36;12,71;8,64;8,34;13,05;14,62;10,81;14,1;12,43;13,21;18,2;14,84;8,03;genie_civil_et_construction
18,38;16,27;10,41;10,88;9,55;10,49;15,06;17,85;9,5;20,0;11,98;11,12;8,17;19,24;7,01;science_des_donnees_et_intelligence_artificielle
13,58;16,19;20,0;12,22;11,94;13,9;13,91;15,16;15,57;12,6;8,95;16,83;8,65;10,55;15,05;medecine_et_sante
11,09;10,68;9,24;8,28;11,36;9,8;17,34;17,0;12,62;8,97;9,76;18,25;9,97;9,44;13,78;sport_et_sciences_du_mouvement
20,0;16,84;9,92;11,69;9,57;15,35;16,46;18,14;11,64;20,0;11,93;11,73;8,97;17,16;8,84;science_des_donnees_et_intelligence_artificielle
13,95;11,35;11,7;13,24;13,07;11,63;13,92;16,43;10,01;14,15;17,71;10,79;7,94;14,44;8,75;finance_comptabilite_et_audit
10,75;9,84;9,89;17,64;18,7;16,92;12,51;14,2;13,62;14,32;12,18;15,77;6,08;10,16;12,25;sciences_sociales_et_sociologie
16,5;16,66;15,49;13,99;10,05;7,05;13,05;14,2;7,57;14,06;10,66;11,4;19,07;9,17;5,12;architecture_et_design_interieur
13,73;11,66;15,35;16,88;18,66;4,75;18,62;14,86;11,13;12,97;17,32;12,44;7,91;15,25;10,55;commerce_international_et_logistique
18,29;9,62;9,93;10,71;12,57;9,3;15,79;13,71;9,97;14,15;16,74;12,16;8,7;19,74;7,77;finance_comptabilite_et_audit
17,33;15,37;13,66;13,92;11,49;10,59;14,85;15,86;8,11;16,0;14,53;8,43;10,07;17,57;6,04;sciences_actuarielles_et_statistiques
17,21;20,0;17,48;11,17;6,87;10,26;7,73;18,42;9,14;12,99;9,06;11,93;19,92;14,83;5,69;genie_mecanique_et_industriel
14,28;15,45;16,3;12,87;13,19;12,26;11,87;12,69;18,57;12,92;11,88;13,74;10,02;5,61;20,0;medecine_et_sante
9,53;6,85;9,3;15,01;17,25;10,15;18,53;12,03;8,13;10,14;11,55;13,63;7,5;8,8;6,78;tourisme_et_hotellerie
18,26;16,17;10,4;9,55;9,66;11,79;16,75;17,64;13,96;19,29;10,25;10,06;7,4;17,85;12,2;science_des_donnees_et_intelligence_artificielle
9,44;8,02;10,82;14,15;19,14;16,13;13,04;13,77;12,06;10,07;11,76;10,56;10,83;12,92;9,81;sciences_sociales_et_sociologie
18,14;11,28;12,84;12,68;10,82;13,35;14,16;16,32;10,5;15,15;20,0;12,02;8,77;16,99;10,06;finance_comptabilite_et_audit
11,5;12,39;14,02;11,17;8,57;11,06;11,14;11,8;17,83;8,35;10,2;13,75;12,63;10,84;16,82;agronomie_et_environnement
6,85;7,07;7,86;19,29;12,26;12,23;17,88;12,2;5,52;6,58;6,35;14,85;7,89;8,31;5,33;traduction_et_interpretariat
13,38;12,62;9,5;11,64;15,88;12,41;18,87;17,06;11,25;10,04;9,74;17,05;9,27;9,71;10,2;sport_et_sciences_du_mouvement
12,76;15,84;10,31;12,3;13,65;10,58;10,15;13,36;10,36;13,33;12,25;12,91;15,91;12,04;10,95;urbanisme_et_amenagement_du_territoire
12,86;11,91;9,92;15,41;18,77;12,43;13,59;10,99;6,49;8,61;19,35;12,41;10,35;16,36;7,6;economie_et_gestion
17,85;18,79;13,58;10,35;11,29;11,52;14,43;12,4;12,44;14,71;5,94;10,09;19,39;13,83;5,69;genie_mecanique_et_industriel
16,65;15,81;13,15;13,56;10,76;10,39;13,7;15,3;8,11;13,94;7,9;11,8;20,0;11,45;4,48;architecture_et_design_interieur
14,27;12,01;15,11;11,26;14,21;8,32;9,78;9,49;14,62;10,62;10,8;15,22;11,97;9,69;17,48;agronomie_et_environnement
6,88;10,01;12,84;15,66;18,43;17,5;10,02;15,86;13,76;10,55;14,3;13,43;11,01;9,92;13,15;sciences_sociales_et_sociologie
10,62;6,6;8,53;18,19;18,73;16,58;14,08;14,09;8,04;13,64;7,54;12,55;10,34;11,34;8,63;droit_et_sciences_politiques
15,3;16,43;9,87;14,56;13,77;11,37;14,57;16,84;10,55;11,53;8,29;10,64;19,66;10,88;10,76;architecture_et_design_interieur
15,92;17,04;17,94;10,53;11,85;9,96;13,42;14,05;19,89;12,87;10,08;12,08;9,17;14,44;18,02;biotechnologie_et_sciences_pharmaceutiques
14,05;8,77;13,32;15,07;15,15;13,2;14,49;19,13;10,79;10,49;17,98;15,92;9,32;15,52;8,71;economie_et_gestion
14,8;13,45;11,18;11,75;18,42;11,3;14,35;15,0;9,08;11,02;13,6;11,6;16,05;12,84;7,33;urbanisme_et_amenagement_du_territoire
9,31;14,13;15,02;13,85;6,82;9,34;14,06;15,24;18,57;8,47;7,82;13,85;10,76;10,3;16,8;sciences_veterinaires
11,85;7,38;7,62;16,96;15,39;16,22;18,4;12,05;8,17;14,04;13,05;11,25;9,85;10,25;9,86;journalisme_et_medias
11,62;9,54;8,36;19,27;17,29;14,95;13,25;11,6;10,39;9,62;12,99;13,76;9,55;13,41;8,86;droit_et_sciences_politiques
13,36;12,67;9,2;9,65;12,54;12,28;11,71;13,41;8,73;10,04;9,06;12,55;18,06;14,52;9,35;urbanisme_et_amenagement_du_territoire
13,16;14,19;17,8;13,07;11,24;10,93;9,93;13,83;17,69;8,65;8,81;11,22;7,56;14,04;16,56;pharmacie
14,84;9,54;9,31;19,96;15,78;16,42;18,43;12,58;5,7;10,43;10,41;13,56;11,14;9,29;8,22;traduction_et_interpretariat
8,94;8,98;8,68;15,08;17,09;11,03;19,67;15,17;9,93;10,07;12,2;14,97;6,25;7,64;10,25;tourisme_et_hotellerie
18,26;16,91;13,7;12,47;11,18;9,45;13,92;14,54;15,0;18,69;10,25;9,77;8,99;18,27;12,2;science_des_donnees_et_intelligence_artificielle
15,13;17,75;14,11;13,05;9,47;10,77;10,94;13,91;10,73;13,37;12,59;12,94;18,11;11,5;9,05;genie_civil_et_construction
18,32;20,0;11,38;11,38;8,14;11,5;14,4;14,68;10,87;15,52;9,88;13,41;13,75;15,18;6,03;genie_electrique_et_electronique
17,82;9,13;11,79;12,11;17,07;14,36;15,52;16,31;12,78;15,49;17,3;8,16;8,51;17,13;9,38;economie_et_gestion
10,35;8,11;9,71;15,54;18,23;12,12;16,99;12,54;14,34;10,74;14,98;16,29;11,48;8,77;13,72;tourisme_et_hotellerie
12,79;17,26;15,16;10,43;9,16;5,57;14,42;15,11;8,34;15,65;7,54;11,14;14,99;13,84;9,29;informatique_administration_reseaux_et_ia
6,65;6,79;9,3;17,29;14,45;14,3;16,86;11,13;8,95;7,94;9,78;12,95;10,71;8,05;10,94;langues_et_communication
16,9;15,89;10,28;10,92;9,57;9,29;13,63;18,63;9,89;19,37;10,14;8,47;10,59;17,61;10,91;science_des_donnees_et_intelligence_artificielle
14,21;18,23;18,15;12,49;12,16;11,7;15,43;14,46;18,65;12,72;9,84;11,02;10,16;8,97;14,81;biotechnologie_et_sciences_pharmaceutiques
11,05;9,7;11,26;8,77;9,71;6,6;13,92;15,48;12,72;9,37;10,63;19,19;9,26;7,72;12,04;sport_et_sciences_du_mouvement
14,28;14,07;17,49;11,61;13,14;13,18;13,03;11,58;16,99;9,1;9,18;15,23;8,2;12,83;17,67;medecine_et_sante
17,74;18,9;11,93;12,65;11,95;9,93;11,87;16,2;7,69;12,66;9,18;13,54;17,86;13,14;6,89;architecture_et_design_interieur
16,63;11,52;11,2;12,35;13,56;8,27;16,49;13,75;8,18;13,53;17,8;9,46;8,16;17,87;5,36;finance_comptabilite_et_audit
8,79;5,85;9,55;16,57;17,6;18,41;11,91;15,47;11,15;8,34;12,5;14,26;5,48;12,73;10,16;sciences_sociales_et_sociologie
16,21;19,66;14,44;10,75;10,15;10,26;12,75;18,24;10,45;14,65;11,24;9,6;15,77;15,23;9,24;genie_electrique_et_electronique
6,96;7,65;8,6;17,69;13,26;12,96;19,69;8,88;6,72;10,29;9,68;14,01;8,65;7,68;8,78;traduction_et_interpretariat
13,79;14,86;9,11;9,54;11,15;13,95;15,85;14,77;8,48;12,18;4,89;8,31;17,39;7,01;8,06;architecture_et_design_interieur
11,62;9,05;9,66;15,69;17,14;12,24;20,0;16,77;14,42;11,14;10,89;16,39;12,21;12,23;10,73;journalisme_et_medias
15,14;16,79;13,59;12,62;14,44;8,27;15,05;18,72;10,11;17,89;10,57;14,67;9,1;14,71;10,68;informatique_administration_reseaux_et_ia
13,17;12,03;12,28;11,11;9,82;9,9;12,83;14,62;18,12;12,35;11,46;13,91;6,88;9,18;17,41;sciences_veterinaires
18,57;19,3;12,56;12,76;9,08;10,7;10,34;14,2;7,53;15,9;10,16;14,97;16,41;13,28;11,01;genie_civil_et_construction
8,04;6,68;7,25;16,22;16,19;15,99;14,4;12,67;6,86;8,83;13,18;13,23;7,01;8,98;8,55;droit_et_sciences_politiques
15,03;16,14;18,12;14,6;5,04;13,57;15,9;18,24;19,09;12,62;8,88;10,52;10,13;11,16;17,46;biotechnologie_et_sciences_pharmaceutiques
13,23;15,78;20,0;12,09;9,82;12,31;13,74;12,16;18,41;11,83;6,41;11,08;9,01;14,02;18,35;biotechnologie_et_sciences_pharmaceutiques
5,81;6,78;6,65;18,86;10,72;12,44;18,4;8,14;8,13;12,55;7,54;13,82;7,19;6,51;8,48;traduction_et_interpretariat
9,93;14,19;11,41;12,75;10,38;11,47;10,45;12,27;14,57;9,52;8,06;20,0;8,72;10,58;11,52;sport_et_sciences_du_mouvement
11,08;8,3;8,49;16,42;13,28;16,64;15,23;11,28;6,88;9,29;11,39;11,33;12,52;7,47;10,18;journalisme_et_medias
10,97;5,73;8,83;19,56;16,17;18,03;10,14;13,61;9,73;10,23;13,48;11,04;5,92;10,22;5,44;droit_et_sciences_politiques
18,83;15,02;9,01;12,1;10,29;9,0;14,01;17,12;6,31;19,79;11,7;11,61;9,62;19,54;7,02;science_des_donnees_et_intelligence_artificielle
7,02;4,15;6,81;20,0;13,45;14,24;17,19;9,9;4,85;11,06;10,54;12,62;5,65;3,48;5,84;traduction_et_interpretariat
6,29;7,31;8,78;17,32;15,58;9,32;17,38;13,83;13,12;8,06;12,29;17,9;7,92;10,29;9,79;tourisme_et_hotellerie
15,01;9,1;11,23;14,01;16,56;11,79;14,38;13,5;10,82;10,37;19,1;11,18;9,55;14,0;5,87;economie_et_gestion
18,06;20,0;11,87;8,45;6,81;13,17;10,69;19,62;10,27;15,87;8,5;14,92;12,42;16,1;8,19;genie_electrique_et_electronique
16,63;12,2;12,85;13,15;15,42;8,22;17,51;13,82;9,81;12,66;15,67;15,91;7,08;17,32;11,21;commerce_international_et_logistique
14,57;10,15;11,74;14,42;15,46;11,97;16,46;13,75;11,35;13,68;15,52;13,3;8,18;14,95;8,57;commerce_international_et_logistique
13,64;6,33;10,36;9,89;13,28;8,67;11,26;14,18;19,82;7,76;10,56;10,43;6,97;13,38;19,02;sciences_veterinaires
19,18;19,23;16,48;11,15;11,32;11,67;10,36;13,56;11,56;17,56;11,8;10,56;20,0;14,5;9,38;genie_electrique_et_electronique
7,35;9,37;8,33;20,0;11,67;14,29;18,92;14,38;12,75;9,26;7,56;12,92;8,82;9,05;8,74;traduction_et_interpretariat
17,05;19,61;10,09;10,12;10,29;9,57;12,31;16,21;8,54;17,17;7,97;11,71;14,18;15,79;9,49;genie_electrique_et_electronique
10,87;7,79;10,68;16,1;12,3;15,56;13,33;18,56;14,21;9,95;11,03;10,09;12,63;13,92;12,5;psychologie_et_sciences_de_l_education
6,35;7,68;10,17;16,45;16,64;19,56;14,59;16,11;10,45;10,13;13,52;10,84;10,35;11,8;11,58;sciences_sociales_et_sociologie
14,15;14,39;9,74;11,21;14,03;11,49;16,49;12,74;6,95;10,76;10,95;12,94;17,24;13,64;4,73;urbanisme_et_amenagement_du_territoire
9,14;10,87;11,88;14,52;11,87;15,28;14,97;18,23;15,46;7,44;6,06;8,71;7,68;9,53;11,52;psychologie_et_sciences_de_l_education
18,07;8,05;9,04;12,31;11,41;13,76;15,35;13,85;8,52;13,57;17,58;11,88;7,28;19,26;7,72;finance_comptabilite_et_audit
15,02;10,2;10,47;12,99;15,67;10,79;13,28;17,85;11,43;11,62;17,0;11,04;8,46;19,1;9,02;finance_comptabilite_et_audit
12,02;10,26;10,69;10,96;14,6;10,97;13,81;15,99;14,51;11,54;9,76;18,79;9,24;10,7;13,18;sport_et_sciences_du_mouvement
8,63;9,38;7,96;17,91;12,33;11,43;20,0;8,54;9,65;10,62;7,77;13,14;5,69;9,76;9,99;traduction_et_interpretariat
14,9;12,91;18,89;13,14;17,13;11,71;12,05;11,34;17,13;12,97;8,85;17,23;9,65;13,58;15,67;agronomie_et_environnement
14,75;14,26;9,51;8,91;12,03;9,28;12,88;16,7;8,39;17,5;12,98;12,19;5,41;14,28;9,79;cybersecurite_et_reseaux
17,39;19,29;15,65;11,83;9,4;8,67;12,94;18,83;8,89;17,56;13,65;10,22;12,73;14,87;8,4;informatique_administration_reseaux_et_ia
14,01;10,68;17,31;11,97;13,77;10,37;10,83;11,38;15,18;10,88;11,0;14,87;9,46;13,61;16,29;agronomie_et_environnement
19,94;15,02;10,48;9,68;8,86;9,64;14,55;15,93;11,03;19,17;13,77;11,96;9,92;20,0;9,32;science_des_donnees_et_intelligence_artificielle
9,7;6,43;9,98;14,1;16,35;14,6;18,87;13,38;10,89;9,46;8,8;10,53;9,74;12,74;9,43;langues_et_communication
8,36;8,96;10,02;15,64;17,88;12,3;18,22;12,87;11,49;13,07;9,78;17,08;12,11;9,0;10,6;tourisme_et_hotellerie
15,96;12,14;11,14;14,7;11,68;14,91;11,06;15,41;9,3;13,56;16,75;13,37;6,93;15,49;7,83;finance_comptabilite_et_audit
11,42;15,01;19,46;13,22;7,22;12,37;14,81;13,47;17,82;9,27;8,32;13,03;7,59;9,28;18,91;pharmacie
13,79;16,62;18,84;14,34;12,78;12,17;11,2;13,76;16,95;8,52;8,12;8,98;7,52;13,69;15,43;pharmacie
16,42;12,86;8,08;10,47;4,61;11,14;14,64;19,75;13,61;17,99;11,66;13,87;12,12;17,45;12,24;cybersecurite_et_reseaux
17,93;19,39;13,08;15,74;7,67;10,48;13,22;13,2;12,27;14,73;13,23;12,01;17,6;15,6;8,63;genie_civil_et_construction
7,83;9,85;9,33;15,82;13,41;18,49;12,17;18,27;16,15;8,29;9,87;11,9;8,82;7,67;14,02;psychologie_et_sciences_de_l_education
9,57;9,49;10,38;9,32;12,59;13,27;16,27;19,73;16,12;7,63;9,14;17,92;8,43;9,7;14,59;sport_et_sciences_du_mouvement
13,65;13,76;12,44;11,83;17,69;13,47;14,52;15,52;9,63;13,01;14,94;13,42;14,77;13,61;7,91;urbanisme_et_amenagement_du_territoire
7,43;7,07;8,26;20,0;16,39;15,22;14,77;14,05;8,09;4,76;11,55;15,22;8,15;8,7;8,24;droit_et_sciences_politiques
13,82;11,25;14,74;8,53;9,23;7,6;12,31;12,94;16,74;13,72;12,25;16,92;10,24;15,82;15,69;sciences_veterinaires
12,08;16,26;20,0;15,71;10,44;14,94;16,46;14,27;17,3;9,78;12,69;11,74;7,88;12,09;17,52;medecine_et_sante
13,8;16,56;8,41;12,26;12,93;10,73;16,5;17,27;2,89;20,0;12,69;12,44;10,15;12,3;7,96;cybersecurite_et_reseaux
12,44;12,28;10,26;13,44;11,55;11,44;11,08;11,23;12,81;7,38;8,78;13,5;16,71;12,8;10,52;urbanisme_et_amenagement_du_territoire
18,73;13,39;10,92;12,16;12,35;7,83;15,09;14,0;7,76;16,88;13,89;12,92;10,87;20,0;6,59;sciences_actuarielles_et_statistiques
13,67;8,92;9,1;13,8;17,12;7,74;17,98;15,95;9,01;12,17;15,56;12,53;8,97;11,24;9,09;tourisme_et_hotellerie
18,31;16,09;12,28;9,45;11,69;11,0;13,84;13,62;10,49;20,0;9,82;11,94;12,81;18,57;10,0;science_des_donnees_et_intelligence_artificielle
9,89;7,91;9,73;16,43;16,71;10,35;16,94;13,96;8,94;11,94;10,93;12,94;8,3;8,34;2,89;tourisme_et_hotellerie
15,33;13,76;16,03;11,33;12,58;9,5;12,98;11,85;14,62;11,28;8,1;16,21;11,2;14,18;18,43;biotechnologie_et_sciences_pharmaceutiques
8,49;8,9;8,43;17,04;12,14;12,66;18,19;10,68;12,47;11,85;6,1;12,5;7,45;7,92;7,08;traduction_et_interpretariat
16,38;10,04;12,6;15,85;16,92;12,03;17,69;16,12;10,29;12,59;17,04;14,1;12,55;14,5;12,51;commerce_international_et_logistique
16,76;9,78;11,27;12,43;14,59;7,45;17,01;12,58;11,1;13,26;18,26;10,31;9,32;17,14;12,08;finance_comptabilite_et_audit
10,71;8,01;10,37;15,13;19,12;18,5;13,13;12,39;11,77;12,68;13,83;12,22;8,58;11,3;9,11;sciences_sociales_et_sociologie
9,94;6,43;9,25;16,09;13,1;12,85;17,38;10,71;6,12;8,44;8,89;13,8;8,88;7,2;8,72;traduction_et_interpretariat
12,73;8,88;8,62;17,71;14,37;17,31;15,16;13,24;7,68;10,9;11,53;15,86;13,38;9,62;5,75;journalisme_et_medias
11,95;17,11;20,0;11,96;11,29;11,26;15,91;15,74;16,37;11,78;10,87;14,21;9,66;8,64;14,94;medecine_et_sante
15,48;20,0;13,08;11,74;10,73;12,33;17,51;13,6;9,46;11,45;8,44;12,68;15,44;12,84;8,12;genie_mecanique_et_industriel
11,64;13,79;18,9;12,35;12,33;12,28;14,48;13,58;17,28;9,18;8,48;12,49;11,31;12,95;15,92;medecine_et_sante
10,92;8,23;8,06;17,04;12,47;13,59;17,88;11,8;7,65;10,01;10,48;11,88;8,53;10,49;6,26;traduction_et_interpretariat
16,22;13,27;9,7;6,16;11,55;5,47;15,53;15,0;11,19;18,25;9,7;11,22;6,99;16,2;9,72;cybersecurite_et_reseaux
19,04;13,22;10,49;8,28;11,1;11,17;15,28;16,86;11,59;15,78;13,41;11,45;7,56;18,92;7,03;sciences_actuarielles_et_statistiques
5,93;8,85;7,83;18,66;17,35;16,58;10,89;13,96;8,25;7,22;12,53;12,95;8,69;10,8;6,48;droit_et_sciences_politiques
11,61;8,5;9,72;14,63;16,22;14,82;18,38;14,93;12,54;13,86;12,71;12,18;13,41;13,28;8,55;journalisme_et_medias
11,48;7,42;10,02;17,35;16,33;17,9;14,8;11,86;9,76;11,83;9,53;14,39;5,99;7,23;10,24;journalisme_et_medias
18,55;14,69;7,09;13,57;8,33;8,85;14,22;16,19;9,31;19,24;11,63;10,61;10,06;18,78;8,06;cybersecurite_et_reseaux
9,2;7,49;9,66;18,03;18,22;14,98;13,79;15,82;13,78;12,26;12,27;12,76;7,15;13,43;13,82;sciences_sociales_et_sociologie
5,19;8,07;8,45;16,14;13,45;12,57;17,87;12,1;8,69;8,28;7,15;10,77;9,27;6,04;8,36;traduction_et_interpretariat
16,16;11,33;14,49;12,72;14,79;8,55;14,98;12,78;12,46;12,42;13,02;11,75;13,33;14,05;11,17;commerce_international_et_logistique
12,87;12,92;14,29;11,71;10,43;9,93;8,88;15,3;18,43;12,21;9,53;13,71;8,73;11,93;19,15;sciences_veterinaires
16,87;12,69;13,1;13,43;16,93;11,45;19,18;19,06;13,76;11,27;19,51;13,53;9,47;16,27;10,05;commerce_international_et_logistique
13,82;10,48;11,93;15,86;15,28;14,62;18,36;12,26;9,51;11,03;16,75;10,16;9,92;14,26;11,1;commerce_international_et_logistique
9,44;8,39;11,68;17,3;14,21;16,22;14,05;20,0;14,46;9,62;9,36;8,9;7,12;9,25;10,91;psychologie_et_sciences_de_l_education
19,37;19,86;16,98;12,15;12,64;8,7;14,21;16,42;8,19;18,11;13,2;10,62;13,37;16,18;8,39;informatique_administration_reseaux_et_ia
16,63;15,51;13,2;14,23;9,63;7,76;10,82;16,38;10,98;19,11;10,47;9,72;10,36;14,51;7,39;informatique_administration_reseaux_et_ia
18,0;13,46;13,57;13,25;10,52;9,63;17,15;16,94;7,53;18,24;11,79;8,78;11,06;17,33;8,34;science_des_donnees_et_intelligence_artificielle
12,44;18,15;20,0;8,18;17,36;9,09;13,6;11,27;18,89;14,29;9,87;9,46;10,51;11,38;14,86;biotechnologie_et_sciences_pharmaceutiques
13,76;11,25;18,1;12,26;12,47;13,08;13,02;14,14;16,98;13,19;11,6;15,8;8,52;13,53;17,38;agronomie_et_environnement
7,85;7,61;7,14;16,44;10,29;12,65;17,91;9,68;12,45;6,17;8,23;10,21;7,0;8,09;7,13;langues_et_communication
18,73;13,85;8,93;9,59;7,83;9,21;12,19;16,4;13,35;19,4;10,04;10,96;11,66;16,87;8,71;cybersecurite_et_reseaux
7,93;7,12;10,41;15,9;18,32;16,21;17,62;15,8;9,04;11,01;9,64;11,84;13,47;10,03;8,9;journalisme_et_medias
16,24;16,38;10,69;4,78;10,78;10,51;15,46;17,79;10,83;19,48;12,06;11,73;6,65;16,89;10,4;cybersecurite_et_reseaux
18,64;13,71;12,04;13,05;11,32;5,14;13,94;14,44;11,22;17,46;17,36;9,89;8,31;18,3;7,37;sciences_actuarielles_et_statistiques
19,16;11,99;14,66;11,65;11,2;8,72;15,04;14,9;7,29;17,64;14,57;8,59;11,15;20,0;7,35;sciences_actuarielles_et_statistiques
18,0;16,48;13,99;9,23;11,62;11,16;17,14;17,31;12,2;17,58;12,66;11,3;13,92;17,85;10,47;informatique_administration_reseaux_et_ia
14,72;10,66;7,26;14,89;18,07;13,54;12,37;11,23;13,69;12,23;13,56;13,1;10,93;14,87;10,57;sciences_sociales_et_sociologie
6,86;8,42;13,09;15,9;14,15;18,84;12,92;15,59;12,51;8,89;6,29;17,39;5,61;5,59;11,03;psychologie_et_sciences_de_l_education
14,67;9,96;13,58;11,84;13,97;12,89;14,82;15,27;11,76;15,55;17,42;14,66;7,75;16,05;7,4;economie_et_gestion
14,29;15,97;18,28;11,3;13,48;10,26;15,55;14,07;19,87;14,22;12,04;11,62;8,95;14,94;19,26;biotechnologie_et_sciences_pharmaceutiques
10,72;10,68;9,91;13,64;13,66;9,95;11,42;14,9;15,0;10,62;6,73;20,0;7,7;9,62;11,76;sport_et_sciences_du_mouvement
15,42;17,78;18,56;13,3;11,93;12,27;13,23;15,35;19,87;10,35;6,45;14,73;8,96;13,42;19,47;medecine_et_sante
17,36;8,77;11,81;12,47;14,74;15,44;16,39;16,17;10,11;14,56;15,83;11,93;10,42;16,94;6,92;economie_et_gestion
15,06;16,48;11,02;11,63;10,69;10,63;13,12;15,66;8,9;13,68;11,02;11,17;19,1;10,09;8,08;architecture_et_design_interieur
14,09;11,58;6,57;8,32;7,84;9,19;15,46;17,24;12,36;18,84;10,78;10,74;9,61;14,05;11,96;cybersecurite_et_reseaux
18,27;20,0;13,55;12,26;10,9;9,99;16,05;11,63;11,21;11,25;6,47;10,58;17,91;11,63;9,8;genie_mecanique_et_industriel
15,15;10,56;11,84;13,96;17,62;10,88;14,73;13,34;9,28;13,34;18,15;10,74;9,27;14,68;9,65;economie_et_gestion
16,93;17,9;13,82;10,57;12,2;10,06;12,79;17,71;9,46;15,37;12,1;11,44;10,44;16,1;9,64;informatique_administration_reseaux_et_ia
10,79;16,62;19,59;10,81;12,63;11,59;14,46;12,5;17,99;13,51;11,62;10,4;7,09;9,53;18,27;biotechnologie_et_sciences_pharmaceutiques
15,57;13,53;14,78;11,91;13,86;10,33;16,22;18,51;9,76;11,42;18,77;9,13;10,29;17,39;9,29;finance_comptabilite_et_audit
15,43;15,41;12,23;10,46;10,7;7,0;13,87;16,95;6,83;19,88;9,81;13,69;10,74;15,55;6,94;cybersecurite_et_reseaux
7,2;6,66;10,44;16,6;17,77;17,47;14,38;14,83;12,55;8,57;11,33;16,15;10,14;9,45;8,12;sciences_sociales_et_sociologie
20,0;18,1;12,15;11,53;12,59;8,83;17,95;13,33;11,0;20,0;14,02;8,71;7,83;18,79;6,31;science_des_donnees_et_intelligence_artificielle
15,43;13,21;17,5;9,72;12,55;9,36;11,34;8,95;18,51;10,58;10,32;11,2;7,16;10,96;18,86;biotechnologie_et_sciences_pharmaceutiques
19,14;16,39;10,26;15,57;12,54;7,14;14,21;14,89;10,1;19,37;17,35;10,4;8,95;20,0;9,12;sciences_actuarielles_et_statistiques
11,7;6,92;9,95;18,61;15,11;16,28;15,2;13,3;9,36;12,2;10,59;13,92;12,11;7,74;9,86;journalisme_et_medias
14,67;7,78;12,24;11,85;13,0;11,19;17,52;12,73;12,23;12,31;19,17;15,96;8,02;16,45;8,05;economie_et_gestion
6,69;8,3;8,78;17,42;17,79;18,95;11,85;12,83;7,98;7,16;9,98;13,41;8,44;9,41;6,37;droit_et_sciences_politiques
14,96;9,62;11,1;15,47;14,77;7,45;17,96;14,98;9,44;9,15;17,66;12,5;8,77;16,67;5,99;commerce_international_et_logistique
13,44;6,54;8,15;14,46;14,17;19,85;18,2;12,4;9,49;13,26;11,89;12,08;12,22;12,57;6,35;journalisme_et_medias
16,38;13,5;17,36;11,64;11,79;10,61;9,26;13,39;18,9;13,2;6,56;13,68;9,88;12,01;20,0;medecine_et_sante
15,28;14,48;16,72;9,86;12,9;10,84;10,46;10,74;18,02;11,63;9,51;14,87;7,26;10,92;20,0;biotechnologie_et_sciences_pharmaceutiques
10,83;8,41;10,6;16,47;18,78;18,03;11,47;12,95;12,49;11,13;8,82;12,63;11,2;15,89;11,27;sciences_sociales_et_sociologie
17,12;13,26;13,99;12,5;11,69;7,27;14,77;17,42;9,16;17,67;15,17;8,84;9,54;20,0;7,23;sciences_actuarielles_et_statistiques
18,95;13,93;13,67;9,69;14,0;10,64;16,26;14,88;8,86;14,06;15,4;9,39;7,04;19,51;4,72;sciences_actuarielles_et_statistiques
16,93;13,3;11,89;11,63;13,47;10,58;13,79;17,3;6,72;12,4;12,71;13,45;20,0;10,02;5,87;architecture_et_design_interieur
19,07;19,3;10,64;10,96;9,88;10,27;16,02;13,87;15,63;13,54;8,48;9,83;17,42;14,76;10,26;genie_mecanique_et_industriel
8,51;8,9;9,28;16,48;13,9;9,93;19,75;13,32;9,6;13,46;12,19;15,0;11,71;8,26;12,83;tourisme_et_hotellerie
7,97;6,9;11,15;18,25;18,38;19,42;8,85;15,06;12,91;10,65;9,63;13,24;12,29;9,73;11,74;sciences_sociales_et_sociologie
16,77;18,54;12,82;7,96;7,76;10,6;12,75;16,32;11,1;16,39;9,49;11,17;19,09;10,94;9,48;genie_civil_et_construction
10,18;13,68;13,42;13,03;11,85;13,62;12,26;14,1;14,58;10,08;8,78;18,68;9,84;9,98;16,28;sport_et_sciences_du_mouvement
16,81;11,07;12,81;12,76;10,38;13,73;13,97;14,85;6,26;10,79;15,78;10,53;6,94;16,28;6,25;finance_comptabilite_et_audit
17,38;7,1;7,0;15,71;15,52;14,64;13,76;17,57;9,16;14,38;16,97;9,08;9,52;16,28;4,6;economie_et_gestion
16,64;20,0;11,71;9,02;9,14;9,48;12,29;17,74;5,12;15,16;7,35;13,59;16,59;14,69;6,07;genie_electrique_et_electronique
13,88;14,87;10,66;14,36;11,66;8,76;12,36;15,31;9,41;13,02;13,31;9,15;19,14;7,27;6,37;architecture_et_design_interieur
16,07;13,9;10,29;9,56;10,35;13,54;14,47;16,99;15,34;15,16;14,64;11,07;7,06;15,89;11,58;finance_comptabilite_et_audit
16,93;20,0;14,12;12,45;9,98;11,89;14,94;14,51;12,72;11,6;10,55;10,13;16,63;14,54;8,49;genie_mecanique_et_industriel
12,85;16,03;20,0;9,57;11,63;14,05;13,97;14,6;18,49;11,1;8,09;7,65;8,29;11,79;19,06;biotechnologie_et_sciences_pharmaceutiques
8,54;9,77;12,88;14,46;13,65;16,47;16,23;17,89;19,64;9,83;8,91;9,37;8,49;12,84;14,08;psychologie_et_sciences_de_l_education
7,71;5,89;8,05;18,83;16,43;14,11;18,23;14,27;5,55;10,03;10,97;16,09;9,52;9,55;6,92;journalisme_et_medias
16,38;18,37;13,3;10,97;13,18;12,11;13,31;12,4;15,58;9,15;8,37;18,26;20,0;11,76;8,93;genie_mecanique_et_industriel
10,0;10,25;8,54;13,54;9,43;12,77;12,34;16,73;13,02;7,55;9,11;20,0;9,43;11,15;14,87;sport_et_sciences_du_mouvement
8,82;6,64;8,65;15,54;17,58;16,57;15,68;12,92;8,4;8,67;9,76;11,5;9,83;12,58;9,95;journalisme_et_medias
7,97;10,26;7,13;18,65;16,64;14,21;16,79;12,32;7,24;7,11;11,81;13,53;9,91;9,07;7,44;langues_et_communication
10,98;16,0;19,32;14,9;10,24;15,21;11,51;13,71;17,3;13,59;8,11;11,25;6,46;14,03;18,78;biotechnologie_et_sciences_pharmaceutiques
5,74;7,05;9,23;16,44;14,73;12,95;18,86;14,97;10,34;9,51;9,58;11,2;8,58;6,05;9,65;journalisme_et_medias
12,45;6,77;8,12;18,35;18,63;19,5;15,89;13,16;11,69;8,36;15,53;12,66;10,53;13,86;12,81;droit_et_sciences_politiques
8,75;9,81;9,19;17,81;16,99;16,65;12,74;17,72;13,15;8,79;9,36;14,71;9,08;13,27;14,1;sciences_sociales_et_sociologie
9,42;7,8;9,04;16,89;16,15;11,73;15,35;13,97;11,07;10,63;15,21;14,89;9,69;12,4;10,81;tourisme_et_hotellerie
13,03;16,18;17,93;12,64;13,9;12,24;14,59;13,43;18,52;10,22;15,0;9,02;4,91;14,68;17,11;biotechnologie_et_sciences_pharmaceutiques
10,9;10,49;9,34;13,71;12,16;8,35;10,11;10,93;11,08;10,74;8,53;17,91;4,89;8,2;11,49;sport_et_sciences_du_mouvement
9,01;6,39;11,0;14,31;17,24;17,62;11,9;17,23;12,94;10,71;11,18;13,43;6,9;12,33;9,21;sciences_sociales_et_sociologie
9,56;7,16;8,63;20,0;15,29;14,46;16,58;14,03;5,16;9,06;7,29;14,69;8,78;6,77;5,98;traduction_et_interpretariat
6,05;7,59;9,39;17,74;16,83;16,08;18,62;14,47;10,39;11,32;12,22;11,82;13,44;8,52;9,04;journalisme_et_medias
12,4;6,81;8,17;18,21;13,14;13,42;18,87;12,93;8,25;10,56;10,85;12,77;9,97;9,44;6,31;traduction_et_interpretariat
17,25;14,18;11,29;12,73;12,96;9,39;13,02;15,45;11,12;11,06;8,31;13,34;19,66;12,37;8,04;architecture_et_design_interieur
9,77;5,54;8,3;17,38;17,45;17,04;13,44;11,29;8,93;9,66;15,63;13,72;9,9;8,95;9,42;droit_et_sciences_politiques
14,52;17,5;12,92;9,65;11,27;10,82;12,43;16,75;12,76;12,22;7,74;13,11;13,83;11,29;8,55;genie_civil_et_construction
17,68;12,81;10,9;11,54;10,68;8,64;14,63;18,66;9,78;19,77;13,06;8,13;11,39;17,66;8,27;science_des_donnees_et_intelligence_artificielle
9,15;7,06;6,92;15,93;16,43;15,55;17,4;10,83;9,87;10,48;8,2;12,98;9,88;10,85;8,22;langues_et_communication
9,8;9,31;11,86;14,33;10,48;11,84;13,86;14,28;20,0;5,18;7,33;14,88;4,17;8,34;15,31;sciences_veterinaires
11,44;15,25;18,94;12,98;12,66;12,41;12,21;12,25;15,56;12,06;11,98;12,81;7,02;12,6;15,31;medecine_et_sante
15,78;19,07;14,74;12,79;10,29;10,02;12,14;13,15;13,73;13,45;6,88;10,38;13,01;18,65;10,61;genie_civil_et_construction
14,37;15,26;17,96;9,3;15,85;11,96;8,57;11,51;18,07;11,37;5,23;13,47;8,76;12,95;18,0;medecine_et_sante
8,45;9,18;8,1;19,15;14,89;13,82;17,98;10,17;9,37;8,56;10,14;15,48;9,53;10,19;9,32;langues_et_communication
8,09;9,01;9,77;17,53;14,83;15,18;18,19;14,54;9,14;12,96;9,31;14,11;9,78;7,58;7,6;journalisme_et_medias
17,02;19,97;13,92;12,92;9,83;10,28;14,44;14,61;11,96;14,78;9,15;14,35;20,0;10,33;10,85;genie_mecanique_et_industriel
5,59;12,03;13,42;16,4;13,09;13,36;15,25;18,81;16,59;10,38;9,45;15,06;10,16;11,05;11,81;psychologie_et_sciences_de_l_education
17,52;15,73;12,18;13,86;9,95;11,94;15,06;17,2;10,96;18,68;15,13;11,19;12,57;17,36;11,49;informatique_administration_reseaux_et_ia
9,21;8,82;10,52;15,89;10,03;13,97;14,41;18,39;17,89;9,76;11,01;11,47;8,17;9,57;10,36;psychologie_et_sciences_de_l_education
13,16;8,66;8,97;14,45;18,38;15,24;14,18;13,44;9,55;9,94;10,52;12,58;6,77;14,32;7,49;sciences_sociales_et_sociologie
19,11;12,22;13,93;12,9;15,23;13,59;14,37;18,56;10,67;15,81;16,37;11,87;12,72;17,89;9,8;economie_et_gestion
19,44;12,71;10,96;12,11;11,6;5,48;15,03;14,6;7,12;14,94;15,98;11,37;11,36;20,0;9,04;sciences_actuarielles_et_statistiques
14,56;14,68;10,11;11,02;16,05;11,03;14,74;16,37;6,81;10,28;10,8;10,02;17,47;14,78;8,85;urbanisme_et_amenagement_du_territoire
12,06;6,03;6,72;16,31;16,81;11,27;16,32;14,95;10,24;10,51;14,25;14,55;10,66;9,92;10,78;tourisme_et_hotellerie
15,61;18,86;14,15;8,92;11,64;7,02;10,2;18,91;9,43;9,73;8,24;15,03;18,29;12,27;7,68;genie_mecanique_et_industriel
20,0;19,37;12,94;8,74;8,59;9,7;10,89;15,58;9,6;14,15;9,84;14,2;16,13;15,61;8,44;genie_electrique_et_electronique
10,12;7,84;9,36;18,7;11,52;13,0;17,99;13,51;9,84;9,51;10,31;12,18;10,53;6,1;9,22;traduction_et_interpretariat
15,15;11,66;10,53;16,09;12,34;12,04;15,58;15,62;8,51;13,15;19,31;14,03;5,48;15,72;7,19;finance_comptabilite_et_audit
16,89;11,94;10,75;9,8;16,55;13,81;16,96;14,41;8,43;15,35;16,67;14,57;10,37;15,58;7,38;economie_et_gestion
12,12;8,15;12,71;16,65;17,39;10,33;18,34;12,55;8,94;11,95;11,58;13,59;11,26;10,64;6,02;tourisme_et_hotellerie
17,61;19,85;14,31;12,24;14,06;8,13;13,37;14,15;10,12;11,98;10,21;10,36;19,5;14,55;9,3;genie_mecanique_et_industriel
17,74;15,09;12,73;11,64;6,26;14,79;16,08;19,55;11,4;18,42;11,95;9,13;10,71;16,31;8,35;informatique_administration_reseaux_et_ia
7,93;6,02;6,86;15,43;12,23;12,78;18,83;8,79;8,14;10,79;10,28;12,61;6,91;6,72;7,9;traduction_et_interpretariat
14,92;15,49;14,42;13,89;13,83;9,25;20,0;15,99;8,43;18,53;11,11;8,32;11,61;18,56;9,54;informatique_administration_reseaux_et_ia
9,67;9,93;11,32;16,03;17,75;12,2;17,86;13,06;9,25;11,25;12,02;12,83;9,67;7,83;10,89;tourisme_et_hotellerie
12,74;15,03;19,58;12,59;10,9;11,12;13,05;12,27;17,5;9,4;12,67;13,92;5,54;11,29;16,9;pharmacie
5,7;5,86;6,11;18,56;16,75;18,62;12,44;11,91;10,42;7,75;10,91;13,95;7,85;8,74;7,21;droit_et_sciences_politiques
8,41;8,47;11,5;15,87;16,75;16,56;14,13;17,11;13,54;11,25;11,9;10,72;9,07;11,99;11,42;sciences_sociales_et_sociologie
18,83;13,37;9,39;14,55;6,56;10,65;9,35;12,94;7,03;20,0;13,9;10,47;10,62;20,0;6,72;cybersecurite_et_reseaux
13,3;6,63;10,36;14,36;14,47;8,31;18,44;14,05;7,36;11,56;14,8;10,56;11,21;13,81;5,83;commerce_international_et_logistique
12,21;15,86;20,0;13,96;10,35;10,94;13,72;16,51;16,28;11,58;10,02;9,84;6,94;15,66;15,37;pharmacie
16,31;17,69;14,52;9,41;9,7;10,33;10,96;15,29;9,67;13,11;10,81;15,49;14,12;16,14;8,4;genie_civil_et_construction
9,63;9,14;11,59;13,63;11,14;15,58;16,89;20,0;17,05;8,27;9,38;13,25;7,74;11,41;11,22;psychologie_et_sciences_de_l_education
14,2;9,98;14,91;10,55;13,33;10,3;14,06;12,49;17,21;7,58;9,81;19,73;8,42;14,36;17,65;agronomie_et_environnement
9,64;17,3;20,0;10,8;9,75;14,09;15,11;15,36;17,33;9,58;7,39;7,12;3,81;12,68;18,21;biotechnologie_et_sciences_pharmaceutiques
13,99;15,53;11,96;11,67;9,16;10,22;14,27;17,35;8,5;17,27;9,6;8,45;12,47;14,18;6,59;cybersecurite_et_reseaux
10,78;13,76;16,29;14,14;14,38;9,35;13,0;13,24;19,8;10,1;8,17;11,94;8,26;7,16;17,37;sciences_veterinaires
8,09;7,14;7,02;17,42;15,91;20,0;13,01;11,99;10,2;7,26;12,9;14,21;7,24;10,05;8,65;droit_et_sciences_politiques
15,69;10,95;10,75;14,34;15,2;13,47;15,47;15,87;9,12;12,91;20,0;13,6;9,91;16,62;9,69;economie_et_gestion
14,16;15,26;13,11;11,75;7,6;13,74;18,22;16,12;10,6;16,96;9,84;12,78;13,62;17,02;10,03;informatique_administration_reseaux_et_ia
12,47;12,54;13,36;13,87;15,1;9,99;9,82;12,91;17,78;11,04;9,05;16,14;11,83;13,01;18,03;agronomie_et_environnement
14,53;14,34;8,99;11,41;9,15;11,63;15,15;17,8;0,0;19,11;9,17;13,25;9,18;14,4;2,98;cybersecurite_et_reseaux
11,45;16,17;19,14;11,1;11,49;10,46;14,15;14,33;16,0;11,03;8,11;6,76;9,19;11,98;19,05;pharmacie
17,28;17,31;10,84;6,42;12,77;9,3;13,26;18,16;8,55;19,37;11,06;12,63;8,28;18,93;5,5;cybersecurite_et_reseaux
9,4;11,03;8,86;17,82;17,59;18,63;11,89;15,65;11,75;10,45;9,92;9,25;10,8;12,37;9,41;sciences_sociales_et_sociologie
11,57;14,03;15,95;15,06;7,01;14,49;14,36;13,06;20,0;7,78;10,9;12,16;7,58;8,28;17,11;sciences_veterinaires
18,02;11,03;13,39;14,26;11,96;13,0;15,97;16,39;8,04;14,57;17,56;12,46;7,9;16,4;8,45;finance_comptabilite_et_audit
9,63;10,51;12,88;14,7;14,62;14,7;12,65;17,27;16,96;7,1;8,55;12,66;9,13;11,57;11,56;psychologie_et_sciences_de_l_education
17,8;10,91;14,55;13,06;11,71;12,79;18,05;14,65;10,24;13,94;17,36;11,92;8,7;15,84;8,47;finance_comptabilite_et_audit
13,7;13,41;15,08;12,28;15,19;9,89;13,07;15,14;17,06;10,7;10,72;18,02;9,51;11,56;17,35;agronomie_et_environnement
16,95;13,3;13,67;13,16;13,71;10,33;18,5;15,24;8,53;11,09;17,0;13,73;11,72;19,61;7,7;finance_comptabilite_et_audit
11,46;7,05;9,52;15,42;17,5;16,38;12,22;13,1;13,01;11,9;11,3;15,25;8,15;11,25;11,58;sciences_sociales_et_sociologie
13,56;14,01;16,11;13,35;13,42;12,28;15,04;11,69;13,37;11,29;10,3;15,45;12,65;7,46;17,76;agronomie_et_environnement
15,09;8,91;11,6;14,18;13,17;11,23;13,61;12,75;11,99;8,82;19,2;13,14;6,48;17,36;8,2;economie_et_gestion
7,07;11,12;9,24;15,66;11,25;12,99;17,85;8,91;11,7;9,6;6,11;10,9;9,74;7,99;8,96;langues_et_communication
19,21;9,11;11,55;13,34;9,41;9,2;16,14;16,27;7,0;15,02;15,09;11,36;8,43;19,77;8,78;sciences_actuarielles_et_statistiques
13,34;9,1;7,5;17,56;14,79;14,01;18,57;15,15;10,42;13,36;7,76;14,58;10,97;10,58;5,48;traduction_et_interpretariat
9,54;15,82;16,67;13,9;9,53;12,62;11,51;14,18;18,63;7,22;6,86;9,97;9,21;7,09;17,57;sciences_veterinaires
10,23;7,4;13,76;19,55;13,11;13,24;17,17;13,13;12,88;7,71;8,77;12,59;8,54;9,4;10,23;langues_et_communication
11,66;6,9;8,06;18,28;11,64;12,94;18,13;9,19;8,5;10,99;9,15;12,54;7,85;10,48;6,95;traduction_et_interpretariat
8,67;14,13;18,17;12,86;8,1;11,43;13,98;17,08;17,73;5,08;7,65;13,81;8,9;7,18;17,05;sciences_veterinaires
17,05;16,1;10,5;13,34;13,22;6,91;14,12;14,9;10,65;16,09;11,07;12,76;14,79;14,09;9,08;genie_civil_et_construction
16,84;9,62;12,04;12,12;18,15;12,94;14,59;14,23;7,22;16,25;17,62;11,47;10,0;14,65;8,79;economie_et_gestion
15,49;9,47;8,92;12,49;18,08;9,57;17,11;10,68;9,39;12,31;19,91;10,14;9,41;15,94;4,43;economie_et_gestion
17,96;19,54;13,38;7,79;10,13;8,54;13,05;17,37;10,33;15,0;10,92;5,81;14,91;16,46;4,16;genie_electrique_et_electronique
12,12;12,9;17,64;13,71;8,91;11,72;11,02;10,66;16,47;10,87;10,69;11,76;5,17;12,19;20,0;biotechnologie_et_sciences_pharmaceutiques
9,92;9,41;7,09;13,24;13,14;8,25;9,66;12,78;12,67;8,08;10,09;17,97;8,67;8,08;12,76;sport_et_sciences_du_mouvement
13,52;12,86;18,74;11,69;9,78;9,34;16,32;12,45;15,28;9,78;10,21;9,17;4,36;13,98;17,09;pharmacie
17,63;19,96;14,41;11,37;10,82;9,28;9,64;16,01;14,98;11,52;8,44;14,5;18,92;13,19;6,74;genie_mecanique_et_industriel
14,4;15,32;9,71;8,11;8,38;7,55;13,87;16,51;3,34;17,75;9,74;12,62;8,53;13,57;7,25;cybersecurite_et_reseaux
10,62;8,38;7,49;13,27;17,42;15,55;10,16;12,33;13,56;11,5;14,2;14,96;8,67;11,75;10,83;sciences_sociales_et_sociologie
13,27;8,1;10,19;13,99;16,16;10,72;18,08;17,61;10,75;10,21;17,3;15,1;5,39;15,27;9,5;commerce_international_et_logistique
15,99;12,92;14,76;10,16;16,65;9,39;14,86;12,46;17,14;13,68;11,81;13,22;9,46;11,0;18,61;agronomie_et_environnement
14,41;14,97;17,33;13,02;13,76;14,09;15,2;10,11;17,59;12,15;9,71;11,16;11,07;10,32;18,06;agronomie_et_environnement
16,33;15,46;12,99;12,96;9,57;11,24;10,69;12,63;12,2;16,4;11,18;10,01;9,07;14,36;6,35;informatique_administration_reseaux_et_ia
9,74;10,23;15,69;13,54;16,66;18,12;14,93;17,12;15,85;11,97;8,23;12,92;10,3;9,87;12,26;psychologie_et_sciences_de_l_education
17,03;19,03;13,71;12,77;9,29;10,64;13,03;14,93;12,32;10,15;12,01;14,32;19,05;13,48;11,12;genie_mecanique_et_industriel
19,41;12,18;7,04;11,98;11,98;5,35;11,92;16,34;8,48;20,0;12,52;9,89;6,94;14,34;8,11;cybersecurite_et_reseaux
5,22;7,4;9,93;16,56;12,96;12,27;18,12;11,16;11,78;6,75;5,67;10,4;8,39;6,56;10,87;langues_et_communication
11,79;9,08;8,66;17,71;16,11;16,35;16,74;12,71;9,58;15,16;9,98;10,2;11,13;11,78;8,41;journalisme_et_medias
17,71;14,48;12,38;14,11;10,7;12,32;13,95;17,9;8,99;15,79;14,94;13,29;10,18;18,22;8,35;sciences_actuarielles_et_statistiques
17,41;9,75;11,18;15,15;14,3;8,97;14,11;17,82;12,73;11,17;19,27;11,72;10,75;17,22;14,04;finance_comptabilite_et_audit
16,15;17,21;8,55;10,49;12,22;9,5;14,56;16,98;12,77;13,07;8,5;10,18;14,34;15,76;10,13;genie_civil_et_construction
18,08;19,08;11,04;11,68;11,56;12,09;18,21;14,34;11,15;16,54;7,04;10,97;14,62;16,36;7,32;genie_electrique_et_electronique
8,28;7,84;11,37;16,05;15,38;18,14;14,01;11,03;11,6;8,96;13,73;10,09;7,84;7,46;10,44;droit_et_sciences_politiques
11,99;8,23;8,67;15,81;14,03;14,67;18,67;13,12;11,95;12,5;12,73;7,54;9,55;5,9;10,56;traduction_et_interpretariat
16,69;9,68;12,65;13,2;11,03;11,84;15,58;15,49;10,77;16,9;20,0;8,97;10,16;15,24;8,22;finance_comptabilite_et_audit
8,38;4,46;9,2;16,79;9,27;13,54;17,95;7,42;9,02;10,56;7,4;12,5;8,77;9,19;7,23;langues_et_communication
15,78;12,42;8,76;14,76;11,16;9,25;13,52;20,0;12,33;18,74;15,12;10,25;4,51;17,67;5,98;sciences_actuarielles_et_statistiques
7,45;10,23;9,01;15,78;11,18;12,56;18,03;13,48;11,2;9,16;5,78;16,5;11,7;8,98;6,86;traduction_et_interpretariat
12,79;12,8;15,98;11,53;11,59;11,78;12,12;13,28;17,48;8,99;11,89;16,52;7,76;9,02;17,55;agronomie_et_environnement
16,91;17,22;14,73;11,99;10,54;10,84;15,36;15,61;11,57;11,5;7,38;12,8;12,86;13,75;9,44;genie_civil_et_construction
17,77;20,0;12,56;10,21;8,39;10,51;13,84;17,65;7,55;17,35;9,02;10,53;16,52;16,62;7,84;genie_electrique_et_electronique
16,47;19,31;15,7;11,26;11,49;9,28;14,42;17,5;9,63;17,54;13,6;11,37;11,42;15,54;6,79;informatique_administration_reseaux_et_ia
11,76;6,61;10,25;14,32;15,19;14,99;18,12;12,76;8,16;12,02;10,0;15,2;11,89;11,84;8,39;journalisme_et_medias
13,56;16,02;18,8;11,49;12,8;12,78;13,57;11,17;15,99;10,48;8,31;14,07;7,01;12,48;18,77;medecine_et_sante
10,66;13,18;17,54;13,16;9,81;9,8;14,64;14,21;18,82;8,52;9,37;15,12;8,15;7,48;15,6;sciences_veterinaires
11,64;12,92;13,4;12,87;5,82;12,49;12,69;14,24;17,32;10,87;12,51;13,43;8,91;11,3;16,25;sciences_veterinaires
14,57;15,76;10,56;12,99;10,36;6,7;17,43;16,73;4,32;18,75;9,38;8,91;11,17;12,94;4,85;cybersecurite_et_reseaux
8,09;7,91;9,05;14,96;15,48;13,02;18,59;8,99;9,55;11,07;8,78;9,8;6,8;8,93;10,25;traduction_et_interpretariat
11,22;15,2;17,67;12,08;9,87;11,93;12,52;13,97;17,28;11,7;9,4;13,25;9,5;9,99;18,4;pharmacie
19,59;17,57;7,01;10,08;11,85;8,66;15,67;19,09;7,34;20,0;10,49;11,41;7,83;17,63;9,31;science_des_donnees_et_intelligence_artificielle
16,02;10,38;12,01;15,87;18,85;12,92;14,9;15,3;8,67;13,9;16,79;10,15;8,17;16,59;9,13;economie_et_gestion
18,56;17,0;10,53;11,9;11,75;11,41;15,93;15,84;11,76;18,92;11,53;12,41;8,42;18,19;9,75;science_des_donnees_et_intelligence_artificielle
11,54;11,87;10,42;11,87;14,99;10,06;11,24;15,46;9,17;12,01;10,35;11,34;16,02;11,88;10,36;urbanisme_et_amenagement_du_territoire
15,94;14,42;8,51;10,69;11,99;11,06;15,68;15,35;6,13;19,05;12,14;10,77;10,33;16,42;7,54;cybersecurite_et_reseaux
9,16;7,06;10,15;16,15;16,14;16,72;12,66;12,89;11,63;8,62;13,43;10,82;9,1;14,33;9,15;sciences_sociales_et_sociologie
16,04;17,78;10,45;10,42;10,15;9,97;12,85;15,0;10,3;11,92;7,82;13,31;15,17;15,52;8,78;genie_civil_et_construction
18,29;9,8;13,65;12,4;9,19;8,55;19,83;11,59;8,96;12,73;17,47;11,04;8,31;19,88;9,44;finance_comptabilite_et_audit
15,01;10,41;11,8;15,1;17,62;10,9;16,99;15,68;9,23;12,05;15,65;12,4;7,14;15,23;8,55;commerce_international_et_logistique
8,56;6,37;8,02;18,2;13,06;17,68;16,22;10,49;11,02;12,85;11,14;9,97;9,02;8,36;9,41;langues_et_communication
3,94;7,1;8,42;17,94;13,37;12,81;18,34;9,04;8,4;6,8;6,13;11,57;5,11;5,22;9,77;traduction_et_interpretariat
19,01;14,75;11,78;10,28;7,94;13,45;12,66;16,59;15,26;17,72;13,2;9,25;13,26;17,11;12,05;informatique_administration_reseaux_et_ia
18,33;19,78;13,1;10,07;9,76;12,09;15,55;16,97;12,16;15,64;11,64;10,54;17,38;15,8;9,98;genie_electrique_et_electronique
12,27;7,97;9,6;17,39;15,86;15,58;15,27;13,67;7,7;9,86;13,3;10,27;8,45;11,17;6,92;droit_et_sciences_politiques
12,19;11,25;16,04;11,65;15,25;12,17;12,29;14,02;19,13;9,98;9,91;13,59;12,03;12,31;16,94;agronomie_et_environnement
19,03;13,68;12,4;11,68;10,33;10,53;15,26;14,92;8,62;17,99;13,32;10,92;10,69;20,0;6,48;sciences_actuarielles_et_statistiques
12,86;8,26;9,67;15,94;16,82;10,31;16,33;14,38;9,69;9,99;15,83;13,47;8,67;14,08;7,21;economie_et_gestion
9,9;9,12;9,09;16,33;13,08;16,51;12,37;15,55;14,52;11,44;8,72;17,15;12,81;12,0;10,36;psychologie_et_sciences_de_l_education
16,89;10,81;10,95;11,54;14,73;8,94;17,95;16,17;12,78;12,84;16,75;11,87;6,01;16,62;12,03;finance_comptabilite_et_audit
17,73;14,42;10,25;14,48;9,19;9,86;15,32;14,71;6,11;20,0;12,64;10,1;9,29;18,48;8,36;cybersecurite_et_reseaux
11,23;11,49;9,6;12,97;12,68;9,62;10,16;13,37;12,3;7,77;9,12;20,0;7,96;9,95;12,27;sport_et_sciences_du_mouvement
7,35;5,86;9,33;17,53;16,92;17,5;13,34;15,0;11,08;9,5;12,82;11,77;9,54;10,44;10,96;sciences_sociales_et_sociologie
17,55;12,57;10,64;10,94;13,12;10,78;14,53;17,33;9,55;15,88;14,95;10,18;6,31;16,77;6,55;sciences_actuarielles_et_statistiques
16,35;20,0;13,95;11,59;12,95;9,67;14,23;15,51;12,25;11,05;7,79;12,02;15,57;16,09;10,49;genie_mecanique_et_industriel
8,71;12,16;10,89;10,52;12,38;6,97;8,73;12,91;15,59;8,12;10,95;19,0;8,18;9,2;15,43;sport_et_sciences_du_mouvement
12,1;12,71;10,85;13,78;13,14;11,31;12,28;12,94;11,71;9,14;11,76;16,03;14,23;12,61;4,86;urbanisme_et_amenagement_du_territoire
17,85;15,56;16,52;9,45;11,7;15,35;18,28;17,93;9,35;16,08;12,84;9,75;12,89;17,21;8,99;informatique_administration_reseaux_et_ia
8,8;8,32;9,62;15,81;12,32;13,88;17,95;17,88;17,19;8,7;10,97;13,57;8,71;11,15;14,01;psychologie_et_sciences_de_l_education
18,45;12,76;9,48;9,14;10,22;8,62;15,53;14,12;11,29;20,0;11,0;9,91;9,81;16,85;10,35;cybersecurite_et_reseaux
16,43;17,25;10,77;12,4;10,46;10,74;14,05;17,51;11,1;19,13;11,41;9,09;8,23;17,56;10,01;science_des_donnees_et_intelligence_artificielle
19,56;13,47;12,32;9,69;10,16;5,78;15,83;14,23;11,88;15,44;12,62;11,49;6,86;20,0;8,28;sciences_actuarielles_et_statistiques
13,0;14,29;10,97;12,04;11,49;13,97;17,01;14,14;9,66;9,73;10,5;10,04;18,01;11,06;7,4;architecture_et_design_interieur
6,01;7,75;6,84;17,91;12,13;11,73;18,21;10,15;10,25;7,22;9,47;14,85;9,55;7,59;8,59;langues_et_communication
14,86;16,22;11,94;11,26;15,79;11,86;13,57;14,2;8,66;14,63;11,26;12,84;18,99;14,4;8,32;urbanisme_et_amenagement_du_territoire
12,92;16,52;19,76;13,59;12,91;13,21;12,41;13,23;18,03;10,46;8,42;14,68;10,08;9,76;17,73;medecine_et_sante
16,85;10,37;10,78;13,81;14,39;10,94;19,37;11,5;7,98;10,96;17,9;14,5;11,35;11,03;10,47;commerce_international_et_logistique
14,87;13,29;17,22;14,42;7,82;13,12;12,91;13,68;17,9;13,17;8,86;11,23;7,67;10,87;17,48;biotechnologie_et_sciences_pharmaceutiques
16,16;15,21;10,31;13,24;13,22;10,42;13,23;15,68;8,47;13,16;8,84;13,15;17,33;9,94;8,18;architecture_et_design_interieur
14,27;11,19;11,4;11,53;14,9;11,78;10,97;15,07;8,97;10,68;13,29;8,72;19,4;13,7;8,89;urbanisme_et_amenagement_du_territoire
11,7;10,75;13,33;10,08;10,75;7,86;14,46;15,4;17,17;7,99;11,51;17,25;4,45;13,36;20,0;agronomie_et_environnement
11,17;14,25;9,92;11,39;10,85;9,17;11,17;11,19;13,86;8,95;8,09;19,7;10,66;11,13;9,79;sport_et_sciences_du_mouvement
15,53;19,46;13,71;11,1;11,02;9,74;17,43;9,57;6,83;12,38;8,44;13,06;14,53;11,87;5,09;genie_mecanique_et_industriel
11,32;12,68;12,65;12,15;10,89;10,45;10,22;11,44;13,14;10,38;8,58;17,41;7,76;10,13;12,01;sport_et_sciences_du_mouvement
3,22;8,75;10,13;16,34;16,03;15,93;12,45;13,9;6,48;9,01;9,09;12,89;8,31;7,23;7,44;droit_et_sciences_politiques
17,4;15,9;11,93;12,21;12,39;7,24;16,15;15,29;9,77;18,91;11,02;10,42;9,33;18,2;8,77;science_des_donnees_et_intelligence_artificielle
16,49;18,34;13,72;8,25;10,7;10,12;11,09;16,5;10,43;14,9;8,99;14,64;17,17;11,11;6,63;genie_mecanique_et_industriel
8,14;8,48;8,25;16,64;12,6;12,55;17,99;10,53;9,25;10,09;7,13;14,15;10,37;8,52;8,09;langues_et_communication
7,58;14,9;10,69;12,58;10,56;9,62;15,56;13,58;13,69;7,96;7,83;19,65;9,34;7,13;12,67;sport_et_sciences_du_mouvement
15,69;13,98;7,4;10,98;15,73;12,42;16,76;16,99;10,18;9,87;6,08;13,09;18,25;9,59;9,38;architecture_et_design_interieur
5,03;11,11;11,56;17,14;16,39;17,93;16,04;14,17;13,08;7,64;11,72;10,98;9,63;11,67;12,51;sciences_sociales_et_sociologie
9,3;8,41;9,66;17,14;14,43;13,99;19,23;11,32;8,71;9,88;8,18;12,07;7,08;6,08;10,87;traduction_et_interpretariat
14,3;14,87;17,02;8,68;12,8;12,6;12,24;11,98;17,17;11,41;6,61;11,12;9,47;11,46;17,27;medecine_et_sante
15,6;16,21;13,64;8,88;9,64;10,88;14,57;16,07;10,89;10,41;10,05;11,36;18,31;16,65;9,53;architecture_et_design_interieur
12,76;5,24;10,53;17,49;12,97;15,03;18,38;13,86;8,08;13,19;13,29;11,47;13,54;8,26;8,17;journalisme_et_medias
15,84;10,45;12,37;15,28;17,13;11,8;15,56;15,03;10,3;13,37;16,66;10,74;10,54;17,72;10,03;economie_et_gestion
14,6;17,37;14,56;11,94;11,29;9,6;11,36;16,21;10,45;14,11;12,42;14,17;14,79;11,25;6,39;genie_civil_et_construction
18,81;11,67;10,7;12,83;10,33;12,83;13,58;16,59;11,64;19,09;10,9;9,22;11,72;18,28;9,74;science_des_donnees_et_intelligence_artificielle
16,61;16,95;9,12;13,15;11,19;8,75;13,4;14,03;9,38;13,18;10,13;8,42;17,66;9,67;7,42;architecture_et_design_interieur
16,02;11,09;12,56;15,52;17,54;12,05;16,87;14,78;8,92;11,55;15,82;14,45;10,71;14,6;8,31;commerce_international_et_logistique
15,89;8,97;10,61;14,07;14,29;12,18;18,3;15,24;9,5;11,99;17,68;15,44;7,3;14,73;8,62;commerce_international_et_logistique
15,21;16,17;11,18;13,38;9,24;11,3;13,85;13,33;9,69;12,72;6,51;10,77;19,91;10,89;9,19;architecture_et_design_interieur
14,29;15,15;10,3;13,15;10,75;11,97;13,88;13,47;13,09;10,42;7,01;9,7;20,0;10,96;8,16;architecture_et_design_interieur
16,46;17,44;18,09;4,11;15,31;6,31;14,48;8,97;15,75;12,82;8,07;13,14;8,79;16,79;17,15;biotechnologie_et_sciences_pharmaceutiques
19,54;19,12;13,41;10,32;12,4;9,31;12,99;12,66;12,16;12,57;11,98;6,19;17,76;16,99;9,09;genie_mecanique_et_industriel
14,0;17,8;12,52;13,61;10,57;10,21;13,49;17,32;2,63;20,0;11,07;13,56;11,52;15,75;5,63;cybersecurite_et_reseaux
11,3;9,38;8,19;14,6;15,69;14,99;14,3;14,34;13,98;6,68;12,96;11,13;9,53;7,67;8,78;sciences_sociales_et_sociologie
16,46;14,01;10,82;14,43;8,43;10,24;15,27;16,5;7,96;19,97;11,28;12,3;8,69;17,74;5,02;cybersecurite_et_reseaux
10,72;6,0;11,06;18,99;16,21;13,34;15,96;14,52;11,22;13,18;15,3;11,99;7,69;10,05;8,13;tourisme_et_hotellerie
16,45;19,68;13,47;10,17;7,66;7,3;11,55;18,43;8,51;14,28;12,98;10,3;13,77;12,45;6,61;genie_electrique_et_electronique
12,77;8,02;10,66;17,09;15,45;13,96;18,54;10,29;7,97;11,64;10,95;11,87;9,11;9,45;5,71;traduction_et_interpretariat
17,31;18,82;11,28;12,91;12,22;11,61;14,83;14,66;12,7;18,77;12,11;11,99;8,5;19,81;11,69;science_des_donnees_et_intelligence_artificielle
15,49;11,44;11,9;11,21;14,56;11,62;17,16;14,39;10,86;11,27;17,59;10,5;7,48;15,03;11,72;economie_et_gestion
13,33;15,34;14,32;13,93;8,54;11,52;14,08;15,66;18,06;12,7;12,45;15,57;8,79;12,05;17,85;sciences_veterinaires
16,93;19,59;8,54;10,03;8,1;9,44;18,52;15,18;9,22;16,74;6,15;10,74;11,84;16,05;7,8;genie_electrique_et_electronique
15,23;13,6;11,81;14,0;17,37;10,21;17,51;16,14;13,58;14,11;17,87;11,79;12,23;12,38;8,44;commerce_international_et_logistique
16,69;15,34;11,28;12,51;10,81;11,54;15,11;14,52;9,95;12,91;8,22;11,11;20,0;14,47;6,44;architecture_et_design_interieur
9,83;6,78;10,84;20,0;16,61;15,09;15,4;13,61;3,48;10,44;13,28;12,12;12,37;10,61;8,16;journalisme_et_medias
10,71;16,01;19,02;12,08;11,82;13,59;15,37;13,43;17,85;9,02;9,54;5,26;5,58;7,89;19,18;biotechnologie_et_sciences_pharmaceutiques
9,52;9,89;12,97;13,44;13,32;17,96;14,18;17,64;14,88;8,03;10,08;10,9;9,86;14,45;14,21;psychologie_et_sciences_de_l_education
13,83;13,22;13,47;17,3;15,41;11,34;18,04;16,33;12,73;13,9;15,55;14,72;9,93;15,83;10,43;commerce_international_et_logistique
16,41;17,04;12,08;11,78;12,71;8,76;11,3;15,88;8,35;12,98;9,12;8,67;16,44;10,6;9,61;architecture_et_design_interieur
18,72;11,49;12,18;10,91;9,21;5,0;16,29;13,46;10,51;16,71;12,84;9,79;8,05;19,19;6,57;sciences_actuarielles_et_statistiques
14,04;17,03;20,0;14,56;9,65;14,11;14,02;14,55;17,15;10,91;8,33;11,73;9,84;11,77;18,97;medecine_et_sante
9,94;7,31;8,93;16,48;16,93;17,45;16,75;9,89;9,73;10,88;15,83;11,7;9,86;8,93;7,84;droit_et_sciences_politiques
17,04;13,23;12,14;10,76;13,35;10,51;14,36;16,55;12,03;11,4;15,62;10,06;3,3;15,08;11,12;finance_comptabilite_et_audit
12,23;12,73;10,8;11,76;15,42;12,0;11,05;15,4;11,81;12,07;14,4;13,21;15,89;10,34;11,21;urbanisme_et_amenagement_du_territoire
11,33;13,18;15,26;12,39;14,01;10,11;14,47;15,21;17,94;10,49;8,06;14,75;11,86;8,75;19,92;agronomie_et_environnement
7,56;10,7;11,59;14,19;9,4;15,95;16,23;16,66;13,97;9,34;5,2;14,58;8,4;13,52;12,58;psychologie_et_sciences_de_l_education
4,84;5,64;6,73;14,75;11,67;12,27;17,8;12,66;7,73;7,45;8,23;15,07;6,37;4,1;10,55;langues_et_communication
19,14;17,84;11,69;11,88;7,99;9,23;15,07;16,09;9,48;19,65;11,27;12,36;8,25;17,98;8,46;science_des_donnees_et_intelligence_artificielle
15,66;9,56;9,84;15,77;5,95;12,65;12,69;16,69;6,72;18,2;10,19;8,36;11,12;15,51;6,79;cybersecurite_et_reseaux
10,5;17,52;19,88;13,65;11,97;11,61;11,1;11,44;17,35;6,54;10,31;16,4;4,84;9,67;19,52;pharmacie
13,24;11,32;11,98;14,21;18,17;13,51;12,25;11,87;11,47;11,1;15,13;12,38;12,37;15,99;7,52;economie_et_gestion
19,73;13,61;9,65;10,99;10,41;11,84;15,02;18,72;9,72;20,0;12,06;10,04;11,29;17,74;9,8;science_des_donnees_et_intelligence_artificielle
8,71;7,4;10,05;16,56;17,92;14,78;16,66;15,64;11,45;11,47;7,22;10,38;10,69;10,54;7,84;journalisme_et_medias
18,57;15,2;10,58;12,03;11,6;11,24;13,79;18,48;11,98;19,74;9,23;11,13;9,3;17,88;10,34;science_des_donnees_et_intelligence_artificielle
15,44;12,35;15,18;12,19;13,22;13,8;15,37;13,35;16,45;9,37;10,88;11,64;13,76;9,39;17,8;agronomie_et_environnement
16,88;13,83;10,48;13,2;10,18;12,67;11,5;14,89;12,9;12,04;8,01;11,57;19,98;15,15;9,15;architecture_et_design_interieur
10,29;13,05;13,49;15,15;6,3;13,46;14,64;15,29;19,57;8,61;7,5;12,37;9,15;10,73;18,93;sciences_veterinaires
12,47;12,76;16,13;13,94;8,65;13,31;15,33;15,6;17,1;12,05;10,55;12,34;9,74;8,21;16,76;agronomie_et_environnement
16,11;13,0;18,41;11,32;8,81;9,71;14,34;13,43;19,31;11,05;6,11;10,43;10,38;13,19;19,16;pharmacie
15,22;17,26;17,77;10,27;11,25;12,78;13,44;10,96;18,54;11,68;7,86;12,96;10,25;13,3;16,61;medecine_et_sante
10,12;8,58;11,28;16,04;18,99;15,6;18,04;13,23;12,69;8,01;13,35;11,35;11,38;11,17;10,93;droit_et_sciences_politiques
16,19;13,0;14,93;12,91;8,45;12,66;11,76;12,49;18,3;11,99;12,07;18,35;10,09;12,59;19,64;medecine_et_sante
11,43;8,69;8,12;16,5;15,93;9,53;15,23;14,0;10,17;10,19;15,94;15,97;7,36;11,99;7,58;tourisme_et_hotellerie
9,46;6,39;11,22;15,49;14,36;15,99;13,23;10,18;9,01;11,23;16,71;13,57;11,09;8,31;11,31;droit_et_sciences_politiques
14,07;19,52;16,89;13,81;10,9;9,81;18,49;16,58;9,17;19,45;11,37;11,0;12,09;17,38;8,16;informatique_administration_reseaux_et_ia
8,47;4,8;4,07;17,64;15,22;14,76;16,88;11,63;6,78;6,2;8,45;11,45;6,63;9,29;7,49;langues_et_communication
20,0;12,68;13,81;11,18;13,09;10,96;13,83;13,18;7,83;12,71;15,86;8,63;6,88;20,0;8,53;sciences_actuarielles_et_statistiques
10,63;9,67;8,21;14,8;13,99;13,81;15,37;17,77;14,8;9,28;11,18;11,7;6,77;11,96;13,06;psychologie_et_sciences_de_l_education
10,72;10,16;11,37;16,06;18,36;16,59;19,56;8,72;9,64;11,07;10,47;11,58;9,74;12,11;8,83;droit_et_sciences_politiques
12,57;11,38;15,24;12,33;10,14;9,45;14,67;12,92;17,97;8,25;10,02;14,33;9,35;11,49;15,39;sciences_veterinaires
7,41;10,99;11,64;13,84;11,59;15,19;11,35;13,52;15,7;7,77;8,87;20,0;6,61;6,94;13,81;sport_et_sciences_du_mouvement
17,15;13,56;13,16;16,21;18,39;10,04;19,61;13,36;10,33;14,54;16,96;13,13;9,27;15,14;5,03;commerce_international_et_logistique
13,48;16,81;11,7;14,13;15,44;9,61;10,42;13,53;10,36;14,2;10,8;15,58;14,55;13,93;6,7;urbanisme_et_amenagement_du_territoire
16,79;9,25;10,76;10,2;14,48;11,12;13,15;15,66;10,9;13,29;15,85;10,5;9,25;18,37;8,18;finance_comptabilite_et_audit
12,26;16,94;20,0;8,71;13,74;9,68;9,21;13,1;18,13;12,63;9,52;8,92;10,72;10,67;19,32;biotechnologie_et_sciences_pharmaceutiques
12,91;20,0;20,0;12,35;12,44;9,94;13,49;14,12;16,2;14,24;7,83;6,76;9,98;11,37;14,97;pharmacie
14,78;17,95;10,32;7,63;9,47;7,14;16,57;17,93;11,49;20,0;9,45;12,25;9,69;17,02;8,63;cybersecurite_et_reseaux
5,76;10,08;11,81;18,17;18,28;15,7;16,86;14,09;6,64;12,37;10,1;11,16;12,26;8,49;7,8;journalisme_et_medias
13,09;15,05;11,04;15,38;14,69;11,8;10,65;11,65;10,21;12,16;13,53;11,45;16,48;10,79;4,78;urbanisme_et_amenagement_du_territoire
11,92;15,55;10,83;16,6;16,78;12,87;13,59;12,83;9,9;11,02;14,42;11,6;17,29;10,5;6,45;urbanisme_et_amenagement_du_territoire
7,23;4,33;9,11;19,11;11,45;12,18;15,15;11,67;2,82;10,19;6,86;16,79;10,79;7,86;2,42;langues_et_communication
12,24;12,7;15,84;13,65;11,49;12,33;11,98;11,86;18,89;7,99;9,88;14,64;9,25;12,21;15,59;sciences_veterinaires
14,59;10,88;10,85;14,91;16,49;11,52;16,62;13,79;9,6;12,03;16,75;10,4;7,44;15,33;10,85;commerce_international_et_logistique
12,64;19,2;10,96;12,36;7,97;8,61;16,38;17,89;6,32;19,77;10,12;14,53;9,7;11,15;5,69;cybersecurite_et_reseaux
17,37;12,98;12,6;12,84;13,54;8,03;15,92;12,64;9,36;13,14;17,47;7,93;4,54;14,42;9,84;finance_comptabilite_et_audit
10,78;10,72;10,03;14,79;13,98;11,54;12,0;11,16;11,75;9,48;13,55;14,05;13,45;12,0;8,99;urbanisme_et_amenagement_du_territoire
11,3;14,79;18,64;13,13;7,42;11,9;14,99;15,85;18,02;9,76;8,29;15,44;6,6;8,79;16,29;medecine_et_sante
14,26;15,06;16,43;13,82;14,39;9,53;10,88;12,03;17,22;10,48;10,91;17,15;9,68;12,13;18,3;agronomie_et_environnement
20,0;18,5;13,06;12,72;9,98;9,91;17,35;13,81;8,69;20,0;13,46;11,57;10,45;18,66;6,79;science_des_donnees_et_intelligence_artificielle
13,44;12,28;10,43;16,63;14,74;13,71;19,31;14,06;9,1;10,07;17,42;12,32;9,0;15,04;10,01;commerce_international_et_logistique
16,26;14,4;9,99;7,71;13,36;13,17;13,87;16,75;9,15;11,51;6,21;11,24;17,48;11,32;5,23;architecture_et_design_interieur
16,44;13,47;6,56;13,97;12,84;11,4;12,87;16,14;9,42;12,09;8,24;12,39;20,0;11,99;6,15;architecture_et_design_interieur
9,41;12,65;10,67;13,73;13,53;10,79;6,89;11,86;14,42;13,41;10,39;19,22;8,52;8,05;12,04;sport_et_sciences_du_mouvement
14,02;13,62;9,97;14,39;13,05;8,97;9,37;11,06;9,7;12,42;12,19;12,78;17,22;11,16;9,97;urbanisme_et_amenagement_du_territoire
9,35;6,55;9,21;15,36;18,46;17,62;13,32;14,44;12,56;10,86;11,95;15,06;7,57;11,34;9,21;sciences_sociales_et_sociologie
15,58;20,0;12,46;8,12;11,93;13,51;19,23;18,03;6,24;14,7;8,17;8,34;14,93;15,22;10,13;genie_electrique_et_electronique
15,22;15,44;17,73;9,61;12,37;11,04;15,17;12,16;16,3;12,38;8,01;14,59;8,69;14,96;18,06;biotechnologie_et_sciences_pharmaceutiques
14,71;9,76;11,77;13,92;16,41;10,58;17,37;15,71;9,88;12,09;13,38;13,36;11,38;17,63;5,07;commerce_international_et_logistique
8,26;5,57;10,28;20,0;16,42;16,92;13,74;10,16;9,62;10,17;12,16;13,98;6,83;5,55;9,68;droit_et_sciences_politiques
11,99;5,9;6,74;17,42;15,99;13,13;15,11;13,46;14,61;9,59;12,54;11,03;7,58;15,76;13,55;sciences_sociales_et_sociologie
6,87;9,59;13,93;14,57;11,36;17,27;17,27;15,84;16,79;7,46;9,75;14,71;9,34;11,08;12,31;psychologie_et_sciences_de_l_education
14,17;13,88;16,74;13,58;14,53;12,64;13,98;14,04;18,34;13,77;10,8;13,39;8,39;13,07;17,03;agronomie_et_environnement
17,62;9,3;10,35;10,12;12,79;9,48;14,86;15,76;12,19;16,39;19,23;11,75;5,3;16,9;10,08;finance_comptabilite_et_audit
5,65;6,41;7,08;19,0;13,52;14,08;17,78;13,03;7,29;11,93;7,74;12,55;7,3;3,68;6,94;traduction_et_interpretariat
19,17;16,72;14,81;13,84;14,04;7,18;13,46;15,64;10,9;16,06;12,65;9,85;9,1;18,27;9,25;sciences_actuarielles_et_statistiques
19,21;14,74;12,59;13,23;9,01;4,04;14,72;14,72;11,35;18,45;14,97;12,94;6,76;17,7;9,57;sciences_actuarielles_et_statistiques
12,51;12,16;10,56;15,54;13,82;10,38;11,09;11,98;11,52;10,48;10,15;11,69;17,78;10,42;14,42;urbanisme_et_amenagement_du_territoire
8,35;8,7;9,18;17,95;13,62;17,77;13,31;12,47;8,74;9,94;15,59;8,29;7,75;10,0;9,35;droit_et_sciences_politiques
10,77;8,74;9,5;18,51;14,93;17,1;16,08;13,37;7,7;10,49;12,73;9,65;10,99;9,77;11,28;journalisme_et_medias
17,23;10,2;13,62;15,2;13,98;9,08;13,3;17,84;9,31;14,75;11,41;11,61;10,45;19,39;6,28;sciences_actuarielles_et_statistiques
14,02;10,93;12,07;14,27;16,6;11,44;16,28;14,18;11,31;8,76;17,56;14,12;6,23;12,62;11,4;economie_et_gestion
11,54;14,71;14,27;12,35;8,45;11,55;15,91;13,89;19,18;10,86;10,32;17,09;7,99;9,87;15,8;sciences_veterinaires
10,61;17,12;18,34;12,49;8,44;10,41;16,06;14,2;15,27;8,92;8,05;12,81;5,51;12,9;17,87;pharmacie
14,16;10,26;9,79;16,62;16,06;19,03;15,26;13,23;10,94;11,08;11,04;16,21;11,24;11,36;10,13;journalisme_et_medias
16,31;11,26;15,27;13,93;14,67;13,77;16,05;14,85;7,62;11,42;16,84;12,91;8,91;16,25;5,52;finance_comptabilite_et_audit
15,99;19,86;14,57;12,58;10,83;9,4;13,43;14,67;13,02;14,06;9,58;8,34;14,89;13,33;11,15;genie_civil_et_construction
15,15;16,04;10,83;9,87;17,86;13,83;19,78;14,1;5,95;12,59;13,08;9,17;16,55;13,41;4,55;urbanisme_et_amenagement_du_territoire
10,34;13,17;12,76;15,6;7,95;11,13;16,09;14,57;19,26;6,63;9,29;12,66;10,9;9,24;17,32;sciences_veterinaires
16,5;20,0;14,37;13,94;8,93;10,02;14,18;12,8;13,67;14,02;10,49;11,22;15,95;14,19;13,0;genie_civil_et_construction
16,96;15,02;11,77;13,94;9,3;10,68;14,11;12,77;10,12;12,63;10,4;9,6;17,81;12,83;5,54;architecture_et_design_interieur
16,98;16,35;9,23;15,8;12,75;7,4;11,99;13,94;10,07;11,98;5,84;10,46;18,84;13,01;7,62;architecture_et_design_interieur
18,8;15,44;12,3;12,3;13,32;7,85;11,98;15,34;8,64;16,64;14,74;9,06;8,98;20,0;6,68;sciences_actuarielles_et_statistiques
17,2;12,76;11,81;14,0;18,5;12,48;14,59;16,98;8,97;8,62;17,77;10,95;7,46;18,7;9,37;economie_et_gestion
12,24;11,57;16,25;12,67;11,61;12,94;16,4;11,03;14,01;8,93;11,79;16,39;10,62;10,77;16,9;agronomie_et_environnement
16,38;9,94;11,71;18,61;11,36;8,68;15,98;17,89;8,6;11,81;17,11;11,56;8,59;18,69;7,64;finance_comptabilite_et_audit
17,26;14,7;14,43;10,27;10,78;6,49;12,82;15,07;8,42;14,47;17,04;7,56;10,59;19,7;6,43;sciences_actuarielles_et_statistiques
9,46;10,11;7,56;16,84;19,34;15,42;14,62;17,08;11,93;7,86;12,33;13,21;7,71;13,35;9,35;sciences_sociales_et_sociologie
11,39;7,42;9,22;15,83;17,32;10,37;16,8;11,67;13,43;10,39;11,94;18,3;10,06;10,41;5,68;tourisme_et_hotellerie
13,86;17,88;19,68;13,22;11,04;12,34;12,67;13,09;16,79;7,16;12,89;16,17;10,39;14,31;20,0;pharmacie
15,22;17,5;20,0;10,65;15,95;12,03;12,53;12,91;17,52;9,44;9,99;11,24;7,8;11,45;18,86;medecine_et_sante
13,83;11,0;17,27;10,61;10,94;7,38;17,24;13,49;18,4;10,44;7,86;10,04;10,38;15,35;17,98;pharmacie
12,7;11,01;11,22;15,59;13,59;12,45;12,29;11,8;7,57;10,23;12,86;7,66;16,34;11,65;7,95;urbanisme_et_amenagement_du_territoire
16,63;16,84;15,68;12,67;10,19;8,29;14,65;16,57;8,57;18,49;10,66;13,02;12,93;15,01;8,47;informatique_administration_reseaux_et_ia
8,68;8,01;10,27;17,05;17,6;15,46;17,2;15,86;9,84;13,52;11,43;12,73;9,58;8,07;10,01;journalisme_et_medias
13,27;17,0;19,39;12,95;11,82;10,78;15,39;14,15;19,61;10,48;9,11;11,81;9,03;11,24;18,81;medecine_et_sante
11,4;14,04;19,23;14,55;11,44;13,21;11,83;11,64;17,91;10,15;12,25;10,93;9,93;9,86;16,47;agronomie_et_environnement
17,56;16,34;12,23;11,57;10,3;12,12;15,23;14,02;9,85;19,33;9,67;14,18;13,02;18,98;10,08;science_des_donnees_et_intelligence_artificielle
16,62;12,71;13,22;13,6;13,6;10,42;15,09;14,41;8,05;15,67;18,75;12,41;4,9;17,7;7,51;finance_comptabilite_et_audit
13,96;11,2;17,06;12,28;16,25;8,3;13,68;12,85;14,45;10,4;11,46;17,26;9,43;9,18;14,27;agronomie_et_environnement
14,11;15,57;15,57;13,73;12,1;9,6;14,48;10,6;12,54;8,26;13,41;15,1;10,19;12,16;16,33;agronomie_et_environnement
15,22;13,59;14,78;10,34;11,77;10,05;12,87;12,01;17,71;10,99;7,96;14,06;11,85;12,5;16,97;sciences_veterinaires
19,69;19,92;10,08;11,45;8,38;7,21;13,18;17,78;9,48;19,85;14,47;8,93;9,18;18,46;10,21;science_des_donnees_et_intelligence_artificielle
13,47;12,39;10,15;12,76;12,89;11,52;13,39;11,9;7,82;11,87;13,04;11,68;18,74;11,68;8,3;urbanisme_et_amenagement_du_territoire
10,15;9,66;7,96;14,18;9,81;10,29;10,51;15,81;11,91;6,94;8,44;16,69;8,76;9,05;12,12;sport_et_sciences_du_mouvement
13,39;12,57;12,72;11,68;5,96;12,4;14,44;14,2;19,07;13,87;12,37;14,53;8,17;10,99;18,21;sciences_veterinaires
11,75;12,05;11,66;14,24;18,26;14,29;12,3;13,76;12,14;12,58;11,39;12,64;11,17;11,68;10,26;sciences_sociales_et_sociologie
12,32;12,81;11,25;13,52;7,32;14,27;13,69;12,23;20,0;8,68;9,58;8,94;9,12;11,52;17,18;sciences_veterinaires
7,76;7,94;8,26;16,57;12,36;12,5;18,13;11,64;8,01;11,37;7,57;14,46;8,24;5,99;7,8;traduction_et_interpretariat
14,86;11,67;15,63;13,21;14,18;9,03;13,79;15,92;15,42;9,88;11,61;16,74;9,05;9,06;16,19;agronomie_et_environnement
16,57;9,63;11,05;16,3;15,82;7,24;13,59;14,32;11,0;13,79;17,98;11,2;9,47;16,0;8,59;economie_et_gestion
6,16;7,75;8,83;19,6;13,51;13,97;18,35;10,25;4,91;7,7;3,76;16,11;6,43;5,99;7,16;traduction_et_interpretariat
9,2;8,28;9,33;16,12;17,25;14,45;17,03;12,28;8,99;8,93;13,22;15,77;9,34;8,3;5,59;droit_et_sciences_politiques
9,65;17,97;14,67;14,46;10,91;12,15;10,17;14,55;19,7;8,72;8,19;16,02;6,97;7,98;17,46;sciences_veterinaires
7,01;7,84;9,38;16,76;14,36;13,98;17,1;9,24;10,7;9,28;6,53;10,84;7,42;8,37;12,11;langues_et_communication
17,45;20,0;13,53;14,36;8,78;9,02;10,99;14,25;11,94;14,44;6,59;8,71;20,0;13,22;8,88;genie_mecanique_et_industriel
17,86;11,4;14,3;12,44;10,53;12,72;16,02;15,65;9,8;13,9;19,96;11,13;9,06;16,83;9,03;finance_comptabilite_et_audit
19,22;18,34;9,29;12,79;8,39;16,28;15,86;14,0;16,79;18,28;11,81;11,63;7,82;19,58;11,07;science_des_donnees_et_intelligence_artificielle
13,22;13,98;16,95;15,33;12,78;11,69;14,37;12,63;13,22;6,52;9,62;17,94;7,81;10,25;16,52;agronomie_et_environnement
17,71;15,04;11,29;13,55;3,88;9,41;13,38;15,45;13,98;15,69;10,11;11,44;11,92;19,24;11,15;informatique_administration_reseaux_et_ia
12,09;14,59;19,94;11,98;12,3;14,69;15,99;15,31;16,71;11,8;14,15;11,87;4,89;16,05;18,75;biotechnologie_et_sciences_pharmaceutiques
11,4;13,47;11,77;11,68;13,54;10,95;10,88;16,57;15,92;9,05;7,17;17,93;6,02;10,3;11,19;sport_et_sciences_du_mouvement
13,48;12,17;8,44;12,57;14,08;9,61;11,3;15,09;13,94;10,58;6,48;16,67;10,81;11,13;13,46;sport_et_sciences_du_mouvement
17,83;15,94;11,08;10,19;10,18;13,83;18,69;14,88;8,03;19,59;10,82;13,42;10,16;18,79;7,4;science_des_donnees_et_intelligence_artificielle
13,66;10,35;14,4;9,42;11,39;9,91;10,98;12,67;18,38;11,04;8,8;14,33;6,44;11,43;18,09;sciences_veterinaires
19,48;14,25;9,42;12,36;11,52;10,93;16,03;16,44;8,61;19,93;11,92;8,76;9,95;18,14;8,75;science_des_donnees_et_intelligence_artificielle
9,71;8,42;10,49;15,53;10,94;16,95;15,2;18,88;16,14;7,26;9,76;15,57;12,03;11,63;9,6;psychologie_et_sciences_de_l_education
13,95;15,44;10,12;8,58;10,46;10,44;11,87;17,32;13,4;14,27;7,32;14,77;13,38;12,02;10,03;genie_civil_et_construction
18,23;13,3;12,94;12,59;9,85;8,88;12,47;17,26;7,11;19,37;14,08;10,36;10,75;17,99;7,18;science_des_donnees_et_intelligence_artificielle
13,96;11,22;7,39;9,92;14,69;10,65;17,22;13,07;7,22;14,03;13,16;12,36;16,1;9,28;8,84;urbanisme_et_amenagement_du_territoire
12,45;10,6;10,55;13,0;17,27;13,46;16,6;14,78;12,7;9,83;16,02;11,02;5,44;16,19;11,2;commerce_international_et_logistique
19,14;14,67;12,89;11,07;10,07;8,87;16,26;13,78;9,3;14,11;15,28;9,97;7,84;19,63;5,55;sciences_actuarielles_et_statistiques
17,18;18,23;12,82;13,87;13,6;9,34;14,06;15,15;12,48;12,51;9,6;12,09;14,02;12,79;9,26;genie_civil_et_construction
13,28;11,11;9,89;9,7;15,62;10,59;17,61;13,45;14,95;11,12;11,49;17,4;9,21;11,98;16,02;sport_et_sciences_du_mouvement
6,85;9,86;11,34;15,4;16,14;15,99;11,99;18,54;13,41;7,3;7,87;10,36;4,88;7,84;10,88;psychologie_et_sciences_de_l_education
14,08;11,7;10,6;12,02;12,94;11,85;17,28;17,71;12,85;8,12;13,49;19,78;7,48;11,96;14,18;sport_et_sciences_du_mouvement
15,72;15,72;17,9;10,5;9,72;11,05;11,85;12,98;18,28;10,69;9,84;14,16;11,76;16,1;19,38;biotechnologie_et_sciences_pharmaceutiques
12,81;9,35;10,8;13,96;17,36;15,99;18,4;14,95;10,02;10,01;14,51;11,94;8,43;16,07;7,22;commerce_international_et_logistique
5,19;7,24;5,51;17,61;11,63;12,62;18,64;8,1;9,27;10,18;9,48;13,3;9,02;8,57;10,13;langues_et_communication
2,58;5,87;5,24;17,11;11,44;11,47;19,33;9,44;11,24;6,21;8,95;9,24;7,94;5,38;10,9;langues_et_communication
8,39;9,48;11,84;16,94;18,37;20,0;12,96;15,64;14,94;8,33;10,23;12,49;5,0;9,66;8,49;sciences_sociales_et_sociologie
15,21;14,52;17,03;14,02;15,98;10,58;13,92;10,78;15,45;10,89;15,1;12,68;9,39;12,83;15,46;agronomie_et_environnement
17,81;7,74;12,4;16,61;11,44;11,18;14,62;15,09;11,53;10,24;19,92;12,25;11,35;15,24;7,89;economie_et_gestion
10,12;9,27;8,55;14,84;18,0;11,77;16,81;15,96;9,18;9,68;12,45;16,43;7,2;11,77;8,17;tourisme_et_hotellerie
5,44;8,13;9,45;17,23;14,57;14,37;16,47;10,84;9,48;7,44;5,46;14,6;12,16;8,16;9,18;langues_et_communication
14,11;12,09;17,46;10,47;10,44;10,96;12,37;11,42;16,21;10,96;7,04;16,32;9,58;12,33;17,08;medecine_et_sante
11,88;13,24;18,48;9,35;13,51;10,62;14,24;12,35;18,32;10,88;7,87;14,68;9,04;11,63;15,94;agronomie_et_environnement
10,57;15,54;14,95;14,9;14,44;9,09;14,05;14,94;18,9;11,11;10,76;16,74;8,75;6,9;15,97;sciences_veterinaires
9,73;6,97;9,48;14,83;17,63;11,91;18,63;12,09;10,61;6,83;7,4;9,47;10,79;9,83;8,0;langues_et_communication
18,66;13,64;9,29;10,49;8,84;15,8;14,84;15,11;10,44;19,46;11,11;11,15;10,89;20,0;8,52;science_des_donnees_et_intelligence_artificielle
17,21;19,09;12,66;11,5;14,34;6,7;14,9;13,82;9,65;13,28;10,3;11,67;17,47;13,67;10,1;genie_mecanique_et_industriel
15,8;8,12;7,17;14,29;17,11;15,73;13,0;15,81;4,89;11,95;16,71;11,76;10,81;13,6;5,3;economie_et_gestion
13,64;13,45;15,87;11,73;14,82;11,53;8,24;10,42;17,02;9,27;9,01;16,13;9,23;10,17;15,77;agronomie_et_environnement
11,26;11,87;14,81;13,48;11,12;15,14;13,89;17,21;18,18;10,6;14,82;16,48;6,67;9,41;20,0;agronomie_et_environnement
8,62;14,45;17,06;12,94;11,54;10,11;12,3;13,07;19,09;8,94;7,48;15,86;9,11;9,45;16,15;sciences_veterinaires
11,81;11,95;14,19;8,99;10,95;8,72;14,04;14,03;18,14;11,77;9,45;13,3;8,39;9,43;15,38;sciences_veterinaires
9,36;8,04;10,39;15,36;14,54;16,12;14,44;17,74;14,97;10,02;9,7;13,75;9,42;12,86;13,26;psychologie_et_sciences_de_l_education
11,62;5,67;10,34;11,87;16,2;14,1;18,22;15,15;11,62;9,85;12,32;10,76;6,7;12,9;11,88;commerce_international_et_logistique
16,2;15,78;20,0;10,39;14,98;10,26;14,73;12,04;18,81;12,8;10,63;13,41;8,46;15,14;16,79;medecine_et_sante
18,21;13,37;13,42;11,84;9,74;12,23;14,0;15,47;6,25;17,61;15,94;9,03;10,16;19,26;7,23;sciences_actuarielles_et_statistiques
13,39;9,62;13,56;9,57;15,71;12,49;16,33;11,52;11,91;10,84;18,53;13,38;9,55;16,28;8,43;economie_et_gestion
20,0;19,9;12,43;9,62;11,59;11,56;12,15;15,06;11,09;16,03;12,88;10,03;18,81;16,85;10,92;genie_electrique_et_electronique
10,75;10,57;9,05;14,28;15,61;13,59;17,63;10,73;6,62;8,57;5,28;13,73;8,18;11,94;6,98;traduction_et_interpretariat
16,17;12,91;16,32;14,01;15,42;10,57;11,55;11,76;15,01;10,96;13,28;14,77;10,28;11,6;16,01;agronomie_et_environnement
16,13;11,38;12,03;13,62;12,05;7,05;14,48;16,17;11,02;14,1;17,79;10,66;5,46;15,93;8,38;finance_comptabilite_et_audit
17,87;12,96;10,97;12,67;11,64;10,15;14,56;20,0;12,26;15,88;16,22;12,33;5,88;18,86;10,31;sciences_actuarielles_et_statistiques
9,95;10,92;11,79;18,46;16,25;13,6;16,42;10,48;9,39;11,74;11,51;14,66;10,0;7,92;7,1;tourisme_et_hotellerie
14,93;10,41;10,49;14,63;17,12;17,93;16,02;13,18;8,73;11,6;16,35;13,56;12,68;13,15;9,15;commerce_international_et_logistique
9,66;8,17;8,84;16,96;20,0;15,95;15,1;16,63;10,96;10,97;12,09;15,46;5,17;12,17;12,35;sciences_sociales_et_sociologie
12,96;15,25;18,02;10,98;10,9;8,02;14,21;11,89;15,31;9,96;7,53;7,02;5,7;13,32;17,62;pharmacie
15,76;16,59;19,39;11,64;12,03;10,87;13,24;13,36;18,38;13,32;9,73;14,82;8,38;13,97;20,0;medecine_et_sante
9,14;12,33;9,12;14,44;14,68;8,11;7,68;11,58;14,47;10,08;6,16;19,05;9,01;9,94;13,21;sport_et_sciences_du_mouvement
14,61;18,21;13,04;9,73;11,81;11,56;14,32;17,1;12,94;12,26;9,6;12,59;13,1;11,73;10,23;genie_civil_et_construction
11,9;15,98;18,61;12,71;12,77;13,12;14,49;11,65;17,52;7,94;9,14;14,09;5,68;9,96;18,84;medecine_et_sante
16,08;14,52;17,49;13,46;8,68;12,53;17,61;15,11;16,72;15,41;10,03;11,61;7,93;16,07;18,62;biotechnologie_et_sciences_pharmaceutiques
11,57;16,49;16,63;14,29;8,83;17,37;13,22;15,8;18,81;10,35;11,52;12,28;5,62;11,97;15,48;medecine_et_sante
17,28;17,9;14,02;12,51;11,88;11,12;10,53;14,61;9,52;11,34;13,75;16,18;20,0;11,81;10,91;genie_mecanique_et_industriel
17,03;18,83;11,22;9,82;13,9;8,0;14,3;17,34;13,1;13,5;7,26;16,34;16,44;16,58;8,88;genie_civil_et_construction
18,12;17,06;16,78;10,8;12,49;10,5;15,16;17,4;13,65;19,63;10,37;10,25;15,28;18,86;10,84;informatique_administration_reseaux_et_ia
16,25;11,41;12,56;13,34;16,44;12,66;18,56;12,19;9,45;12,92;17,62;11,55;10,57;14,46;8,63;commerce_international_et_logistique
13,98;16,44;15,89;15,49;11,61;18,24;12,42;10,2;15,61;11,16;11,61;15,56;12,41;11,51;16,38;agronomie_et_environnement
16,73;10,51;12,14;13,52;16,96;10,56;19,28;13,48;9,07;12,69;17,69;7,54;8,15;15,09;11,63;commerce_international_et_logistique
11,64;11,61;11,19;13,77;13,25;10,89;12,5;16,31;12,72;7,58;12,46;17,3;9,42;9,45;16,6;sport_et_sciences_du_mouvement
10,14;7,07;8,34;16,0;10,77;10,18;14,33;15,45;15,64;8,77;11,46;11,15;7,4;11,06;12,02;psychologie_et_sciences_de_l_education
15,75;19,71;14,99;11,4;10,78;10,03;11,99;16,76;12,97;12,44;10,5;15,42;20,0;11,09;7,48;genie_mecanique_et_industriel
11,26;12,32;14,1;14,95;6,86;11,35;14,07;13,74;20,0;7,81;10,14;10,96;10,55;12,1;16,07;sciences_veterinaires
19,68;13,56;14,1;8,3;10,76;10,01;16,6;11,63;8,0;13,27;14,25;13,88;7,51;18,51;7,81;sciences_actuarielles_et_statistiques
15,62;18,44;12,39;6,18;13,84;12,53;15,67;19,24;11,39;13,75;7,44;13,81;13,4;12,84;6,36;genie_civil_et_construction
14,55;13,94;17,5;8,61;13,34;8,99;13,06;8,8;17,96;10,28;8,83;14,03;9,64;14,78;19,38;biotechnologie_et_sciences_pharmaceutiques
16,44;12,71;13,69;14,07;11,28;11,46;14,63;14,65;7,75;12,52;17,23;7,25;12,55;15,27;8,25;finance_comptabilite_et_audit
15,62;13,76;17,92;12,38;10,12;10,66;16,93;12,85;17,52;9,76;13,41;12,95;5,7;13,21;18,34;pharmacie
9,11;6,27;11,11;14,99;11,47;13,49;15,62;17,2;15,81;10,4;8,94;13,53;9,06;9,59;10,82;psychologie_et_sciences_de_l_education
17,37;18,28;10,63;9,3;12,31;12,23;14,92;15,43;11,5;14,1;12,8;9,05;19,21;16,01;8,37;genie_civil_et_construction
11,73;15,6;20,0;11,5;11,55;10,88;15,85;11,52;17,11;12,54;13,3;13,55;6,67;9,47;18,47;pharmacie
11,11;11,44;9,93;11,93;12,72;9,03;9,63;17,35;14,99;8,35;8,97;17,71;10,43;10,84;14,51;sport_et_sciences_du_mouvement
12,46;14,65;18,06;12,07;14,66;14,48;13,33;11,67;17,28;9,05;11,55;12,56;8,4;10,44;17,34;medecine_et_sante
10,51;11,97;16,13;13,24;16,27;8,95;12,04;12,08;15,71;7,33;11,2;15,99;5,87;8,38;17,51;agronomie_et_environnement
16,98;10,72;13,14;11,46;14,78;12,17;15,64;12,76;12,77;14,41;17,43;10,43;12,47;17,75;9,15;economie_et_gestion
19,32;19,39;14,5;12,21;11,4;9,61;11,26;14,12;12,44;12,88;11,53;14,83;18,75;15,04;9,28;genie_mecanique_et_industriel
18,74;20,0;16,0;11,06;8,08;11,36;13,07;15,96;10,21;14,58;11,3;6,47;18,54;14,92;7,01;genie_mecanique_et_industriel
7,0;9,44;10,7;16,81;13,11;17,76;12,97;17,16;15,34;8,67;6,72;10,02;10,78;7,71;8,13;psychologie_et_sciences_de_l_education
12,75;14,29;18,56;10,79;10,92;13,51;12,22;10,56;18,98;11,07;7,5;12,96;9,46;10,48;16,26;medecine_et_sante
11,44;11,09;16,47;14,1;13,58;11,87;11,01;12,38;15,47;9,26;9,01;13,66;10,2;13,65;15,86;agronomie_et_environnement
10,67;9,55;10,53;16,4;15,91;18,02;11,84;15,28;13,92;11,42;11,62;13,34;9,98;12,21;10,19;sciences_sociales_et_sociologie
12,03;12,69;10,02;13,33;14,32;14,07;13,14;13,95;10,94;9,41;12,43;13,94;15,78;11,77;5,72;urbanisme_et_amenagement_du_territoire
10,16;8,19;10,08;16,57;13,15;12,34;18,48;13,11;11,67;11,42;8,4;12,98;10,53;10,67;7,21;langues_et_communication
14,23;16,09;20,0;14,83;7,52;14,79;9,58;13,25;16,98;8,82;11,28;15,43;5,05;13,0;17,8;pharmacie
15,84;18,51;13,33;10,2;12,67;8,2;12,97;14,13;9,27;13,38;10,45;10,39;17,94;12,02;10,54;genie_mecanique_et_industriel
13,34;15,59;19,41;9,45;12,87;10,46;14,94;14,43;18,48;8,4;12,04;5,69;6,0;11,19;17,45;biotechnologie_et_sciences_pharmaceutiques
14,38;11,73;15,01;12,73;10,96;12,67;10,67;12,48;17,97;10,87;12,18;13,79;6,55;8,72;14,66;sciences_veterinaires
16,26;18,6;12,99;13,39;12,06;7,86;10,31;15,73;11,59;10,38;8,68;14,26;16,4;14,49;6,69;genie_mecanique_et_industriel
9,64;6,36;10,06;16,9;16,35;17,82;15,15;11,47;7,75;12,14;9,87;13,82;9,73;10,19;13,16;journalisme_et_medias
8,0;6,99;12,01;15,17;16,29;16,03;15,21;16,3;14,81;8,38;9,53;13,28;9,13;9,95;14,02;psychologie_et_sciences_de_l_education
17,19;8,0;11,91;13,87;17,48;14,43;13,08;15,54;7,62;12,19;17,28;10,0;8,07;15,55;9,98;economie_et_gestion
15,69;17,36;8,64;9,25;11,85;11,81;13,13;18,59;12,68;12,8;8,3;13,68;16,2;10,47;9,28;genie_civil_et_construction
11,74;11,2;7,57;9,11;16,07;11,39;13,35;15,66;9,09;10,38;12,45;15,2;16,27;12,34;6,44;urbanisme_et_amenagement_du_territoire
16,99;16,67;10,12;10,5;10,49;10,04;16,66;20,0;9,97;18,94;10,87;10,34;6,89;18,9;7,56;science_des_donnees_et_intelligence_artificielle
15,64;12,31;13,11;13,9;17,16;12,01;12,48;14,11;10,56;12,64;19,0;9,46;12,34;17,04;8,22;economie_et_gestion
14,31;17,93;12,09;9,21;10,4;11,87;16,06;16,55;10,02;13,23;10,09;7,84;18,64;11,8;6,89;architecture_et_design_interieur
9,31;7,23;9,84;15,3;19,76;14,83;17,84;14,24;11,71;12,82;6,7;14,16;12,52;11,67;10,94;journalisme_et_medias
14,74;13,89;18,54;8,9;11,37;11,2;14,2;12,43;19,14;11,81;10,0;14,42;9,58;11,25;20,0;biotechnologie_et_sciences_pharmaceutiques
4,89;6,44;10,53;17,62;16,6;13,6;17,85;16,34;12,17;11,79;9,97;13,67;8,03;8,59;10,18;journalisme_et_medias
6,38;9,5;12,34;14,74;13,24;16,69;13,32;18,6;16,77;9,86;8,34;13,5;8,02;11,88;12,28;psychologie_et_sciences_de_l_education
14,17;13,72;19,52;12,94;10,35;10,61;14,11;14,17;19,17;11,18;9,14;11,13;9,95;11,89;20,0;pharmacie
7,92;6,61;11,92;14,42;14,27;12,45;16,22;11,95;9,84;12,84;11,47;13,18;11,17;7,23;7,07;langues_et_communication
12,23;6,99;10,05;13,74;18,17;12,02;15,74;14,26;10,74;9,81;13,4;14,2;8,8;13,01;10,74;commerce_international_et_logistique
11,08;6,73;6,27;14,29;13,53;12,77;19,44;12,09;9,15;10,86;9,26;15,52;9,61;9,64;6,92;traduction_et_interpretariat
15,37;13,81;10,76;11,88;14,55;10,93;12,6;14,91;6,96;13,41;12,46;9,32;17,05;14,41;7,19;urbanisme_et_amenagement_du_territoire
16,3;18,93;13,22;10,77;12,01;8,92;11,81;14,52;12,02;11,11;8,46;17,54;19,41;12,78;7,99;genie_mecanique_et_industriel
8,69;8,1;5,49;20,0;14,28;13,16;17,88;12,11;9,92;10,87;8,8;13,29;8,55;9,34;5,53;langues_et_communication
9,84;7,17;9,29;11,75;13,98;19,08;15,55;17,81;16,32;10,8;5,3;14,49;9,09;11,69;12,08;psychologie_et_sciences_de_l_education
3,54;6,05;7,47;17,29;12,51;12,35;17,43;9,33;7,09;12,33;7,02;13,03;7,8;5,8;8,35;langues_et_communication
14,56;14,33;18,6;7,0;12,39;7,37;11,08;9,52;17,2;9,8;9,32;11,76;9,21;15,84;18,3;biotechnologie_et_sciences_pharmaceutiques
15,68;6,53;12,89;13,22;15,11;14,75;15,42;16,05;9,97;14,62;17,61;15,11;12,13;14,87;6,85;economie_et_gestion
18,78;9,31;9,24;10,89;15,96;14,37;15,03;11,09;9,47;13,1;20,0;7,46;5,12;17,98;6,61;economie_et_gestion
11,95;8,61;6,58;17,75;13,17;15,86;17,8;12,43;8,5;12,17;9,14;14,16;8,31;7,22;3,65;traduction_et_interpretariat
11,04;10,62;11,75;17,26;16,01;12,91;17,65;15,56;8,88;12,39;13,06;15,32;12,2;7,38;9,95;tourisme_et_hotellerie
9,67;10,48;11,62;17,16;16,76;17,55;13,51;17,68;14,16;9,85;9,15;17,56;11,15;12,72;11,63;sciences_sociales_et_sociologie
20,0;20,0;11,69;12,7;11,0;8,5;12,23;12,47;8,81;18,85;8,95;10,29;18,0;14,46;6,22;genie_electrique_et_electronique
13,88;12,64;17,67;13,5;7,4;11,63;15,52;12,12;17,3;10,89;7,01;13,05;6,88;11,92;19,63;medecine_et_sante
13,45;15,27;10,91;10,71;13,26;10,37;10,69;13,86;8,08;13,45;11,03;12,39;15,02;14,79;6,46;urbanisme_et_amenagement_du_territoire
10,55;5,08;9,66;13,71;11,38;17,18;14,08;16,91;13,19;9,78;7,86;17,81;11,43;13,69;10,99;psychologie_et_sciences_de_l_education
17,76;16,33;13,02;9,03;10,85;6,11;13,81;16,74;8,42;20,0;12,09;12,12;11,69;18,23;8,51;cybersecurite_et_reseaux
10,25;6,94;9,69;18,96;15,8;14,91;18,22;9,86;8,05;9,97;9,15;10,61;7,88;7,91;6,87;traduction_et_interpretariat
15,38;8,17;12,28;11,72;12,98;11,4;17,01;15,68;8,36;13,47;15,63;12,04;5,85;11,66;9,23;economie_et_gestion
16,77;15,92;7,48;10,03;10,23;8,07;15,63;17,06;5,51;17,47;9,39;8,44;7,68;16,53;6,11;cybersecurite_et_reseaux
13,95;14,58;9,71;8,39;14,91;11,38;13,91;17,62;5,26;13,02;10,0;10,56;17,74;14,25;6,92;urbanisme_et_amenagement_du_territoire
14,59;16,52;13,11;10,64;8,32;11,72;17,84;18,8;10,27;17,29;10,54;14,04;8,44;15,86;9,76;informatique_administration_reseaux_et_ia
17,6;12,64;14,01;16,79;14,29;8,85;16,74;14,17;7,92;15,96;18,73;7,67;9,47;17,43;4,39;finance_comptabilite_et_audit
11,25;6,2;6,68;17,3;14,67;8,66;16,56;16,03;11,39;7,67;16,33;14,53;7,91;12,02;8,18;tourisme_et_hotellerie
9,79;17,4;20,0;15,82;7,88;14,35;14,82;15,4;20,0;10,85;8,13;12,13;10,72;10,33;17,34;pharmacie
8,9;10,61;9,47;18,3;18,0;11,97;16,68;13,79;14,66;10,78;14,26;16,22;9,2;11,36;12,72;tourisme_et_hotellerie
14,77;11,77;9,85;14,15;16,7;10,73;18,96;15,26;10,39;12,72;17,79;14,17;8,57;14,22;7,57;commerce_international_et_logistique
5,47;7,27;8,56;18,17;12,89;12,13;18,49;10,81;7,28;9,54;4,88;17,32;6,98;6,95;7,3;traduction_et_interpretariat
11,93;16,8;18,98;15,61;7,12;15,17;13,43;16,63;19,83;9,95;11,32;15,4;8,55;11,4;18,81;pharmacie
14,87;9,12;13,3;14,52;15,78;12,28;16,68;13,33;11,71;9,6;18,08;9,72;10,99;9,21;9,36;commerce_international_et_logistique
17,24;15,91;12,07;12,09;7,08;13,6;16,51;16,6;10,2;19,34;10,01;11,27;9,96;17,41;7,62;science_des_donnees_et_intelligence_artificielle
17,92;20,0;11,99;12,32;8,89;11,6;13,41;15,27;8,93;14,98;9,18;14,16;14,75;11,26;6,9;genie_electrique_et_electronique
13,64;11,47;14,01;15,72;17,66;10,55;15,26;10,45;9,39;12,72;12,58;16,91;10,55;10,12;8,31;tourisme_et_hotellerie
16,27;12,66;20,0;12,95;12,03;12,49;12,94;12,88;18,84;11,8;9,24;12,42;7,91;13,5;18,24;medecine_et_sante
9,22;3,2;8,17;16,21;16,3;15,57;14,15;15,98;12,83;7,07;13,47;7,85;6,53;13,24;7,6;sciences_sociales_et_sociologie
10,67;16,44;20,0;13,48;9,5;14,77;13,29;16,94;15,43;12,67;6,08;11,44;8,64;11,34;19,37;biotechnologie_et_sciences_pharmaceutiques
10,8;11,24;15,4;8,7;10,48;9,58;13,37;15,15;16,24;10,97;10,76;12,79;10,53;9,46;18,19;agronomie_et_environnement
10,28;15,41;10,61;12,68;14,72;15,6;11,67;14,72;11,05;9,7;12,41;13,75;16,72;12,04;5,8;urbanisme_et_amenagement_du_territoire
14,86;8,54;11,16;13,79;12,3;16,02;15,17;17,28;7,93;8,95;20,0;12,61;7,17;15,95;5,15;economie_et_gestion
7,7;8,86;8,89;16,8;12,7;13,3;19,52;14,84;10,62;6,51;8,84;13,58;9,28;8,46;10,86;traduction_et_interpretariat
16,5;13,13;8,86;14,42;6,63;5,54;11,06;16,78;9,73;20,0;9,43;10,64;12,29;16,56;9,72;cybersecurite_et_reseaux
19,16;17,25;14,72;13,31;11,09;7,99;11,7;18,63;14,92;18,87;14,68;11,06;13,13;18,81;11,75;science_des_donnees_et_intelligence_artificielle
19,42;15,48;13,43;12,4;10,67;8,15;14,47;13,64;8,26;14,49;16,09;10,25;10,41;20,0;7,58;sciences_actuarielles_et_statistiques
15,52;13,85;9,87;11,12;15,69;8,85;13,7;13,35;5,87;12,4;10,25;6,91;17,99;15,73;6,89;urbanisme_et_amenagement_du_territoire
12,47;16,47;18,86;13,17;7,78;11,55;14,58;15,58;15,19;9,57;8,09;15,02;5,3;12,63;18,65;pharmacie
15,31;20,0;14,04;12,56;14,17;10,1;16,12;13,85;17,12;12,94;10,2;10,97;19,46;14,75;13,69;genie_mecanique_et_industriel
10,62;11,11;9,95;15,06;12,4;15,63;13,42;19,06;13,45;8,51;7,3;15,47;10,72;7,38;15,34;sport_et_sciences_du_mouvement
13,39;7,46;10,7;13,17;12,16;11,42;19,78;14,41;8,51;10,18;15,34;8,71;8,76;14,51;7,64;commerce_international_et_logistique
17,51;15,03;10,29;10,96;13,06;11,7;12,67;16,11;11,45;13,18;8,45;11,94;17,46;13,89;10,6;architecture_et_design_interieur
18,45;17,92;14,19;12,03;11,56;12,33;14,35;12,38;14,17;12,92;12,54;8,97;19,35;14,11;12,16;genie_mecanique_et_industriel
14,49;18,69;12,67;11,69;10,55;11,6;15,16;15,37;9,52;12,95;10,4;9,96;15,48;14,66;5,85;genie_mecanique_et_industriel
17,24;10,46;5,42;11,68;5,05;11,47;9,19;14,09;12,94;19,16;9,45;9,61;9,1;13,78;10,19;cybersecurite_et_reseaux
15,84;14,27;10,38;8,79;5,66;6,25;9,88;15,54;9,23;19,34;8,04;10,13;7,76;15,97;8,61;cybersecurite_et_reseaux
8,36;7,98;11,21;16,14;17,36;10,86;16,92;12,93;8,83;7,24;14,7;14,41;10,28;11,99;7,66;tourisme_et_hotellerie
18,73;15,13;12,17;10,17;13,47;8,86;11,53;16,96;7,29;20,0;12,79;8,39;6,98;16,6;6,61;cybersecurite_et_reseaux
7,52;7,85;8,35;15,41;15,01;15,55;18,13;16,26;11,43;12,15;8,98;13,6;9,8;8,01;9,14;journalisme_et_medias
13,99;13,69;20,0;17,47;14,13;10,55;11,13;9,93;13,87;13,97;11,76;15,78;10,17;10,77;14,7;agronomie_et_environnement
10,91;15,81;18,38;12,94;11,02;11,96;13,22;12,94;15,89;11,5;12,06;14,25;9,1;10,47;15,46;agronomie_et_environnement
19,31;11,98;11,8;13,89;13,83;10,17;15,49;16,42;10,85;15,15;18,57;11,51;8,41;19,13;8,52;finance_comptabilite_et_audit
11,54;17,03;19,41;12,49;12,75;12,69;12,61;12,32;16,31;13,55;5,62;8,95;4,65;9,12;16,56;biotechnologie_et_sciences_pharmaceutiques
11,64;8,71;7,41;16,36;16,89;15,85;18,24;14,84;11,71;11,5;8,42;10,36;7,64;12,07;8,39;journalisme_et_medias
7,59;15,91;15,77;12,85;11,08;12,6;11,27;14,52;17,25;7,07;4,13;14,39;10,14;8,21;18,51;sciences_veterinaires
3,63;3,59;8,43;17,99;10,65;12,69;17,87;10,69;6,76;10,83;10,98;13,17;9,41;3,26;6,97;traduction_et_interpretariat
20,0;8,08;9,36;12,19;16,03;14,05;14,38;15,36;10,42;11,13;20,0;14,09;13,45;14,91;9,5;economie_et_gestion
13,33;17,07;20,0;9,24;13,12;7,56;13,18;11,7;17,48;11,17;9,02;9,73;10,22;12,49;13,83;pharmacie
9,45;5,37;8,82;17,38;15,27;16,4;14,32;12,82;8,26;9,73;12,94;11,44;8,32;7,99;7,63;droit_et_sciences_politiques
10,61;9,15;10,5;15,33;17,21;12,9;17,89;14,93;12,8;12,96;11,62;13,07;8,62;12,91;13,07;tourisme_et_hotellerie
9,73;12,84;17,39;12,85;10,37;13,4;13,3;13,53;18,7;10,11;5,98;15,51;6,82;9,52;18,67;sciences_veterinaires
18,22;15,16;11,86;9,69;9,5;8,65;13,99;19,23;7,47;19,36;9,53;10,45;10,29;15,72;9,08;science_des_donnees_et_intelligence_artificielle
15,35;8,86;12,63;15,03;12,97;11,41;14,28;12,9;10,91;10,38;20,0;13,53;7,3;16,91;8,59;economie_et_gestion
12,08;11,1;14,53;13,56;11,49;10,74;13,61;14,73;20,0;9,28;8,67;8,86;7,77;8,59;18,2;sciences_veterinaires
14,26;7,46;7,58;19,05;14,03;14,38;19,04;9,27;6,24;14,19;12,51;10,38;9,85;7,2;6,66;traduction_et_interpretariat
18,79;13,28;14,34;11,95;11,88;9,49;16,48;12,8;8,14;16,63;14,09;8,26;9,97;19,89;4,51;sciences_actuarielles_et_statistiques
11,5;7,87;10,42;14,22;14,83;11,37;17,96;14,36;12,31;8,66;11,8;17,27;7,52;12,2;11,16;tourisme_et_hotellerie
12,74;14,92;12,5;10,6;10,83;10,02;7,15;16,33;19,28;10,57;10,69;11,13;7,55;10,91;18,99;sciences_veterinaires
10,48;8,2;10,22;16,42;13,63;16,53;12,86;18,8;15,41;9,78;9,29;14,6;8,26;11,56;12,09;psychologie_et_sciences_de_l_education
8,91;8,16;13,96;16,92;12,0;14,03;14,2;16,3;15,82;10,06;6,22;15,39;9,73;10,44;10,04;psychologie_et_sciences_de_l_education
6,94;7,82;10,72;15,92;16,29;10,42;18,1;16,6;8,91;7,73;8,99;19,51;8,77;8,04;9,77;tourisme_et_hotellerie
12,61;17,09;20,0;13,01;12,52;13,16;12,87;13,07;18,04;8,64;11,76;10,0;6,57;12,49;18,17;pharmacie
14,02;13,6;12,34;10,47;11,74;10,75;13,58;15,29;9,21;10,24;8,49;14,11;19,74;9,74;9,54;architecture_et_design_interieur
18,24;19,24;10,69;11,69;14,26;8,69;14,63;17,84;11,45;12,25;7,98;9,78;12,86;15,51;9,94;genie_civil_et_construction
10,52;7,02;10,76;18,63;17,49;18,77;14,29;12,18;6,42;11,0;10,66;13,2;10,33;9,12;10,59;journalisme_et_medias
17,2;20,0;14,28;12,79;10,49;9,36;9,73;16,52;9,33;14,05;11,58;11,57;20,0;14,39;6,7;genie_mecanique_et_industriel
16,45;19,44;15,15;11,52;9,98;10,05;11,63;18,95;11,47;15,54;7,04;12,25;16,81;14,33;7,19;genie_mecanique_et_industriel
18,52;19,89;11,87;13,79;8,3;10,89;12,87;15,41;6,7;14,54;10,15;9,31;15,62;14,5;6,8;genie_electrique_et_electronique
9,97;11,03;10,58;16,23;12,67;14,67;16,72;13,36;8,27;8,16;8,83;14,46;8,71;8,57;7,63;traduction_et_interpretariat
15,02;15,8;8,66;14,05;12,22;10,37;11,93;15,64;11,57;11,82;10,75;10,69;17,73;13,6;8,02;architecture_et_design_interieur
17,37;14,32;8,64;8,21;9,55;7,1;11,61;17,64;7,57;19,05;11,15;10,54;7,6;17,33;6,96;cybersecurite_et_reseaux
12,14;15,0;20,0;9,9;11,49;7,96;12,94;13,61;14,82;10,34;7,23;9,96;7,69;13,39;14,45;pharmacie
6,24;7,12;7,93;16,12;10,62;10,95;20,0;9,17;9,51;11,81;9,65;13,24;9,49;6,85;7,87;traduction_et_interpretariat
19,59;16,95;9,54;11,76;7,79;11,01;14,83;15,29;8,88;19,63;10,77;11,07;9,75;17,75;8,09;science_des_donnees_et_intelligence_artificielle
16,36;11,45;12,21;15,33;18,8;8,76;14,33;14,71;8,84;14,65;18,91;9,34;9,97;16,91;8,74;economie_et_gestion
9,04;10,38;9,69;13,08;14,34;11,48;9,88;14,4;15,03;9,09;10,68;19,57;8,29;9,64;14,83;sport_et_sciences_du_mouvement
18,69;17,5;11,17;13,8;10,96;14,45;11,8;14,03;11,63;19,59;9,13;11,42;14,47;17,52;11,38;science_des_donnees_et_intelligence_artificielle
12,7;12,53;10,78;16,56;16,42;11,4;13,87;11,32;10,76;10,58;14,34;11,67;14,29;9,94;10,19;urbanisme_et_amenagement_du_territoire
14,92;19,61;11,82;8,73;12,13;13,92;15,12;17,77;12,52;13,91;8,51;16,26;19,32;9,7;10,97;genie_mecanique_et_industriel
17,75;17,56;11,79;11,8;8,45;15,84;18,28;14,94;12,49;19,04;8,99;13,54;6,99;17,88;10,9;science_des_donnees_et_intelligence_artificielle
16,54;19,67;15,4;12,02;9,62;12,87;17,32;17,65;8,92;18,21;7,95;6,64;10,39;16,15;5,24;informatique_administration_reseaux_et_ia
18,27;20,0;13,0;11,96;7,96;3,94;7,31;20,0;7,93;15,89;10,12;9,01;15,84;13,84;5,17;genie_electrique_et_electronique
15,4;16,18;13,35;13,81;11,75;14,29;15,02;20,0;10,58;11,18;14,24;13,72;8,1;12,34;9,84;finance_comptabilite_et_audit
16,76;10,22;12,18;14,96;14,44;9,37;18,94;13,14;9,86;11,76;18,47;8,9;7,91;12,51;7,87;commerce_international_et_logistique
14,08;9,39;10,91;16,42;17,99;14,3;19,36;11,75;10,58;10,78;19,33;12,56;5,47;12,24;11,03;commerce_international_et_logistique
19,04;12,32;12,18;12,17;12,01;8,07;15,77;15,63;8,44;16,68;14,34;12,34;8,55;19,06;5,77;sciences_actuarielles_et_statistiques
11,33;10,54;11,18;14,63;17,45;18,74;9,98;13,03;12,63;13,11;12,59;13,11;12,63;14,82;10,83;sciences_sociales_et_sociologie
13,3;9,7;15,68;11,91;12,18;9,13;14,13;12,07;16,13;10,11;11,54;13,39;11,77;10,9;14,01;agronomie_et_environnement
14,76;14,1;20,0;10,63;13,84;12,88;8,37;12,94;15,15;13,47;10,14;12,76;8,73;9,93;16,4;medecine_et_sante
11,7;9,23;8,21;16,81;9,66;14,43;13,65;17,0;15,19;9,78;9,97;12,93;9,02;12,88;9,5;psychologie_et_sciences_de_l_education
18,68;20,0;12,41;12,25;14,37;9,7;16,02;14,64;7,63;16,47;4,31;10,53;17,33;15,98;8,6;genie_electrique_et_electronique
18,79;13,71;14,39;9,67;11,58;7,63;14,84;12,33;8,07;14,91;10,57;8,94;7,45;16,16;5,53;sciences_actuarielles_et_statistiques
5,06;9,01;8,38;16,49;11,73;14,11;17,41;13,08;11,27;8,65;6,26;11,73;6,86;7,37;11,18;traduction_et_interpretariat
17,14;16,82;12,37;11,11;10,9;7,96;13,51;15,58;2,52;19,49;10,85;11,18;7,32;15,05;7,11;cybersecurite_et_reseaux
17,34;20,0;12,38;12,28;11,19;8,9;12,53;16,34;12,98;13,5;12,15;13,56;20,0;12,44;9,25;genie_civil_et_construction
11,2;9,15;10,29;14,79;13,35;14,63;15,03;19,21;18,01;9,81;7,72;12,25;8,44;15,09;14,02;psychologie_et_sciences_de_l_education
16,83;17,33;13,8;10,71;11,81;8,49;16,86;11,79;9,35;11,18;10,53;10,95;18,88;11,51;7,11;genie_mecanique_et_industriel
10,38;6,57;7,98;15,84;15,58;16,56;15,23;14,06;9,77;8,98;13,14;12,61;10,03;9,73;10,57;droit_et_sciences_politiques
15,72;15,96;10,95;11,11;8,66;7,86;12,88;17,89;11,93;18,54;10,83;9,49;9,31;18,62;7,01;cybersecurite_et_reseaux
6,28;7,42;11,75;16,51;15,85;16,28;14,28;14,15;7,24;6,74;6,94;12,77;7,8;8,49;6,18;journalisme_et_medias
7,54;10,44;13,34;6,67;7,64;9,21;14,56;14,16;17,36;6,62;9,16;18,04;4,26;8,51;19,05;agronomie_et_environnement
13,77;18,33;20,0;13,66;10,84;11,25;15,11;13,65;19,21;10,87;9,78;11,54;10,52;11,79;18,88;pharmacie
10,5;6,01;10,49;18,55;16,1;14,65;13,47;18,48;16,03;8,41;8,38;11,07;6,54;10,97;10,55;psychologie_et_sciences_de_l_education
16,52;10,18;10,93;13,24;16,84;12,99;15,58;13,82;10,74;12,63;20,0;11,73;7,86;15,39;9,12;economie_et_gestion
9,07;6,32;9,6;16,97;16,04;14,69;17,2;12,76;8,56;8,33;8,68;13,05;10,42;8,4;5,65;langues_et_communication
11,73;13,03;11,74;10,57;18,5;14,04;15,71;15,69;14,4;13,41;12,68;14,77;10,17;13,55;9,38;commerce_international_et_logistique
5,74;6,86;7,97;18,95;12,18;13,75;19,51;12,58;5,93;7,72;10,31;15,38;9,58;6,08;7,45;traduction_et_interpretariat
10,81;15,28;20,0;10,92;10,3;8,85;17,72;13,94;17,83;9,98;8,05;10,42;8,66;12,79;20,0;pharmacie
19,59;14,24;10,43;11,43;9,28;11,36;12,09;16,72;10,0;18,87;9,43;8,18;11,63;18,01;10,4;science_des_donnees_et_intelligence_artificielle
9,63;10,85;10,89;14,51;11,17;13,6;13,88;19,43;16,34;11,94;7,22;11,83;6,96;12,78;11,45;psychologie_et_sciences_de_l_education
14,68;13,93;12,58;10,78;10,86;7,67;10,68;15,42;9,89;12,0;7,76;10,18;16,12;10,58;6,46;architecture_et_design_interieur
15,05;15,98;12,52;11,93;16,44;12,58;13,12;14,14;8,07;12,7;11,43;11,53;20,0;14,8;8,47;urbanisme_et_amenagement_du_territoire
13,04;13,17;19,52;8,9;12,47;11,95;12,77;10,2;19,68;10,94;13,41;13,11;8,07;14,69;18,08;biotechnologie_et_sciences_pharmaceutiques
9,89;9,93;8,25;14,36;18,53;11,22;15,02;13,9;12,09;9,97;12,76;18,13;11,13;10,38;14,16;tourisme_et_hotellerie
15,29;16,94;16,54;11,67;9,99;11,4;15,93;16,18;3,63;13,5;10,52;12,15;13,32;15,47;7,85;informatique_administration_reseaux_et_ia
5,05;5,9;8,32;16,57;12,09;12,78;19,02;12,6;10,42;7,27;8,99;12,47;7,71;5,01;9,7;langues_et_communication
16,9;19,4;13,03;9,48;13,27;10,0;9,48;13,52;10,02;11,6;7,0;14,01;17,24;14,57;5,07;genie_mecanique_et_industriel
8,45;8,62;11,64;16,16;16,48;15,77;15,34;19,55;15,76;10,82;7,27;12,27;9,53;11,51;12,85;psychologie_et_sciences_de_l_education
13,51;9,36;9,93;12,8;16,49;14,49;15,86;12,65;9,24;8,97;15,86;13,31;8,45;13,71;11,3;commerce_international_et_logistique
15,67;16,57;10,95;11,81;8,13;10,01;11,22;17,11;10,98;18,81;10,8;11,48;7,16;13,94;6,85;cybersecurite_et_reseaux
10,42;10,98;10,35;11,69;10,46;6,07;14,66;8,51;11,73;9,67;9,74;20,0;9,18;8,19;12,74;sport_et_sciences_du_mouvement
12,06;11,79;10,78;10,51;13,6;10,89;10,53;16,1;13,98;8,76;11,21;17,55;12,56;8,73;13,77;sport_et_sciences_du_mouvement
19,2;18,19;15,35;14,36;11,08;12,99;16,75;20,0;11,55;17,94;12,56;10,61;11,94;15,2;8,38;informatique_administration_reseaux_et_ia
16,95;14,09;7,7;10,13;10,81;8,46;15,41;15,44;8,4;19,58;10,1;10,58;9,04;16,02;8,74;cybersecurite_et_reseaux
12,58;7,76;9,14;16,56;12,21;15,88;12,05;17,09;15,48;11,04;10,01;14,35;10,12;13,04;10,56;psychologie_et_sciences_de_l_education
18,05;20,0;13,59;14,28;8,88;10,74;14,37;12,19;11,76;16,34;12,62;11,8;16,12;14,63;11,87;genie_civil_et_construction
12,26;8,56;10,24;15,4;15,37;9,78;18,19;12,99;9,43;10,63;11,1;16,48;12,88;13,4;7,71;tourisme_et_hotellerie
17,51;14,08;9,93;14,56;11,73;7,91;11,34;13,99;11,59;13,26;8,66;13,09;17,5;10,48;6,61;architecture_et_design_interieur
11,9;8,29;8,96;16,49;16,62;14,53;17,1;12,78;9,1;11,94;7,85;12,16;10,05;15,4;7,21;langues_et_communication
15,81;12,96;12,74;9,28;16,85;13,91;14,2;12,97;13,17;13,87;19,07;10,61;11,57;13,4;9,66;economie_et_gestion
15,53;15,42;11,05;9,48;10,01;11,22;12,95;16,7;12,17;11,78;7,3;14,29;13,17;13,84;9,27;genie_civil_et_construction
8,7;6,72;11,02;16,38;20,0;15,59;15,1;11,7;10,52;10,48;10,62;12,43;11,12;10,73;8,58;droit_et_sciences_politiques
7,92;10,75;9,64;17,42;15,55;15,23;15,8;14,09;6,71;8,55;10,46;15,38;9,87;9,29;10,12;journalisme_et_medias
15,68;16,53;10,21;10,57;12,41;12,04;17,07;15,79;7,61;13,73;9,9;10,74;18,35;8,9;5,17;architecture_et_design_interieur
19,73;10,36;10,51;12,28;11,08;7,93;17,19;16,88;9,08;12,54;18,81;10,36;6,66;20,0;8,67;sciences_actuarielles_et_statistiques
14,64;12,68;15,25;11,81;11,3;14,6;14,03;13,59;17,09;9,45;11,25;13,88;12,05;11,03;18,47;agronomie_et_environnement
15,07;9,17;12,37;14,32;16,69;12,42;20,0;14,59;9,54;10,2;16,76;10,69;10,55;11,83;8,48;commerce_international_et_logistique
20,0;14,08;11,55;8,7;13,12;11,44;17,26;13,65;10,1;19,27;9,41;12,66;11,88;19,48;8,63;science_des_donnees_et_intelligence_artificielle
7,21;9,08;11,56;15,36;19,88;15,21;14,52;14,42;11,47;9,68;13,04;14,39;10,77;9,35;10,2;droit_et_sciences_politiques
18,59;14,02;8,78;9,33;9,61;10,8;14,42;15,89;12,82;20,0;10,81;10,87;7,67;18,74;10,78;cybersecurite_et_reseaux
16,4;13,02;7,57;11,62;12,48;4,47;13,89;16,6;6,59;18,44;9,12;8,37;10,66;15,63;6,56;cybersecurite_et_reseaux
8,12;7,15;8,65;18,97;12,03;13,36;17,64;12,83;7,53;10,51;10,44;12,16;9,11;6,92;6,01;traduction_et_interpretariat
18,3;9,45;10,22;11,07;11,74;16,15;14,67;14,6;10,99;12,1;14,71;11,64;10,44;16,77;9,23;finance_comptabilite_et_audit
11,49;6,79;8,55;14,85;14,65;13,81;15,05;13,51;13,22;10,49;12,13;12,22;8,07;13,6;10,0;sciences_sociales_et_sociologie
15,95;14,34;14,19;13,04;6,71;13,28;15,39;16,1;13,93;15,99;9,46;11,66;9,52;16,72;10,1;informatique_administration_reseaux_et_ia
6,72;8,24;10,55;19,0;14,06;13,3;16,29;15,23;9,9;8,65;10,83;12,97;10,0;8,61;7,09;langues_et_communication
14,14;7,26;10,32;14,92;16,67;10,36;17,24;14,7;8,39;10,45;15,59;11,74;10,85;14,17;10,67;commerce_international_et_logistique
10,1;6,9;13,0;15,84;19,16;15,79;16,12;11,11;9,81;10,46;9,79;13,32;11,88;11,47;7,35;droit_et_sciences_politiques
12,8;15,98;19,47;11,76;13,14;14,13;14,68;14,14;17,94;14,39;13,48;14,58;14,07;10,45;17,99;agronomie_et_environnement
16,26;15,98;8,16;11,95;12,28;11,6;14,23;16,26;11,62;11,81;9,78;10,84;16,45;9,87;10,76;architecture_et_design_interieur
14,96;16,0;14,86;12,15;9,59;8,31;14,25;16,02;10,89;17,97;6,48;10,55;11,3;16,93;8,0;informatique_administration_reseaux_et_ia
10,22;7,08;8,89;17,66;13,69;14,58;19,18;11,85;7,57;8,73;9,94;13,43;10,08;8,89;9,76;traduction_et_interpretariat
20,0;19,98;11,17;13,5;10,19;14,17;14,11;13,5;9,05;17,07;9,55;12,85;15,31;16,06;7,31;genie_electrique_et_electronique
19,58;17,13;13,16;10,04;10,67;11,63;13,92;17,12;8,27;19,91;11,06;11,22;9,52;16,4;12,16;science_des_donnees_et_intelligence_artificielle
14,01;15,29;11,56;11,5;15,96;11,65;13,95;14,25;10,08;13,1;13,65;11,42;17,41;12,11;9,84;urbanisme_et_amenagement_du_territoire
16,05;14,2;12,34;13,13;18,18;12,26;14,71;14,31;11,77;13,73;16,66;11,61;11,41;18,07;11,65;economie_et_gestion
18,51;19,78;13,35;10,75;8,3;8,31;14,46;18,48;9,51;17,72;12,27;9,52;16,49;13,66;9,27;genie_electrique_et_electronique
12,93;11,66;17,35;12,52;12,87;14,14;14,5;14,53;16,97;10,2;12,68;13,26;9,99;11,63;18,69;agronomie_et_environnement
16,41;17,82;11,17;15,82;16,91;9,3;17,02;11,28;8,32;14,96;14,71;12,23;15,42;13,4;6,01;urbanisme_et_amenagement_du_territoire
11,74;10,55;14,32;11,68;9,25;10,8;12,3;14,19;17,19;6,48;9,69;9,66;8,78;9,96;16,55;sciences_veterinaires
10,96;11,31;13,57;9,97;11,79;9,74;11,33;16,74;17,93;11,67;10,21;14,7;6,9;9,51;17,78;sciences_veterinaires
14,87;11,3;11,68;13,04;15,62;6,55;16,4;17,34;11,71;10,31;15,18;12,26;8,98;13,26;10,72;commerce_international_et_logistique
16,74;13,96;7,9;8,14;7,03;8,63;15,42;18,53;17,66;19,15;9,86;11,1;10,54;17,54;11,57;cybersecurite_et_reseaux
11,8;9,21;9,84;17,89;15,27;13,69;18,99;12,09;8,78;6,43;4,58;16,42;8,89;9,4;7,73;traduction_et_interpretariat
18,9;13,28;7,86;10,82;13,3;9,3;15,55;15,87;9,86;20,0;11,11;8,61;10,51;15,25;7,1;cybersecurite_et_reseaux
8,65;4,55;7,19;15,39;11,94;13,48;18,23;10,79;7,82;12,49;7,43;11,42;5,27;8,77;11,06;langues_et_communication
16,84;11,51;14,65;13,96;9,18;11,55;15,11;14,41;8,04;12,53;15,64;10,54;9,65;19,11;8,1;sciences_actuarielles_et_statistiques
12,32;15,64;13,24;14,41;9,44;13,49;14,4;18,49;11,32;17,62;8,98;10,93;7,83;13,93;10,31;informatique_administration_reseaux_et_ia
12,09;10,15;12,48;15,13;16,76;10,7;18,68;10,81;9,21;9,98;11,8;13,76;10,59;9,99;8,98;tourisme_et_hotellerie
12,58;15,58;9,84;13,93;16,45;11,63;13,82;13,79;7,02;11,51;13,69;12,61;14,83;13,48;8,67;urbanisme_et_amenagement_du_territoire
11,47;12,83;15,76;11,66;7,84;11,57;13,44;14,38;17,84;10,69;10,27;13,67;8,69;12,49;16,53;sciences_veterinaires
8,43;11,05;9,24;17,82;15,12;10,26;17,02;11,97;11,92;9,8;13,17;12,66;12,44;10,27;8,27;tourisme_et_hotellerie
17,29;16,19;13,51;15,49;11,18;10,14;13,59;15,09;7,8;13,55;7,32;10,43;19,39;10,72;4,95;architecture_et_design_interieur
7,92;6,88;8,08;17,0;16,77;18,01;13,62;14,82;11,43;7,13;13,29;15,16;6,67;13,3;9,2;sciences_sociales_et_sociologie
9,85;11,59;8,43;8,76;11,03;10,37;13,93;15,56;14,22;9,07;7,76;17,93;7,98;9,45;12,46;sport_et_sciences_du_mouvement
8,55;9,28;10,5;15,09;14,55;11,11;15,2;11,71;14,0;10,45;15,27;16,53;9,8;9,32;12,85;tourisme_et_hotellerie
12,93;14,53;18,93;12,69;10,51;12,78;12,54;11,72;17,27;11,22;6,1;13,05;10,93;12,97;16,67;biotechnologie_et_sciences_pharmaceutiques
16,35;18,24;17,9;11,92;9,42;10,92;15,44;17,7;6,77;19,0;9,7;10,07;10,02;15,73;6,13;informatique_administration_reseaux_et_ia
10,81;7,99;8,07;16,98;12,04;13,08;20,0;8,96;10,05;13,19;13,3;11,96;9,88;10,56;7,87;traduction_et_interpretariat
6,21;8,33;8,48;15,35;18,13;18,41;14,22;18,92;12,37;7,65;9,19;10,47;8,39;10,82;8,73;sciences_sociales_et_sociologie
16,58;14,01;9,57;12,07;6,14;9,81;11,59;16,8;10,55;19,24;10,46;9,07;12,63;15,3;9,66;cybersecurite_et_reseaux
20,0;12,23;14,23;12,59;10,27;8,68;16,46;13,61;5,88;15,95;15,97;12,06;7,54;19,41;5,56;sciences_actuarielles_et_statistiques
8,34;6,51;8,48;18,79;10,84;12,89;17,89;10,94;7,25;8,5;8,36;11,88;7,74;5,08;9,27;traduction_et_interpretariat
17,68;16,38;15,53;12,27;9,49;11,68;14,27;18,76;9,13;18,63;12,34;10,28;12,08;13,83;8,15;informatique_administration_reseaux_et_ia
19,4;18,71;8,47;13,16;8,0;15,36;17,25;14,24;13,39;18,7;12,07;12,12;8,35;20,0;8,43;science_des_donnees_et_intelligence_artificielle
13,6;12,46;11,71;11,13;10,97;8,47;11,23;15,7;9,57;9,28;7,89;12,79;16,0;5,06;7,48;architecture_et_design_interieur
8,54;10,79;13,64;17,36;8,45;13,62;13,31;18,13;15,13;10,6;9,88;11,75;7,45;10,64;12,63;psychologie_et_sciences_de_l_education
16,97;7,66;9,0;13,85;15,34;13,97;13,41;13,36;9,82;10,37;18,54;10,07;8,29;15,7;9,23;economie_et_gestion
14,39;14,88;18,82;11,05;12,79;11,73;9,23;13,77;18,78;12,71;10,07;10,02;9,24;12,51;17,25;pharmacie
18,22;16,5;12,54;13,54;11,6;10,32;15,54;15,85;11,0;19,48;11,28;12,03;10,98;18,37;7,73;science_des_donnees_et_intelligence_artificielle
5,62;9,75;9,53;16,8;13,2;13,58;17,42;11,5;9,47;7,8;9,49;12,56;6,12;8,37;9,01;langues_et_communication
12,41;13,76;14,72;11,66;7,81;12,47;9,93;15,27;17,46;9,21;10,15;10,72;9,77;10,71;16,04;sciences_veterinaires
19,09;20,0;13,2;14,86;11,97;9,99;14,13;11,91;11,84;16,05;9,84;11,61;15,65;13,65;8,33;genie_electrique_et_electronique
6,84;11,07;8,73;18,07;16,83;12,69;16,76;14,41;10,18;6,66;10,73;12,65;8,85;9,27;8,82;tourisme_et_hotellerie
13,01;16,76;20,0;12,82;14,72;13,32;12,43;15,08;16,9;9,45;11,91;13,14;5,07;12,34;15,44;medecine_et_sante
11,49;17,1;20,0;14,86;5,77;10,99;17,96;16,02;18,11;9,49;8,82;12,03;6,55;11,62;18,04;pharmacie
14,16;10,28;13,15;12,32;17,33;14,52;13,72;12,69;11,31;12,67;17,11;14,27;7,46;15,1;8,54;economie_et_gestion
18,11;17,43;9,45;7,56;9,47;11,45;13,6;17,63;10,92;11,88;8,07;14,39;14,72;12,0;8,52;genie_civil_et_construction
18,31;16,09;9,81;10,72;10,48;9,23;14,81;17,03;10,19;19,55;10,93;11,75;8,83;17,44;9,14;science_des_donnees_et_intelligence_artificielle
17,85;14,05;10,93;11,26;12,2;8,18;13,47;15,75;12,52;19,23;13,55;8,2;9,45;18,69;9,34;science_des_donnees_et_intelligence_artificielle
14,7;16,35;16,95;13,09;11,05;13,4;14,77;16,22;18,12;7,71;6,54;13,15;9,6;12,26;17,6;medecine_et_sante
14,33;19,35;11,2;10,99;7,86;9,77;10,12;13,95;12,0;12,92;9,15;15,21;18,52;13,12;7,45;genie_civil_et_construction
19,42;12,35;10,01;10,86;8,72;10,13;13,71;16,75;9,91;17,2;15,28;11,18;8,66;19,3;9,07;sciences_actuarielles_et_statistiques
5,64;9,34;9,71;14,36;10,59;15,73;13,3;15,17;13,21;6,41;7,14;10,58;8,65;8,39;10,87;psychologie_et_sciences_de_l_education
8,5;11,07;10,03;15,18;14,04;14,29;13,04;17,97;12,79;10,36;8,16;11,27;8,83;11,21;9,62;psychologie_et_sciences_de_l_education
17,16;13,62;13,43;13,43;10,49;16,27;16,63;11,85;11,1;18,21;8,99;7,77;12,47;16,84;8,52;science_des_donnees_et_intelligence_artificielle
20,0;17,23;10,68;11,82;9,52;8,64;12,99;15,51;13,17;19,82;10,82;8,1;10,02;20,0;11,2;science_des_donnees_et_intelligence_artificielle
16,83;9,64;12,72;13,81;15,27;9,23;18,43;12,35;9,44;11,92;19,45;11,56;9,53;18,45;9,05;commerce_international_et_logistique
15,53;14,89;16,7;13,76;8,39;11,77;11,54;11,41;16,93;9,62;12,13;17,63;7,35;13,46;17,61;pharmacie
10,72;8,12;9,78;14,3;17,52;8,71;18,53;14,82;9,65;10,96;13,11;13,64;8,47;9,23;11,03;tourisme_et_hotellerie
13,13;12,96;16,22;12,25;11,49;10,17;13,8;15,11;17,62;9,64;11,97;16,22;11,38;11,77;18,25;agronomie_et_environnement
10,03;6,92;9,13;15,68;15,94;16,96;13,6;12,98;13,27;8,17;10,73;12,52;8,63;13,3;11,5;sciences_sociales_et_sociologie
14,62;17,85;19,29;12,15;11,98;9,05;9,9;15,01;17,79;11,81;7,72;14,66;9,87;9,9;17,81;medecine_et_sante
18,41;15,61;10,41;11,43;10,82;12,89;17,71;16,29;7,71;19,61;10,87;13,04;11,73;18,23;6,13;science_des_donnees_et_intelligence_artificielle
8,32;7,86;8,75;17,21;15,78;12,95;17,69;13,99;8,79;8,44;7,77;9,56;9,29;10,13;4,9;langues_et_communication
14,56;16,58;11,08;7,23;8,65;10,76;14,61;16,32;7,29;18,28;8,26;12,48;8,14;19,45;6,26;cybersecurite_et_reseaux
17,11;19,58;13,3;13,63;10,6;10,77;11,55;15,15;10,94;14,96;8,27;13,95;18,26;13,26;10,72;genie_civil_et_construction
18,81;16,25;6,35;7,67;14,04;8,85;15,26;16,75;12,03;19,59;12,21;11,39;12,55;17,4;8,62;cybersecurite_et_reseaux
10,86;8,04;11,76;17,96;11,54;12,93;13,68;17,43;14,54;10,34;9,69;11,96;8,11;10,11;9,05;psychologie_et_sciences_de_l_education
13,22;16,02;9,97;13,33;15,81;14,16;18,8;13,81;6,75;12,17;10,19;10,7;14,45;11,3;5,02;urbanisme_et_amenagement_du_territoire
15,52;19,59;13,69;7,97;8,77;6,72;11,51;18,99;3,88;13,05;7,03;8,23;17,02;14,13;3,73;genie_mecanique_et_industriel
10,94;8,54;7,72;17,65;13,39;13,24;18,78;9,84;6,19;8,72;10,45;13,49;8,52;9,32;7,83;traduction_et_interpretariat
5,97;8,72;11,27;15,66;17,84;14,41;16,71;12,72;9,92;9,59;10,99;10,19;11,46;9,06;11,42;journalisme_et_medias
16,56;15,78;11,85;12,84;9,44;10,28;13,24;13,36;10,53;11,96;7,77;10,6;19,28;11,11;6,45;architecture_et_design_interieur
18,48;16,46;12,41;12,53;6,77;11,64;16,32;16,24;17,66;16,85;15,13;8,71;10,81;17,33;12,75;informatique_administration_reseaux_et_ia
14,66;12,99;10,64;9,87;11,96;11,49;13,41;15,12;11,33;9,69;7,26;14,56;14,85;6,88;7,71;architecture_et_design_interieur
17,65;11,25;9,41;7,39;13,41;7,03;13,13;16,55;13,22;19,98;11,72;9,48;9,03;18,05;9,54;cybersecurite_et_reseaux
6,59;10,26;13,49;14,43;11,4;16,39;13,4;17,37;14,71;7,23;9,95;7,92;10,27;10,04;10,67;psychologie_et_sciences_de_l_education
11,71;11,21;15,04;12,27;13,14;8,6;9,93;14,36;17,91;11,78;8,3;14,41;7,26;11,84;19,35;sciences_veterinaires
7,1;6,25;8,45;18,35;12,33;14,24;16,28;9,56;5,74;7,61;7,79;12,33;7,46;6,86;7,26;traduction_et_interpretariat
8,72;7,53;8,79;14,39;13,5;17,9;12,64;18,79;15,13;12,3;10,99;16,49;10,86;9,85;10,48;psychologie_et_sciences_de_l_education
12,5;13,14;16,49;15,01;8,96;11,72;9,74;13,45;18,94;7,72;9,43;12,72;9,79;13,86;17,49;sciences_veterinaires
14,2;19,72;12,24;11,8;11,77;7,84;14,58;14,68;8,82;15,19;6,94;10,86;17,06;12,28;7,6;genie_mecanique_et_industriel
18,57;19,89;14,5;10,48;10,52;9,34;12,59;16,23;9,69;16,37;10,92;7,64;18,61;14,0;10,05;genie_electrique_et_electronique
15,76;11,43;10,17;16,83;14,42;14,73;15,13;14,6;10,37;11,84;17,18;12,77;11,73;18,18;8,3;commerce_international_et_logistique
14,5;15,01;11,78;13,46;16,62;12,93;17,57;12,99;11,68;12,36;14,91;13,11;14,53;11,99;8,51;urbanisme_et_amenagement_du_territoire
6,46;8,22;8,22;16,84;11,84;12,2;17,37;9,43;11,84;8,41;7,38;11,81;9,88;10,11;9,71;langues_et_communication
12,75;11,49;14,82;14,86;12,51;12,43;13,76;16,14;16,9;8,59;11,01;17,17;5,67;12,44;16,02;agronomie_et_environnement
16,74;17,06;14,35;13,56;12,53;7,97;12,86;15,48;8,86;17,27;11,73;11,12;11,87;17,86;5,7;sciences_actuarielles_et_statistiques
14,46;15,37;19,15;10,7;14,68;11,46;13,01;12,01;17,72;12,57;7,11;13,6;11,76;14,3;15,2;medecine_et_sante
14,36;15,15;13,74;13,19;7,35;8,73;13,6;16,36;5,15;15,98;8,83;14,01;10,05;12,74;4,36;informatique_administration_reseaux_et_ia
12,09;11,88;15,75;11,64;9,96;10,52;13,05;13,31;18,58;7,81;6,92;11,04;8,18;11,01;17,1;sciences_veterinaires
10,22;8,76;7,73;15,58;13,89;8,87;18,03;14,98;10,7;9,7;12,37;16,35;9,68;9,7;9,62;tourisme_et_hotellerie
11,85;9,4;10,32;15,48;12,82;15,87;12,15;19,41;13,95;10,63;5,09;12,1;9,4;9,71;13,37;psychologie_et_sciences_de_l_education
14,04;14,22;16,68;12,6;11,25;12,27;14,55;14,2;19,23;9,87;7,04;14,6;9,61;10,73;19,18;medecine_et_sante
14,3;15,88;17,54;13,24;9,7;13,02;13,75;12,97;17,76;10,31;12,09;14,85;7,73;12,31;18,59;medecine_et_sante
17,1;20,0;12,02;10,96;10,18;14,69;15,98;17,43;10,82;18,04;10,14;10,62;15,32;14,91;7,92;genie_electrique_et_electronique
16,48;19,97;14,88;10,26;10,96;9,06;11,51;17,36;5,45;14,8;8,15;12,67;16,39;18,22;7,43;genie_electrique_et_electronique
7,79;6,33;7,22;16,92;14,06;12,83;17,63;10,0;8,81;14,57;9,32;14,19;8,06;8,97;6,4;langues_et_communication
15,42;14,7;13,76;17,45;9,64;12,58;13,4;14,24;8,0;16,26;9,52;11,26;12,14;14,51;8,42;informatique_administration_reseaux_et_ia
14,84;16,4;15,33;13,96;7,04;6,91;16,02;15,69;11,47;17,97;12,95;13,69;9,02;13,88;9,26;informatique_administration_reseaux_et_ia
16,28;15,3;9,06;13,6;15,19;7,02;18,81;15,88;1,02;19,89;12,42;10,3;8,98;15,34;6,1;cybersecurite_et_reseaux
14,25;14,77;18,53;10,58;11,1;9,13;14,25;11,51;17,07;10,09;9,88;11,21;6,3;13,68;17,0;pharmacie
6,09;8,52;6,35;19,66;13,84;18,19;15,84;12,04;8,4;6,05;12,85;12,31;6,3;6,97;7,73;droit_et_sciences_politiques
10,1;9,1;9,05;13,74;16,16;15,7;19,03;15,04;14,19;12,08;12,71;11,07;14,69;13,61;10,3;journalisme_et_medias
16,98;17,06;13,6;12,91;9,67;15,08;17,07;18,81;8,35;20,0;9,68;13,41;11,38;16,39;7,35;informatique_administration_reseaux_et_ia
13,55;14,2;17,61;10,41;9,88;11,05;12,72;9,3;18,99;10,58;10,73;13,74;6,58;11,19;19,19;biotechnologie_et_sciences_pharmaceutiques
15,26;14,76;10,29;9,85;9,6;10,45;12,61;17,53;5,6;17,38;12,33;13,87;6,82;16,33;6,88;cybersecurite_et_reseaux
16,23;10,68;11,97;11,71;13,02;12,24;15,78;15,99;8,17;14,78;14,71;9,07;11,02;12,92;6,15;economie_et_gestion
16,97;15,9;18,25;8,56;15,91;8,54;11,98;11,55;16,69;13,85;8,22;10,96;10,96;12,46;17,46;biotechnologie_et_sciences_pharmaceutiques
18,57;19,46;14,81;11,01;10,95;12,92;11,99;11,38;15,27;13,74;8,22;13,57;16,26;13,46;12,63;genie_mecanique_et_industriel
12,34;9,71;8,53;12,2;16,61;13,1;15,18;10,33;10,55;12,51;15,51;14,36;8,53;13,09;9,96;economie_et_gestion
7,92;6,44;10,07;16,25;15,78;12,13;16,94;12,76;6,24;10,19;7,94;12,15;10,14;8,71;7,47;langues_et_communication
12,94;15,52;10,61;13,72;13,26;10,88;12,41;12,34;8,22;12,86;9,25;14,53;15,88;14,58;9,41;urbanisme_et_amenagement_du_territoire
19,6;19,21;12,07;10,84;12,01;8,76;14,56;12,98;11,29;15,79;8,03;9,15;16,87;16,41;7,38;genie_electrique_et_electronique
13,44;14,92;17,91;10,95;12,71;10,4;13,66;11,96;14,82;7,45;13,34;13,79;7,9;15,32;17,4;pharmacie
14,03;12,15;14,51;13,79;11,61;11,9;11,77;15,54;20,0;11,39;10,14;12,53;6,01;9,49;18,7;sciences_veterinaires
17,0;18,29;14,7;11,59;12,06;10,02;12,99;14,6;9,25;9,21;9,61;15,73;16,2;13,42;4,12;genie_mecanique_et_industriel
16,33;11,02;11,89;11,36;11,71;7,07;12,9;15,74;6,34;15,7;17,21;13,02;7,78;16,94;3,46;sciences_actuarielles_et_statistiques
19,02;19,47;14,36;12,13;8,54;12,1;14,45;13,75;11,55;14,08;12,13;12,39;14,64;15,31;9,89;genie_electrique_et_electronique
12,06;16,71;14,47;9,79;11,36;11,93;9,48;14,48;15,74;14,51;8,28;15,89;12,04;12,82;18,72;sciences_veterinaires
14,45;16,94;18,86;15,7;13,42;9,19;15,85;11,53;16,54;6,54;9,13;11,38;3,89;12,68;16,14;pharmacie
14,46;9,11;9,93;12,76;17,43;14,68;12,4;13,78;10,5;14,87;18,19;11,3;9,83;11,52;8,87;economie_et_gestion
15,57;20,0;14,53;14,91;11,96;6,81;12,74;15,34;11,86;10,72;8,03;14,82;15,3;11,35;9,08;genie_mecanique_et_industriel
11,01;10,01;8,92;17,12;13,5;13,62;16,43;11,84;9,28;8,1;11,22;9,48;11,21;9,49;11,96;langues_et_communication
13,8;13,7;11,8;9,35;8,25;11,54;16,67;16,08;7,01;18,6;12,46;10,18;9,15;14,23;9,54;cybersecurite_et_reseaux
17,35;17,38;14,02;12,12;9,36;8,7;10,31;12,82;9,54;14,09;8,93;12,07;17,65;11,88;6,57;genie_mecanique_et_industriel
18,07;12,21;11,18;13,37;11,69;9,79;13,63;14,42;8,51;14,93;12,5;10,53;9,81;20,0;3,33;sciences_actuarielles_et_statistiques
18,16;13,24;11,27;9,22;12,06;9,18;14,52;17,19;6,39;19,05;8,06;10,62;11,25;16,05;10,18;science_des_donnees_et_intelligence_artificielle
16,52;11,74;13,01;11,95;17,9;11,77;16,49;14,43;9,69;15,37;17,97;9,81;10,73;16,99;9,97;economie_et_gestion
16,55;20,0;14,25;13,59;11,37;4,76;11,18;16,41;9,32;16,21;6,79;17,64;12,98;15,2;6,31;genie_electrique_et_electronique
17,3;17,17;18,09;7,96;8,15;7,91;12,68;16,07;7,0;18,59;14,62;11,9;15,01;16,56;7,94;informatique_administration_reseaux_et_ia
10,44;11,51;9,6;17,32;15,21;17,18;14,7;11,81;7,53;11,97;10,52;12,76;12,07;9,7;8,24;journalisme_et_medias
16,08;19,73;13,61;11,26;8,85;10,9;15,5;16,34;8,11;13,81;7,53;11,36;14,91;14,1;6,19;genie_mecanique_et_industriel
10,35;5,28;8,33;17,28;14,5;17,78;14,16;10,39;9,84;9,51;16,33;9,78;6,48;8,25;8,46;droit_et_sciences_politiques
13,39;12,63;10,12;10,53;16,15;10,61;12,65;15,26;6,55;11,61;10,83;9,83;19,08;13,56;8,26;urbanisme_et_amenagement_du_territoire
9,74;5,63;7,06;18,83;13,72;13,82;17,13;9,08;6,3;9,75;7,96;9,88;8,73;9,41;5,08;langues_et_communication
13,12;9,13;14,11;9,7;12,73;11,22;14,83;10,18;15,06;5,01;6,08;12,55;9,14;12,67;15,85;agronomie_et_environnement
14,55;17,41;17,39;14,07;12,42;13,47;14,58;14,51;18,46;12,99;8,24;13,07;11,47;11,02;18,08;medecine_et_sante
18,51;8,42;10,25;13,3;15,7;15,99;12,62;17,27;10,8;15,14;16,58;11,53;8,85;18,01;9,17;economie_et_gestion
12,3;9,22;8,86;10,05;10,91;9,0;15,45;13,53;10,54;8,56;11,92;20,0;9,31;10,67;9,91;sport_et_sciences_du_mouvement
17,65;17,18;10,75;13,33;10,01;8,6;15,14;15,95;6,53;18,67;11,95;10,45;9,35;17,31;3,9;cybersecurite_et_reseaux
9,4;6,65;11,54;16,87;16,12;16,1;11,93;14,55;10,77;13,01;11,96;11,97;6,9;11,72;8,52;sciences_sociales_et_sociologie
9,66;8,15;8,29;15,88;12,24;13,75;17,67;11,42;7,24;9,99;9,77;12,01;9,53;7,33;7,66;traduction_et_interpretariat
11,05;16,02;17,68;13,88;10,94;14,12;12,07;12,51;16,12;9,3;6,03;10,98;10,19;9,36;17,18;medecine_et_sante
9,38;9,03;11,99;14,26;12,41;16,44;14,07;16,14;14,77;10,93;9,77;13,71;9,25;12,48;10,95;psychologie_et_sciences_de_l_education
11,89;10,02;10,83;18,31;15,97;16,08;15,79;12,4;8,33;10,82;13,21;13,22;10,49;10,33;12,34;journalisme_et_medias
13,12;13,45;12,76;12,21;19,02;13,45;16,06;15,0;11,29;13,18;17,38;13,08;14,36;11,3;10,98;urbanisme_et_amenagement_du_territoire
7,43;7,06;12,15;18,42;13,78;13,57;16,15;13,43;10,63;7,6;9,28;14,64;9,71;5,49;4,63;langues_et_communication
18,59;14,8;11,11;9,46;12,18;4,39;14,84;19,08;3,5;20,0;11,64;10,94;8,18;17,6;6,95;science_des_donnees_et_intelligence_artificielle
15,54;15,78;10,24;13,01;11,2;11,26;15,16;14,29;7,99;11,32;9,21;9,57;19,99;12,06;8,79;architecture_et_design_interieur
20,0;19,35;12,67;11,33;8,18;10,13;12,9;15,45;7,65;17,71;13,21;9,56;18,82;14,02;7,71;genie_electrique_et_electronique
10,9;11,54;8,16;13,97;13,63;8,0;11,23;10,12;13,33;10,27;10,54;20,0;7,58;8,81;15,3;sport_et_sciences_du_mouvement
8,87;8,64;11,35;11,5;12,34;12,04;9,52;12,87;14,33;10,12;12,24;20,0;6,09;6,75;12,13;sport_et_sciences_du_mouvement
12,86;13,51;13,19;14,79;8,63;12,71;14,97;12,67;18,63;13,04;10,34;14,39;7,19;9,33;17,16;sciences_veterinaires
16,11;19,47;8,22;7,77;12,51;8,77;11,85;20,0;11,64;12,15;4,82;13,4;12,07;11,45;9,2;genie_civil_et_construction
8,95;10,95;9,51;15,77;15,39;16,79;15,35;10,79;11,97;11,13;12,54;7,61;9,09;9,93;11,77;droit_et_sciences_politiques
19,71;13,16;10,81;15,1;10,36;9,7;14,69;16,11;9,6;17,14;16,67;12,73;1,68;17,57;8,98;sciences_actuarielles_et_statistiques
19,05;15,77;11,41;11,59;9,47;8,93;10,9;18,33;10,04;19,69;10,21;8,52;11,23;17,07;10,03;science_des_donnees_et_intelligence_artificielle
17,07;15,11;11,53;11,56;11,99;10,23;15,01;12,43;5,99;13,5;12,09;10,26;16,14;17,13;7,2;urbanisme_et_amenagement_du_territoire
15,46;12,73;15,51;11,55;10,71;10,52;11,98;12,08;19,41;11,29;6,05;14,67;10,78;11,32;19,12;medecine_et_sante
17,1;19,76;13,55;10,69;12,46;7,47;14,52;13,46;10,18;13,29;11,16;9,34;14,64;15,13;8,26;genie_electrique_et_electronique
11,69;14,81;8,0;9,25;15,95;13,06;17,11;16,99;8,45;11,28;9,43;11,34;16,54;11,44;11,3;urbanisme_et_amenagement_du_territoire
10,2;13,14;9,89;10,87;11,39;12,37;14,29;17,07;14,39;11,1;8,0;19,21;8,25;8,54;12,11;sport_et_sciences_du_mouvement
16,09;20,0;16,11;11,24;11,94;7,06;15,24;15,25;12,11;20,0;10,59;9,97;12,65;20,0;10,37;informatique_administration_reseaux_et_ia
16,48;9,22;8,61;15,31;15,74;14,99;17,31;17,23;7,76;12,03;18,2;13,15;10,72;16,21;6,91;economie_et_gestion
16,11;13,28;11,8;11,61;12,5;11,31;13,87;16,14;9,9;12,59;7,64;12,48;19,9;7,97;5,18;architecture_et_design_interieur
18,09;20,0;14,5;12,32;11,5;9,59;14,54;16,11;9,16;16,7;15,16;13,39;20,0;12,85;6,58;genie_civil_et_construction
18,4;13,96;13,66;10,3;8,63;12,96;15,44;12,66;5,91;15,1;15,84;12,57;6,95;20,0;4,34;sciences_actuarielles_et_statistiques
17,29;20,0;11,55;10,51;9,67;9,61;12,9;14,55;11,54;12,66;8,61;12,15;17,71;11,28;8,73;genie_mecanique_et_industriel
16,34;16,24;18,17;12,59;10,81;10,49;14,21;14,55;2,06;16,82;14,65;14,96;12,88;16,35;7,43;informatique_administration_reseaux_et_ia
14,33;17,76;15,46;10,02;13,03;10,51;13,46;14,78;14,96;13,95;9,23;13,0;16,19;16,37;10,7;genie_civil_et_construction
15,42;18,54;10,75;15,79;10,67;11,0;15,82;14,3;10,71;10,59;9,7;7,79;18,3;10,83;8,39;architecture_et_design_interieur
7,47;11,58;10,08;17,59;15,39;12,29;14,7;10,34;14,06;12,05;11,2;13,26;10,69;8,77;12,43;tourisme_et_hotellerie
16,19;19,47;15,97;11,43;10,12;6,17;9,17;17,63;9,52;14,03;8,02;15,69;18,27;14,92;6,91;genie_mecanique_et_industriel
14,83;11,85;8,44;6,33;11,01;6,4;8,99;15,82;11,07;18,25;10,77;10,2;7,4;15,45;11,99;cybersecurite_et_reseaux
20,0;14,56;11,19;14,0;12,93;7,03;16,25;16,14;10,57;16,93;17,05;9,42;7,92;19,54;7,59;sciences_actuarielles_et_statistiques
15,91;18,73;14,29;13,97;10,76;11,72;14,0;16,44;12,05;10,27;9,47;13,91;17,1;12,04;8,02;genie_mecanique_et_industriel
18,12;19,79;11,91;9,12;7,2;8,22;14,46;17,34;6,86;15,67;6,83;12,59;15,39;14,24;4,43;genie_electrique_et_electronique
19,38;19,07;12,26;11,81;13,19;9,65;14,89;11,95;11,56;17,63;8,11;7,96;15,69;12,54;7,03;genie_electrique_et_electronique
14,93;12,46;15,29;13,49;12,18;11,94;13,57;17,66;10,75;11,59;15,29;12,53;9,52;14,54;7,44;finance_comptabilite_et_audit
9,79;11,6;9,51;10,27;13,36;9,25;13,29;10,33;14,23;9,26;10,08;19,5;9,42;11,66;12,43;sport_et_sciences_du_mouvement
12,98;10,51;14,22;9,55;14,87;11,73;15,14;15,91;13,83;12,25;8,69;17,38;10,0;10,5;11,29;sport_et_sciences_du_mouvement
14,5;12,06;12,98;14,24;8,77;6,88;10,24;14,66;11,83;13,02;11,27;11,75;16,44;9,39;5,9;architecture_et_design_interieur
15,25;9,45;11,71;15,11;15,76;10,28;16,84;12,8;7,94;12,35;16,69;9,17;10,2;12,6;7,24;commerce_international_et_logistique
9,36;8,41;9,18;15,96;16,03;11,39;15,65;16,69;6,84;7,42;10,86;15,65;8,26;10,22;10,28;tourisme_et_hotellerie
9,98;8,5;9,73;17,54;15,86;16,6;16,53;11,31;11,8;11,82;13,46;12,77;9,59;9,52;6,37;droit_et_sciences_politiques
11,56;7,59;6,77;16,57;17,16;16,44;15,24;12,03;5,97;11,51;8,81;14,66;13,78;15,49;7,02;langues_et_communication
17,61;16,37;9,68;9,44;8,58;10,27;12,75;17,25;9,48;19,7;12,59;13,25;8,79;16,69;8,51;cybersecurite_et_reseaux
9,84;7,25;9,06;18,13;17,55;16,48;14,57;15,66;6,55;9,5;8,29;12,52;10,73;6,21;7,09;journalisme_et_medias
12,82;14,47;18,45;12,64;12,28;13,45;13,15;11,62;17,38;8,98;6,88;15,72;8,02;10,24;17,45;medecine_et_sante
10,82;10,62;15,55;11,66;13,82;12,02;10,29;14,27;18,12;7,19;12,53;13,53;5,64;9,55;15,69;agronomie_et_environnement
12,56;13,07;9,59;13,31;18,31;16,1;16,29;14,95;10,74;10,65;18,36;9,92;7,89;12,24;7,74;commerce_international_et_logistique
14,59;12,97;16,13;13,64;13,96;10,22;12,82;10,44;13,62;10,0;10,15;18,75;9,56;12,09;17,23;agronomie_et_environnement
10,72;13,7;15,3;11,09;9,74;11,9;12,05;14,81;16,71;12,98;8,76;16,51;8,2;11,72;19,99;sciences_veterinaires
10,22;16,86;20,0;11,48;11,58;14,17;9,96;13,15;18,19;10,2;8,16;8,5;5,66;11,13;20,0;biotechnologie_et_sciences_pharmaceutiques
12,66;13,13;15,74;10,75;13,11;12,73;13,27;14,04;18,9;8,16;11,53;18,78;11,02;13,12;16,88;agronomie_et_environnement
17,16;12,4;9,1;14,31;10,99;6,92;11,03;14,92;2,92;20,0;12,34;10,58;10,67;18,82;6,4;cybersecurite_et_reseaux
9,17;8,64;8,84;17,36;14,81;17,07;15,84;13,3;8,97;10,01;9,04;14,21;6,85;11,38;10,97;journalisme_et_medias
10,4;7,94;9,0;18,09;15,02;17,53;12,86;11,86;11,23;9,73;16,76;13,36;7,95;11,85;10,11;droit_et_sciences_politiques
8,15;8,16;10,28;13,84;17,1;14,72;18,3;14,45;13,9;11,23;10,12;10,1;9,3;10,82;12,14;journalisme_et_medias
15,82;15,5;10,9;11,0;10,63;10,44;13,03;15,62;10,73;11,58;6,72;12,01;16,99;10,29;8,97;architecture_et_design_interieur
6,8;5,07;11,03;15,64;17,82;16,83;13,74;11,45;9,17;7,39;14,03;12,91;10,21;9,19;5,81;droit_et_sciences_politiques
12,82;16,5;16,26;14,2;9,59;14,82;14,62;12,77;18,12;10,31;6,61;14,23;9,15;9,33;20,0;medecine_et_sante
16,78;13,9;12,43;9,58;11,37;6,41;13,57;16,96;10,51;13,49;12,7;11,04;8,22;18,64;7,18;sciences_actuarielles_et_statistiques
15,79;16,4;18,18;12,52;14,49;14,5;13,04;19,05;8,14;16,35;8,65;11,73;8,97;16,54;10,59;informatique_administration_reseaux_et_ia
19,92;16,31;11,44;11,94;12,03;9,01;13,4;14,93;12,18;18,35;12,41;5,3;10,51;18,93;10,66;science_des_donnees_et_intelligence_artificielle
19,43;18,14;9,83;9,9;8,19;14,03;15,28;17,2;12,18;19,46;9,55;10,97;9,71;18,51;12,98;science_des_donnees_et_intelligence_artificielle
8,74;8,89;11,69;17,53;15,74;15,55;16,52;15,62;8,63;11,71;10,76;13,75;14,19;9,66;9,55;journalisme_et_medias
16,69;18,61;11,58;8,86;10,44;7,17;12,01;15,83;9,03;13,12;6,53;10,29;18,66;12,79;8,0;genie_civil_et_construction
13,22;14,91;13,85;13,58;18,98;13,95;16,19;15,71;7,08;15,09;16,6;10,36;18,37;10,6;7,15;urbanisme_et_amenagement_du_territoire
14,47;16,63;15,24;13,76;10,52;9,55;12,75;18,34;10,63;16,34;10,29;14,08;9,05;15,44;9,84;informatique_administration_reseaux_et_ia
7,36;4,97;7,25;18,22;9,38;11,35;17,79;13,7;10,59;6,23;8,79;11,97;8,25;6,38;9,37;langues_et_communication
9,37;12,57;11,31;15,78;11,36;10,42;10,58;15,06;11,89;10,32;8,65;18,54;6,74;9,36;11,4;sport_et_sciences_du_mouvement
14,12;10,25;11,5;15,3;15,61;10,39;14,17;13,68;9,17;9,59;20,0;9,91;9,23;15,46;7,88;economie_et_gestion
18,95;14,15;11,7;11,91;10,45;11,67;14,44;12,38;11,11;19,72;9,62;8,73;12,4;19,73;10,91;science_des_donnees_et_intelligence_artificielle
9,02;7,0;12,02;16,71;17,43;17,56;11,0;14,37;12,97;11,17;7,17;12,35;11,92;11,04;9,46;sciences_sociales_et_sociologie
7,82;6,64;8,58;14,88;13,43;12,35;19,72;10,93;8,47;12,46;16,37;9,59;8,66;7,26;11,7;traduction_et_interpretariat
14,16;17,82;16,72;11,19;10,13;10,02;16,53;16,46;6,11;18,86;10,29;11,5;13,63;15,16;5,86;informatique_administration_reseaux_et_ia
20,0;19,36;10,65;12,48;8,32;9,84;14,35;15,55;11,65;20,0;9,33;8,42;17,64;15,21;8,79;genie_electrique_et_electronique
19,51;15,16;12,05;12,22;9,81;9,0;14,3;15,84;12,24;20,0;11,35;7,79;10,98;20,0;6,99;science_des_donnees_et_intelligence_artificielle
17,2;17,57;12,21;9,52;9,48;9,98;14,49;16,02;9,66;15,6;11,11;12,78;17,01;10,98;7,99;genie_civil_et_construction
7,27;7,8;8,86;16,89;14,03;12,04;19,97;12,21;16,0;8,86;10,7;10,77;9,81;11,22;13,34;langues_et_communication
12,45;11,82;11,87;10,46;15,59;12,42;9,32;15,98;11,64;7,97;10,15;13,78;17,94;15,63;6,04;urbanisme_et_amenagement_du_territoire
5,88;10,78;11,28;20,0;17,85;12,08;20,0;19,06;11,7;12,29;11,11;12,36;13,02;5,82;10,25;journalisme_et_medias
16,48;11,72;13,86;10,32;10,79;9,19;13,07;13,62;18,46;14,95;11,34;14,12;6,66;11,56;17,61;sciences_veterinaires
19,82;10,08;12,59;8,79;12,25;9,98;17,43;15,31;13,49;14,48;15,75;11,58;4,32;19,16;9,2;finance_comptabilite_et_audit
7,17;12,44;9,13;12,01;10,31;5,54;9,1;12,66;13,39;11,63;7,27;17,43;9,39;9,07;10,52;sport_et_sciences_du_mouvement
17,42;18,97;15,47;8,95;9,04;6,03;7,19;18,94;5,04;16,23;8,28;13,79;16,27;11,42;7,4;genie_mecanique_et_industriel
10,44;7,83;8,35;16,81;19,0;15,7;13,84;12,92;11,56;8,46;15,01;13,58;7,62;8,7;5,24;droit_et_sciences_politiques
10,89;9,12;9,71;19,98;16,65;9,99;18,62;12,28;11,56;14,22;14,97;15,99;10,95;8,88;6,69;tourisme_et_hotellerie
14,64;13,55;11,83;14,45;8,94;10,66;10,66;13,55;12,96;9,11;9,21;13,86;20,0;10,43;9,09;architecture_et_design_interieur
11,68;13,05;16,45;9,71;13,18;7,6;10,61;12,57;17,25;8,24;7,52;16,99;11,57;13,57;16,68;agronomie_et_environnement
15,22;17,72;13,3;12,78;8,47;10,46;11,65;12,87;12,71;12,62;6,52;14,13;13,91;12,55;8,48;genie_civil_et_construction
7,13;5,47;9,64;15,26;15,75;18,26;14,08;18,61;15,91;11,33;10,04;12,57;5,02;11,61;12,61;psychologie_et_sciences_de_l_education
18,5;13,46;11,95;13,33;11,04;10,41;15,28;16,52;9,24;18,06;12,38;8,53;11,95;17,75;8,03;science_des_donnees_et_intelligence_artificielle
9,92;12,79;17,52;10,89;11,77;11,72;11,21;11,9;19,24;9,69;7,07;17,42;9,5;10,45;19,73;agronomie_et_environnement
12,61;7,05;11,61;15,64;14,3;12,63;14,78;14,04;8,93;9,45;19,27;11,06;7,07;12,96;7,67;economie_et_gestion
16,97;19,71;14,61;11,01;11,87;10,8;13,07;17,75;7,29;15,49;6,43;13,48;15,17;15,64;9,88;genie_electrique_et_electronique
6,52;3,3;6,98;16,6;16,37;9,29;15,38;12,71;11,7;9,64;10,7;19,55;7,0;6,36;7,97;tourisme_et_hotellerie
8,55;8,08;9,36;18,84;14,8;7,5;16,77;13,92;9,75;9,99;10,33;14,31;10,28;10,47;8,64;tourisme_et_hotellerie
16,19;19,15;12,94;11,49;8,58;6,94;11,97;20,0;9,41;9,89;9,43;10,52;16,23;14,2;8,07;genie_mecanique_et_industriel
10,64;18,64;20,0;11,59;13,93;7,78;13,89;9,25;16,76;4,79;8,13;12,59;4,96;10,8;17,84;pharmacie
9,12;11,83;8,91;14,65;12,21;11,94;13,57;13,46;11,88;9,23;11,59;16,61;8,71;5,78;15,21;sport_et_sciences_du_mouvement
12,3;7,06;12,81;15,03;13,05;14,95;12,99;16,89;16,22;8,26;9,93;14,92;7,93;11,53;11,98;psychologie_et_sciences_de_l_education
11,67;9,4;10,65;15,58;16,72;12,14;16,45;12,08;11,74;13,12;14,13;13,78;12,15;10,08;10,12;tourisme_et_hotellerie
9,73;8,05;7,48;17,96;16,48;14,49;17,92;12,53;8,83;8,33;9,53;11,34;8,64;12,75;7,86;langues_et_communication
16,83;12,04;10,53;13,59;10,39;8,9;9,58;17,44;6,47;19,89;12,13;9,4;10,83;18,14;6,27;cybersecurite_et_reseaux
15,83;17,38;15,02;12,27;11,34;9,33;11,43;15,27;9,98;15,0;11,57;14,37;17,68;9,24;6,87;genie_civil_et_construction
16,91;14,01;10,36;12,3;13,03;11,4;13,76;16,3;9,43;12,83;11,36;11,04;19,81;14,11;8,69;architecture_et_design_interieur
8,5;12,39;12,45;16,59;11,68;14,79;12,13;17,32;15,9;9,74;8,04;9,83;9,83;11,26;10,52;psychologie_et_sciences_de_l_education
15,28;20,0;12,27;9,68;11,04;9,33;15,11;18,02;9,19;13,31;8,93;8,03;19,22;16,31;5,16;genie_mecanique_et_industriel
13,33;10,01;14,88;10,59;10,41;7,69;14,45;9,57;18,6;10,12;11,0;12,95;13,46;14,7;14,71;sciences_veterinaires
14,78;14,34;18,05;10,84;10,23;11,23;13,86;11,79;18,0;11,16;10,74;9,54;9,48;13,09;20,0;biotechnologie_et_sciences_pharmaceutiques
13,7;14,64;16,77;10,19;12,82;15,15;17,11;14,71;18,25;9,7;9,92;14,63;8,96;9,46;17,76;agronomie_et_environnement
15,67;13,92;12,18;12,56;13,82;12,85;15,29;16,4;10,5;9,72;17,99;11,61;12,86;16,24;9,65;commerce_international_et_logistique
16,37;16,87;9,47;11,59;11,19;11,27;16,48;14,18;7,59;12,13;9,41;10,4;17,85;11,28;7,92;architecture_et_design_interieur
7,54;7,03;7,44;20,0;14,2;14,28;15,3;10,5;5,51;9,79;9,94;11,59;9,77;6,8;7,44;langues_et_communication
13,41;13,08;10,0;13,11;13,27;10,98;17,85;12,17;8,76;10,96;20,0;8,04;10,2;15,16;6,72;economie_et_gestion
18,37;19,65;14,01;10,98;10,77;10,31;12,55;16,68;9,4;9,85;11,32;16,25;19,78;12,47;8,92;genie_mecanique_et_industriel
18,4;13,11;13,78;10,31;10,61;11,65;13,97;15,88;9,08;16,29;16,92;11,64;9,7;17,46;8,63;sciences_actuarielles_et_statistiques
12,79;14,9;14,57;12,53;11,24;11,12;9,01;15,04;17,06;12,95;11,35;10,73;8,98;11,22;20,0;sciences_veterinaires
11,62;16,2;18,53;14,11;8,59;14,98;13,85;15,36;15,7;11,93;10,69;10,82;10,25;13,2;17,3;medecine_et_sante
9,54;10,24;8,84;12,74;14,42;13,41;11,72;15,57;13,67;8,04;9,0;16,89;8,48;11,86;10,74;sport_et_sciences_du_mouvement
14,16;16,72;14,22;10,13;9,34;13,35;15,33;17,57;6,75;17,09;12,74;12,53;9,6;15,23;8,57;informatique_administration_reseaux_et_ia
17,19;18,38;15,67;15,16;9,21;12,76;13,88;18,25;8,16;15,36;12,78;11,98;8,11;16,32;5,99;informatique_administration_reseaux_et_ia
15,5;15,56;14,35;9,19;12,94;11,07;18,4;16,19;13,13;19,45;11,21;12,06;8,15;12,77;7,45;informatique_administration_reseaux_et_ia
15,78;16,44;12,34;9,9;11,2;12,97;13,95;14,66;11,62;11,8;10,39;13,24;14,72;14,52;8,05;genie_civil_et_construction
17,34;20,0;9,56;12,76;11,21;14,34;19,17;13,18;8,3;14,83;7,57;9,24;13,65;12,9;5,49;genie_electrique_et_electronique
10,44;9,92;9,49;12,6;13,8;11,06;15,52;11,86;12,51;9,2;11,04;17,78;10,16;9,28;11,59;sport_et_sciences_du_mouvement
13,74;14,35;19,15;12,49;9,83;10,16;14,5;14,55;13,56;11,13;9,19;11,44;7,62;13,23;19,19;pharmacie
17,38;15,72;13,97;11,22;13,87;7,4;11,22;17,62;9,73;17,24;12,04;7,25;13,03;13,86;10,22;informatique_administration_reseaux_et_ia
11,52;15,51;19,3;13,95;7,21;14,3;12,96;16,72;18,51;11,51;11,79;13,39;7,5;13,72;17,03;biotechnologie_et_sciences_pharmaceutiques
6,33;9,34;10,26;15,95;19,83;17,49;11,44;14,66;13,92;8,02;10,28;11,54;9,31;11,53;9,91;sciences_sociales_et_sociologie
13,16;17,58;19,08;14,05;10,13;11,03;14,34;13,84;17,5;9,79;8,95;8,52;8,17;12,88;17,12;pharmacie
11,03;13,54;17,75;9,58;15,15;8,87;11,47;13,59;16,74;10,2;11,07;14,57;8,71;8,55;16,08;sciences_veterinaires
20,0;19,55;8,11;14,34;6,78;11,07;14,41;14,41;12,94;20,0;13,74;9,69;10,49;15,13;10,96;genie_electrique_et_electronique
16,02;11,82;10,77;13,88;16,46;11,94;18,23;15,74;10,78;12,33;17,38;10,69;8,6;12,8;9,82;commerce_international_et_logistique
12,75;13,22;14,84;14,46;8,99;11,18;13,03;13,61;20,0;10,31;9,95;13,01;8,99;11,51;18,48;sciences_veterinaires
14,44;9,45;9,89;12,47;15,32;17,81;17,59;14,65;9,21;10,77;15,09;10,85;8,75;16,07;10,14;commerce_international_et_logistique
10,66;11,76;8,62;11,34;11,24;10,4;12,99;10,0;12,26;10,85;8,32;18,78;10,42;11,17;12,17;sport_et_sciences_du_mouvement
17,79;19,36;13,71;11,82;7,04;10,11;16,4;15,77;9,66;15,61;12,19;14,28;14,1;15,1;10,32;genie_electrique_et_electronique
8,59;9,44;10,23;16,63;12,95;16,86;10,68;14,92;14,16;9,33;7,48;16,1;10,27;10,08;14,72;psychologie_et_sciences_de_l_education
15,04;15,64;9,23;14,88;11,99;10,88;12,59;14,84;10,77;10,93;10,66;12,58;18,06;6,27;8,37;architecture_et_design_interieur
18,54;20,0;14,7;12,94;10,72;9,77;15,69;15,23;11,02;14,24;11,43;9,32;18,41;16,42;10,13;genie_civil_et_construction
14,4;16,88;18,23;14,28;12,78;12,06;12,37;11,77;17,78;11,61;9,32;14,89;7,59;11,35;18,58;medecine_et_sante
14,27;15,91;11,5;11,69;9,6;6,65;14,32;15,85;6,17;18,58;11,48;11,06;9,29;15,33;6,42;cybersecurite_et_reseaux
12,48;15,22;7,43;15,37;14,2;11,7;14,94;12,37;8,54;9,54;10,59;10,53;14,23;12,21;7,84;urbanisme_et_amenagement_du_territoire
16,34;13,77;12,09;12,02;15,84;12,51;19,17;16,19;9,81;10,59;15,89;13,36;9,47;14,72;10,36;commerce_international_et_logistique
18,14;20,0;11,79;10,91;7,81;9,0;15,3;18,65;7,09;14,24;9,68;12,86;15,08;12,97;8,35;genie_electrique_et_electronique
13,6;13,03;11,27;13,09;10,7;7,49;13,67;14,43;20,0;11,47;11,02;12,66;10,82;11,84;18,54;sciences_veterinaires
9,37;10,42;10,07;17,34;16,82;17,72;15,56;15,79;13,54;12,97;10,2;16,6;12,05;12,74;14,7;sciences_sociales_et_sociologie
10,02;11,49;14,57;11,71;12,01;10,33;11,74;12,82;17,73;6,48;6,88;13,51;10,07;11,42;18,23;sciences_veterinaires
11,55;11,99;12,98;18,31;16,4;16,37;12,37;16,6;13,11;14,87;12,76;17,32;9,31;11,2;12,84;sciences_sociales_et_sociologie
11,39;12,35;8,01;16,4;12,88;9,88;12,81;20,0;11,66;9,11;11,15;16,66;10,24;7,84;16,01;sport_et_sciences_du_mouvement
9,67;8,73;8,91;14,37;14,37;15,56;18,16;13,63;13,76;13,04;9,57;13,17;9,91;8,98;9,45;journalisme_et_medias
12,83;13,21;14,95;11,12;12,36;8,83;12,71;12,82;17,84;10,79;8,4;15,47;7,13;9,62;16,12;sciences_veterinaires
14,23;15,28;19,09;11,46;12,74;10,57;10,24;11,62;18,27;9,93;10,05;15,75;8,15;13,31;18,97;pharmacie
20,0;17,2;14,4;13,29;8,62;7,83;13,2;13,7;13,29;19,52;12,93;8,36;10,21;18,59;9,25;science_des_donnees_et_intelligence_artificielle
16,14;16,18;18,7;11,83;8,01;10,8;17,11;13,12;18,87;12,82;7,81;12,69;10,71;10,87;19,6;medecine_et_sante
19,02;15,54;11,57;12,34;11,94;8,11;13,02;16,01;10,16;19,24;12,26;10,21;11,85;18,44;8,9;science_des_donnees_et_intelligence_artificielle
14,25;11,93;15,1;13,36;13,59;9,62;10,27;11,18;14,76;11,13;12,75;16,36;10,5;10,14;18,86;agronomie_et_environnement
16,91;18,34;15,15;14,55;11,12;11,18;15,46;11,66;10,74;12,46;12,59;13,19;16,88;13,23;8,91;genie_mecanique_et_industriel
15,77;19,05;12,89;10,8;10,07;8,42;12,84;14,98;10,5;14,48;8,91;12,49;17,45;13,95;7,24;genie_mecanique_et_industriel
9,72;15,07;20,0;8,93;11,33;10,47;11,38;11,91;17,82;9,53;7,28;9,95;10,5;10,51;17,49;pharmacie
10,47;15,01;13,92;11,42;11,93;9,39;12,94;11,54;12,8;11,48;8,7;17,53;9,79;11,1;12,78;sport_et_sciences_du_mouvement
10,92;10,43;10,46;14,41;12,26;9,37;10,69;14,97;12,77;11,44;10,82;17,59;6,21;10,19;11,2;sport_et_sciences_du_mouvement
12,61;13,24;12,64;10,51;16,68;9,72;10,7;11,46;14,87;11,08;10,23;16,03;8,28;10,26;14,95;sport_et_sciences_du_mouvement
14,75;10,84;10,59;15,13;12,72;13,12;15,26;15,16;10,04;11,34;20,0;11,82;9,95;13,48;7,33;economie_et_gestion
16,61;19,57;15,23;14,3;11,6;9,49;12,54;12,97;9,11;14,58;8,99;16,07;17,43;13,46;7,9;genie_mecanique_et_industriel
11,18;8,3;9,95;20,0;15,68;16,5;15,84;11,85;6,78;11,76;14,97;12,24;11,24;12,77;9,3;journalisme_et_medias
14,54;7,9;9,99;17,11;12,75;13,33;14,46;15,03;13,74;14,3;18,35;14,54;8,14;16,18;7,98;economie_et_gestion
13,49;11,71;14,4;12,92;15,36;10,4;17,02;12,54;11,93;13,51;14,8;15,99;6,62;17,54;11,35;economie_et_gestion
17,13;19,84;11,23;10,5;11,87;9,69;12,8;13,75;9,84;9,95;8,7;13,24;19,63;12,63;5,96;genie_mecanique_et_industriel
16,0;19,35;12,62;11,83;13,79;6,42;10,03;15,63;7,32;10,41;8,13;10,74;18,74;13,09;6,88;genie_mecanique_et_industriel
9,72;6,97;10,44;15,29;19,14;19,78;11,44;13,44;11,36;11,81;13,62;12,55;8,12;15,57;9,53;sciences_sociales_et_sociologie
15,26;11,03;13,54;12,84;15,61;11,75;14,97;16,88;10,27;10,51;14,26;12,72;8,7;13,82;10,4;economie_et_gestion
9,66;9,33;8,85;16,54;14,21;18,26;11,65;17,31;13,79;9,1;10,45;13,12;10,56;7,73;6,7;psychologie_et_sciences_de_l_education
8,19;7,6;10,25;13,9;11,67;17,98;10,3;18,55;11,28;12,25;9,41;11,43;11,31;9,76;11,63;psychologie_et_sciences_de_l_education
15,37;15,05;16,44;9,77;13,31;11,14;16,48;13,37;15,81;10,23;6,22;12,98;7,2;11,89;18,81;medecine_et_sante
19,14;19,98;12,78;11,02;8,23;13,11;14,76;15,46;8,06;16,01;10,26;11,52;14,54;14,39;6,48;genie_electrique_et_electronique
13,23;13,63;18,55;9,92;13,09;8,85;12,79;10,51;14,47;10,27;12,21;12,12;9,63;13,31;18,99;pharmacie
16,99;15,76;11,92;11,81;11,71;10,42;14,46;15,32;9,1;14,16;7,06;15,16;19,04;10,17;8,21;architecture_et_design_interieur
16,6;14,27;10,76;14,45;9,91;11,4;13,49;13,06;10,97;13,65;13,87;8,11;18,18;15,23;10,28;architecture_et_design_interieur
11,71;7,74;11,96;18,28;17,3;15,63;14,86;13,04;10,64;9,26;13,79;13,06;12,47;8,05;8,24;droit_et_sciences_politiques
18,03;20,0;14,14;13,6;12,94;8,9;11,37;15,74;10,31;15,85;9,17;8,12;14,8;12,88;6,12;genie_electrique_et_electronique
11,91;14,87;11,75;15,89;14,71;11,99;12,95;16,88;13,77;12,54;6,96;19,4;11,24;10,76;15,0;sport_et_sciences_du_mouvement
6,86;8,04;9,69;15,96;14,99;17,75;16,57;15,9;13,75;9,9;11,56;10,74;6,12;11,09;11,35;sciences_sociales_et_sociologie
12,1;9,08;9,35;15,63;19,54;14,67;16,0;13,54;7,46;12,62;16,49;12,16;8,06;13,45;8,31;commerce_international_et_logistique
16,3;19,29;13,36;11,41;8,08;9,57;15,05;17,44;7,47;10,37;9,41;13,82;16,16;12,12;7,03;genie_mecanique_et_industriel
11,41;8,64;10,57;14,95;16,81;14,32;16,23;13,25;8,64;11,36;12,51;11,14;7,94;15,72;7,86;commerce_international_et_logistique
15,78;14,49;11,92;12,59;11,65;9,78;13,48;16,2;12,29;12,21;9,97;12,65;20,0;10,91;7,47;architecture_et_design_interieur
19,18;11,99;12,86;13,23;11,71;9,9;19,85;16,21;9,94;13,02;16,18;13,8;6,95;19,77;8,2;finance_comptabilite_et_audit
18,62;14,16;11,81;10,01;12,15;9,35;16,29;16,79;4,49;17,79;12,28;11,22;13,35;17,75;8,03;science_des_donnees_et_intelligence_artificielle
18,08;19,76;15,84;15,09;11,35;8,6;13,96;14,32;12,64;13,2;11,32;11,74;19,68;16,13;8,6;genie_mecanique_et_industriel
17,04;20,0;12,88;11,65;3,78;5,86;10,05;16,84;9,58;15,92;9,58;15,41;14,26;14,07;4,67;genie_electrique_et_electronique
13,13;10,57;9,31;14,88;13,63;13,65;15,37;11,78;10,78;10,08;15,97;14,56;9,08;14,6;9,79;commerce_international_et_logistique
8,71;6,44;8,44;16,61;12,67;11,87;18,66;11,05;6,0;8,14;12,44;12,38;8,52;8,25;7,61;traduction_et_interpretariat
15,1;20,0;14,44;10,89;8,1;9,47;12,01;16,18;8,99;11,44;7,71;12,13;16,38;10,58;5,6;genie_mecanique_et_industriel
10,66;13,68;15,54;13,85;8,02;13,09;12,63;14,32;19,05;6,27;8,02;11,61;9,65;9,88;18,73;sciences_veterinaires
7,71;8,51;7,04;17,37;15,17;13,73;16,58;10,34;8,8;5,78;8,22;10,36;8,28;7,15;7,08;langues_et_communication
11,9;8,64;10,89;17,69;16,47;9,53;14,86;10,63;9,91;11,97;15,88;17,9;9,27;10,8;6,2;tourisme_et_hotellerie
17,37;12,75;12,57;12,71;10,54;13,29;14,78;17,03;13,13;14,5;18,06;12,71;8,13;17,32;8,63;finance_comptabilite_et_audit
16,7;16,89;12,53;12,03;10,23;10,03;12,02;14,88;13,53;14,88;7,95;13,25;14,82;13,72;9,26;genie_civil_et_construction
10,08;5,38;7,61;18,42;15,19;13,96;18,91;14,18;7,99;11,55;11,05;11,46;7,0;9,67;7,68;langues_et_communication
15,13;17,61;13,48;12,26;13,52;13,87;14,15;12,81;12,92;10,08;10,06;13,31;20,0;12,64;11,61;genie_mecanique_et_industriel
10,61;13,89;19,36;11,55;12,93;14,51;12,5;11,43;19,34;12,0;7,4;12,1;8,1;10,17;19,99;biotechnologie_et_sciences_pharmaceutiques
15,08;14,39;11,86;12,23;11,95;11,05;13,32;15,77;7,75;12,31;10,8;10,17;20,0;8,46;7,03;architecture_et_design_interieur
9,36;7,57;9,0;13,53;15,18;12,04;16,23;15,11;9,8;8,25;12,0;12,26;7,09;10,08;9,81;tourisme_et_hotellerie
12,96;18,6;12,36;9,56;12,17;8,88;14,77;17,21;7,65;9,53;10,49;14,72;17,38;11,72;7,08;genie_mecanique_et_industriel
16,43;17,87;9,18;10,39;10,37;9,84;15,16;15,59;10,17;11,23;9,67;14,88;15,37;16,52;10,18;genie_civil_et_construction
10,82;5,34;11,69;16,46;14,44;13,01;15,69;14,94;9,29;11,41;11,21;12,56;8,98;11,6;11,13;tourisme_et_hotellerie
9,3;10,22;12,37;19,22;17,81;14,51;10,51;15,15;17,68;9,59;11,6;10,03;10,12;12,82;13,34;sciences_sociales_et_sociologie
13,93;10,77;14,22;11,68;12,87;7,49;11,49;13,3;20,0;9,42;8,35;13,18;9,26;11,96;16,11;sciences_veterinaires
15,59;15,61;8,46;9,75;12,89;11,77;14,81;16,65;11,57;10,09;5,95;10,96;18,82;12,45;10,26;architecture_et_design_interieur
16,18;20,0;16,08;14,28;11,1;10,1;12,63;15,04;14,43;15,68;8,28;14,71;20,0;13,64;11,48;genie_mecanique_et_industriel
13,31;17,01;20,0;12,06;12,61;9,09;12,85;12,47;17,09;12,18;10,5;14,92;7,85;10,9;16,39;pharmacie
18,71;20,0;12,56;11,86;11,65;10,16;11,57;16,7;9,32;17,58;7,31;11,95;17,15;15,8;7,7;genie_electrique_et_electronique
6,23;8,35;7,46;20,0;10,75;11,95;17,29;8,91;2,91;13,01;6,53;14,32;4,89;8,2;4,87;traduction_et_interpretariat
17,71;8,65;12,78;16,32;15,55;11,52;17,16;12,37;8,42;9,38;16,54;12,31;9,85;15,57;7,75;commerce_international_et_logistique
14,79;17,7;17,01;15,47;10,95;14,19;13,32;14,89;16,81;14,56;11,45;12,9;10,59;14,49;17,38;medecine_et_sante
12,52;11,73;14,82;11,02;13,51;11,22;12,41;13,97;17,46;8,8;6,86;17,8;6,59;12,14;20,0;agronomie_et_environnement
17,01;19,2;13,75;11,87;12,31;8,7;13,72;16,9;10,41;11,31;9,03;12,23;15,06;14,54;9,91;genie_electrique_et_electronique
18,66;19,82;15,61;12,61;8,3;12,0;15,03;13,93;10,0;17,3;11,97;10,45;16,47;17,29;9,8;genie_electrique_et_electronique
14,3;16,01;9,7;11,03;10,43;12,36;11,8;16,32;10,61;9,22;5,43;12,44;17,7;11,5;9,3;architecture_et_design_interieur
9,89;10,35;11,1;14,87;15,6;12,42;17,59;14,41;8,23;8,14;9,05;15,68;7,88;12,74;9,78;tourisme_et_hotellerie
15,36;12,03;14,18;14,12;14,72;9,33;15,11;16,83;10,52;12,46;15,88;12,24;6,56;15,18;6,79;finance_comptabilite_et_audit
14,13;15,63;17,33;10,02;12,33;11,35;14,31;12,02;18,34;9,78;8,49;11,92;5,32;12,11;16,1;medecine_et_sante
14,91;16,52;10,2;9,16;12,4;10,07;19,29;15,85;4,95;18,61;11,9;12,66;8,02;15,46;6,15;cybersecurite_et_reseaux
11,85;8,88;9,58;15,73;15,61;13,32;16,71;14,64;11,25;11,15;11,88;14,65;12,1;9,58;7,67;tourisme_et_hotellerie
10,72;7,77;6,95;15,58;19,3;14,48;19,09;15,22;10,87;9,37;7,92;11,98;12,44;10,63;7,43;journalisme_et_medias
17,31;14,75;11,8;11,31;10,84;5,21;16,05;13,29;6,91;15,2;15,97;7,41;11,03;17,87;5,29;sciences_actuarielles_et_statistiques
13,77;15,9;14,37;11,27;5,93;9,05;16,13;14,81;17,91;11,02;6,83;17,34;11,68;12,51;15,61;sciences_veterinaires
9,87;7,24;7,14;17,66;14,24;12,67;19,61;11,96;12,19;12,08;9,19;12,45;9,75;8,92;10,36;langues_et_communication
14,92;13,54;16,17;14,4;8,14;10,25;15,97;11,61;19,15;11,61;9,17;12,85;6,97;12,22;20,0;biotechnologie_et_sciences_pharmaceutiques
5,84;6,07;8,22;17,12;12,68;16,19;16,92;14,56;10,63;6,9;10,11;14,08;10,54;8,42;8,95;langues_et_communication
9,24;7,85;8,79;16,29;14,62;10,24;17,3;13,05;14,87;9,13;9,68;16,75;10,79;10,39;12,12;tourisme_et_hotellerie
12,33;7,82;8,78;18,04;14,94;7,83;17,0;14,6;12,2;13,18;10,48;13,97;11,82;9,88;11,02;tourisme_et_hotellerie
7,72;5,74;7,87;19,6;15,39;16,01;13,75;15,94;6,03;8,98;9,26;8,55;7,25;9,07;9,11;droit_et_sciences_politiques
15,29;10,19;11,4;15,1;15,14;10,08;19,36;13,92;7,32;11,07;15,51;14,36;11,18;17,59;9,15;commerce_international_et_logistique
11,57;15,34;19,96;14,09;8,91;12,6;13,88;14,71;19,21;11,27;10,99;10,0;8,03;10,4;19,7;pharmacie
13,7;12,64;8,91;11,64;10,11;11,34;13,23;13,41;10,81;9,12;10,04;13,03;17,13;8,86;7,18;architecture_et_design_interieur
14,67;15,91;18,7;14,44;10,06;13,68;12,44;15,69;17,3;13,06;10,87;13,89;9,66;12,16;17,14;medecine_et_sante
6,49;5,83;9,06;17,74;13,63;14,09;17,21;13,82;7,08;9,97;9,27;12,7;6,1;7,8;7,39;langues_et_communication
15,55;10,49;12,28;15,77;12,26;14,39;17,2;16,13;11,5;15,64;18,92;15,19;7,35;15,27;10,75;economie_et_gestion
10,44;16,08;19,45;12,08;9,89;13,17;15,58;13,01;18,12;11,16;10,01;8,4;5,81;11,7;20,0;biotechnologie_et_sciences_pharmaceutiques
6,9;5,85;7,72;17,77;11,35;14,28;16,29;12,21;9,02;9,78;8,85;14,04;11,14;7,06;9,43;langues_et_communication
12,73;7,53;10,79;15,7;13,79;15,09;15,61;17,86;16,02;12,16;10,12;9,7;11,01;12,83;11,34;psychologie_et_sciences_de_l_education
18,24;16,31;13,28;12,12;12,91;8,49;12,63;17,18;8,84;17,69;14,99;10,03;8,73;18,4;10,8;sciences_actuarielles_et_statistiques
16,02;10,81;9,9;14,35;15,66;13,51;15,04;15,94;6,66;15,68;17,41;11,98;7,82;15,51;9,16;economie_et_gestion
20,0;15,17;10,75;10,77;11,99;14,8;16,05;13,82;14,82;19,04;13,33;8,89;11,03;18,77;11,48;science_des_donnees_et_intelligence_artificielle
13,13;7,47;9,79;18,69;18,46;10,1;17,45;12,17;7,21;12,29;14,23;17,77;11,16;11,49;8,37;tourisme_et_hotellerie
11,46;11,33;10,54;14,27;9,35;17,55;12,52;18,68;12,97;12,73;8,16;12,33;11,9;12,76;7,8;psychologie_et_sciences_de_l_education
14,25;13,31;13,66;11,86;15,95;13,08;17,56;17,93;9,98;12,15;19,5;14,31;5,61;14,74;9,03;economie_et_gestion
19,0;16,77;13,18;12,76;11,57;9,37;14,2;14,58;12,31;18,83;10,37;10,46;9,76;19,83;10,59;science_des_donnees_et_intelligence_artificielle
17,45;10,54;11,96;14,22;17,38;12,05;17,16;13,36;10,04;15,57;19,8;11,51;7,39;17,91;9,62;economie_et_gestion
15,73;14,06;14,19;14,28;16,28;8,89;12,34;11,92;7,15;14,17;10,41;11,18;17,82;15,88;9,95;urbanisme_et_amenagement_du_territoire
11,69;12,27;11,24;11,84;12,4;12,12;14,65;13,85;14,55;9,6;11,82;18,63;9,76;9,21;14,02;sport_et_sciences_du_mouvement
8,47;6,31;12,04;16,38;12,85;17,31;11,42;17,22;14,51;10,08;9,36;14,71;8,8;13,62;10,17;psychologie_et_sciences_de_l_education
15,71;14,47;16,77;14,06;11,15;13,51;11,37;15,34;18,34;11,44;6,51;15,21;9,79;11,6;18,65;medecine_et_sante
8,74;13,35;16,58;9,95;12,94;7,54;17,15;14,25;18,4;6,8;5,27;13,93;13,21;7,2;16,03;sciences_veterinaires
16,37;19,99;16,5;12,52;14,74;9,71;16,05;14,13;7,53;16,91;10,31;10,64;15,22;14,85;7,54;genie_electrique_et_electronique
12,78;13,94;10,73;11,29;16,58;14,1;16,69;15,07;10,28;11,21;12,76;12,0;15,06;10,9;6,5;urbanisme_et_amenagement_du_territoire
13,23;18,61;11,97;7,28;9,36;10,9;13,84;14,48;8,95;9,57;4,53;11,96;14,29;10,26;3,82;genie_mecanique_et_industriel
13,09;13,95;16,4;8,86;12,78;12,23;14,34;13,79;18,46;10,0;10,7;16,5;8,48;12,33;20,0;agronomie_et_environnement
14,88;11,7;13,52;11,74;14,09;9,67;15,63;16,85;5,26;19,0;11,61;6,21;9,11;13,4;9,06;cybersecurite_et_reseaux
15,63;16,24;14,84;11,97;8,82;8,9;13,43;16,66;6,51;18,69;9,89;10,72;9,74;16,35;4,63;cybersecurite_et_reseaux
10,0;8,06;8,58;17,67;15,75;11,02;16,75;13,5;10,92;9,33;15,27;15,95;12,33;10,84;7,35;tourisme_et_hotellerie
17,14;13,23;13,08;15,59;13,67;9,59;16,68;16,21;10,14;13,35;18,71;13,04;8,86;15,26;5,18;finance_comptabilite_et_audit
17,18;13,03;17,46;15,73;15,0;12,79;10,83;17,64;13,51;11,89;19,52;15,0;10,86;18,57;10,8;economie_et_gestion
14,52;12,5;17,64;7,96;12,14;10,89;15,44;8,03;16,41;8,96;9,49;11,84;7,12;13,84;19,13;biotechnologie_et_sciences_pharmaceutiques
10,97;9,32;9,55;9,54;12,95;10,51;13,37;15,47;13,51;7,99;8,21;16,0;9,96;11,08;12,43;sport_et_sciences_du_mouvement
17,36;18,9;10,77;9,38;10,13;13,42;14,55;19,38;12,73;14,27;10,45;10,5;16,43;14,08;10,46;genie_electrique_et_electronique
11,16;15,72;19,44;13,94;5,8;14,71;17,46;16,08;18,0;12,98;9,08;9,59;9,68;11,03;17,7;pharmacie
16,34;19,96;14,42;13,16;10,9;7,93;14,26;17,15;9,69;15,93;6,03;12,37;12,24;12,96;7,52;genie_electrique_et_electronique
15,13;9,49;14,23;11,41;14,62;13,46;16,43;17,31;9,47;12,13;19,43;13,19;7,63;16,06;10,49;economie_et_gestion
16,32;13,05;11,28;7,76;9,28;12,55;12,19;15,51;9,3;18,24;9,55;9,15;8,13;14,55;9,82;cybersecurite_et_reseaux
14,07;13,62;17,28;11,68;10,09;11,43;14,7;11,08;15,47;11,46;10,79;13,0;8,84;15,29;17,51;biotechnologie_et_sciences_pharmaceutiques
14,82;18,03;13,8;13,32;16,71;11,69;13,6;14,37;8,4;13,39;13,16;14,29;18,47;13,1;5,68;urbanisme_et_amenagement_du_territoire
20,0;16,99;12,72;12,75;13,79;8,83;13,59;13,46;9,16;15,8;15,29;12,25;7,21;17,66;10,87;sciences_actuarielles_et_statistiques
5,17;6,0;8,16;16,58;11,57;13,99;16,35;11,4;6,06;8,18;8,48;11,48;6,26;4,17;7,63;traduction_et_interpretariat
11,43;12,75;10,34;9,97;10,89;13,45;15,43;16,39;14,14;10,74;8,03;20,0;11,19;10,62;14,05;sport_et_sciences_du_mouvement
17,5;15,25;14,22;14,13;9,74;11,0;16,54;12,53;12,22;19,2;13,11;9,07;10,8;19,46;5,72;science_des_donnees_et_intelligence_artificielle
8,69;11,94;13,72;12,21;10,2;10,17;14,76;13,35;19,57;10,13;7,59;11,89;10,77;9,24;17,6;sciences_veterinaires
15,89;11,8;11,75;13,13;12,13;6,29;13,37;18,82;12,06;14,59;16,75;11,01;7,08;16,52;7,53;sciences_actuarielles_et_statistiques
16,64;9,3;11,08;16,56;17,34;8,5;19,94;14,47;8,39;14,89;16,67;7,03;10,32;12,97;6,63;commerce_international_et_logistique
11,87;13,56;17,5;14,21;9,92;9,24;14,28;14,7;19,69;7,76;10,5;12,99;9,37;7,29;14,76;sciences_veterinaires
13,95;15,28;11,55;11,06;8,22;12,17;15,03;16,93;13,51;16,31;9,25;9,45;9,06;13,13;8,64;informatique_administration_reseaux_et_ia
11,49;14,21;19,12;15,28;9,08;14,14;14,38;15,04;17,04;11,6;8,17;16,13;8,96;8,57;18,29;medecine_et_sante
18,72;19,67;12,29;9,68;8,64;12,21;13,78;16,05;11,23;16,13;8,76;12,96;15,83;15,48;11,45;genie_electrique_et_electronique
20,0;15,19;11,2;12,28;11,16;16,3;14,34;16,96;13,56;19,42;10,61;13,05;12,17;18,57;11,19;science_des_donnees_et_intelligence_artificielle
10,13;15,42;19,35;13,28;8,89;11,17;15,95;13,45;17,9;6,82;9,65;14,29;9,0;12,66;18,5;pharmacie
16,38;19,84;12,47;9,48;10,22;10,36;15,13;17,09;8,18;15,55;8,61;8,42;15,16;16,07;7,66;genie_electrique_et_electronique
11,29;9,93;9,23;19,52;17,22;15,98;14,72;11,61;7,51;11,11;11,69;11,08;8,87;12,54;4,75;droit_et_sciences_politiques
16,3;5,83;11,05;13,47;13,13;15,27;13,56;16,07;9,08;14,16;17,89;12,21;6,88;13,16;7,41;economie_et_gestion
12,1;9,36;7,87;12,51;15,83;8,77;11,47;17,11;12,32;13,15;8,21;15,47;10,8;8,58;13,19;sport_et_sciences_du_mouvement
11,81;17,54;17,27;12,28;6,83;12,97;14,61;13,3;17,65;10,37;6,68;11,59;5,56;12,01;19,67;biotechnologie_et_sciences_pharmaceutiques
17,84;18,19;11,5;10,56;8,52;8,6;10,91;14,38;11,66;14,18;8,67;14,1;16,46;12,6;9,92;genie_civil_et_construction
11,42;14,3;20,0;9,26;13,19;9,87;13,06;13,47;18,24;10,96;7,32;10,2;7,79;12,14;16,69;biotechnologie_et_sciences_pharmaceutiques
8,33;11,65;10,36;17,07;15,64;12,89;16,04;14,91;10,33;10,11;10,85;16,08;9,5;8,58;8,61;tourisme_et_hotellerie
16,58;20,0;11,02;10,43;9,02;10,64;15,47;17,27;12,23;15,27;11,15;10,63;10,35;15,26;11,35;genie_electrique_et_electronique
17,48;11,38;10,55;13,15;15,47;10,82;15,29;14,62;9,57;14,93;18,94;11,79;11,06;15,34;9,12;economie_et_gestion
20,0;12,49;12,91;11,59;11,44;7,92;16,01;14,4;11,26;15,01;17,49;10,16;8,74;20,0;12,34;sciences_actuarielles_et_statistiques
16,13;18,96;13,85;13,25;8,68;9,29;14,75;17,27;14,14;18,95;9,53;10,71;8,9;14,84;9,82;informatique_administration_reseaux_et_ia
8,78;9,63;13,42;13,91;11,36;18,4;14,56;17,12;15,41;8,27;9,72;12,93;7,39;12,27;8,64;psychologie_et_sciences_de_l_education
16,98;11,57;15,83;10,58;11,32;13,01;18,37;14,62;9,01;16,45;19,75;11,13;10,64;15,41;8,21;finance_comptabilite_et_audit
12,43;7,04;10,17;14,08;13,81;12,69;19,0;13,01;6,89;9,19;17,11;11,73;10,84;14,18;6,75;economie_et_gestion
11,6;7,09;9,9;17,83;16,16;15,06;15,62;14,9;9,82;13,29;9,4;14,71;10,96;11,56;7,89;langues_et_communication
13,68;14,39;16,55;11,39;9,81;13,5;15,3;12,0;18,86;13,97;9,03;12,92;7,53;13,36;17,51;medecine_et_sante
9,05;9,57;10,58;16,4;14,57;18,83;17,61;12,68;11,42;9,71;12,97;10,52;8,62;6,72;7,92;droit_et_sciences_politiques
16,04;12,46;14,57;14,43;15,45;12,39;16,61;16,03;4,36;12,89;19,63;12,82;8,82;12,75;4,05;finance_comptabilite_et_audit
5,23;10,52;10,94;12,71;14,17;17,72;16,13;17,11;16,21;6,64;9,4;16,07;7,13;9,45;15,9;psychologie_et_sciences_de_l_education
11,36;6,92;9,38;17,07;15,5;15,89;14,1;18,28;15,39;12,45;8,01;13,53;12,87;13,33;12,27;psychologie_et_sciences_de_l_education
8,51;8,66;8,28;17,27;15,72;16,96;15,71;13,27;9,12;12,07;11,34;13,46;9,27;8,25;11,4;journalisme_et_medias
16,73;14,22;7,17;10,31;15,18;9,37;13,87;16,08;6,54;19,99;13,93;7,57;10,25;15,09;9,27;cybersecurite_et_reseaux
12,33;11,32;10,13;14,7;11,37;13,64;11,52;13,27;13,76;8,27;9,49;19,52;10,99;9,88;16,2;sport_et_sciences_du_mouvement
18,94;10,39;11,95;16,06;15,31;6,98;19,8;13,51;9,1;14,99;18,17;15,7;11,05;15,01;8,35;commerce_international_et_logistique
12,36;6,33;7,39;17,87;18,68;17,8;14,21;15,55;9,81;9,11;14,81;11,43;8,04;10,53;8,72;droit_et_sciences_politiques
11,61;7,99;12,12;19,67;9,74;13,76;12,76;18,14;17,19;9,22;11,75;11,99;10,93;9,22;10,03;psychologie_et_sciences_de_l_education
16,48;14,79;18,25;13,21;12,87;11,78;14,55;12,74;17,24;13,23;8,37;13,07;7,64;13,39;20,0;medecine_et_sante
16,26;18,97;14,26;12,43;11,21;10,21;11,6;12,24;11,75;16,9;10,4;11,06;16,31;11,72;5,48;genie_mecanique_et_industriel
11,59;9,19;9,11;16,84;19,63;16,53;13,89;11,85;11,17;11,46;14,02;10,63;9,85;11,25;6,84;droit_et_sciences_politiques
6,84;6,51;5,61;18,82;11,82;14,6;17,06;11,15;6,92;8,59;7,6;10,49;7,33;8,63;9,27;langues_et_communication
8,08;9,67;7,04;18,44;15,41;17,23;13,95;12,25;9,53;6,11;12,48;12,1;6,92;10,07;7,4;droit_et_sciences_politiques
10,98;6,72;11,63;14,51;9,57;19,34;11,67;19,02;14,62;12,16;10,99;11,37;10,85;8,18;7,86;psychologie_et_sciences_de_l_education
18,82;16,34;12,84;14,24;14,08;13,83;11,39;14,69;6,27;15,64;15,63;10,12;8,98;17,96;9,14;sciences_actuarielles_et_statistiques
15,69;15,37;19,2;13,82;12,07;11,79;11,26;14,24;18,03;12,78;8,67;16,08;7,7;12,38;17,41;medecine_et_sante
10,68;6,34;9,11;14,69;16,43;10,47;18,03;14,94;7,99;11,91;12,66;14,81;7,0;9,81;9,14;tourisme_et_hotellerie
13,99;12,97;19,21;10,56;9,44;8,73;14,91;12,43;17,95;10,3;9,02;7,57;12,1;14,7;20,0;pharmacie
12,47;11,29;15,7;7,93;12,22;10,36;11,08;14,52;19,19;9,07;8,35;19,19;9,1;13,42;19,56;agronomie_et_environnement
17,38;15,58;9,65;11,7;10,51;9,38;14,32;18,26;7,93;20,0;8,98;10,88;9,97;17,31;9,93;science_des_donnees_et_intelligence_artificielle
7,62;7,68;10,25;17,25;13,24;13,26;18,85;8,27;12,89;8,06;6,3;9,25;6,98;6,21;10,0;langues_et_communication
14,17;10,94;10,72;14,47;19,3;11,13;20,0;18,61;7,84;11,91;15,33;12,88;9,27;15,05;8,82;commerce_international_et_logistique
18,07;19,57;13,16;11,53;10,33;12,21;13,64;14,78;13,57;14,55;9,52;13,66;12,06;14,22;10,16;genie_electrique_et_electronique
14,34;7,2;8,34;18,17;15,46;16,68;17,83;13,74;5,44;12,5;10,58;9,66;13,51;11,29;6,34;journalisme_et_medias
10,44;12,3;7,3;15,52;9,6;9,33;14,66;12,56;11,87;9,09;9,39;17,46;9,07;8,2;12,09;sport_et_sciences_du_mouvement
12,26;11,49;16,45;11,27;9,57;10,79;14,98;12,55;18,01;9,81;7,67;12,54;10,62;11,36;17,89;sciences_veterinaires
16,61;18,65;10,49;12,09;10,52;10,85;12,73;13,54;7,73;15,66;7,64;12,92;18,47;12,94;8,21;architecture_et_design_interieur
11,11;12,67;11,42;14,17;12,75;12,91;8,19;11,81;13,71;8,98;13,63;12,22;15,83;13,46;8,58;urbanisme_et_amenagement_du_territoire
10,33;8,37;9,55;16,51;15,68;9,85;17,93;13,51;9,54;10,42;12,76;12,66;7,2;10,45;6,44;tourisme_et_hotellerie
16,15;8,27;10,98;15,21;17,51;14,0;12,68;14,19;10,31;13,23;17,22;15,69;7,73;17,32;8,31;economie_et_gestion
9,22;7,75;11,51;15,08;17,16;11,19;17,18;11,39;6,32;9,56;13,81;11,79;8,12;7,39;7,94;tourisme_et_hotellerie
14,92;14,94;17,97;14,92;9,03;11,7;15,74;14,23;19,75;9,37;9,22;11,64;8,65;13,8;18,34;biotechnologie_et_sciences_pharmaceutiques
10,0;9,45;11,12;15,95;18,48;15,61;13,69;15,91;16,1;12,0;12,11;14,08;10,4;12,06;11,68;sciences_sociales_et_sociologie
11,59;17,8;19,52;15,43;8,8;13,48;15,9;16,71;18,23;11,13;7,12;13,37;7,01;8,57;17,37;medecine_et_sante
16,88;20,0;15,39;8,34;9,79;8,84;15,26;15,19;9,2;20,0;12,53;11,89;12,93;16,98;6,48;informatique_administration_reseaux_et_ia
18,85;12,77;10,6;9,02;11,33;12,2;16,39;15,16;8,33;18,8;14,85;11,98;8,04;18,64;6,76;sciences_actuarielles_et_statistiques
17,08;13,37;13,02;9,44;9,76;12,23;12,44;15,21;8,93;18,91;9,05;10,23;12,34;17,9;9,25;science_des_donnees_et_intelligence_artificielle
8,91;4,18;12,06;15,89;17,2;16,33;16,34;13,78;12,83;10,98;11,6;13,92;6,91;14,76;11,68;sciences_sociales_et_sociologie
13,86;10,7;11,96;13,44;13,69;10,63;11,42;11,4;18,7;10,32;12,31;13,3;8,3;11,94;16,69;sciences_veterinaires
11,06;9,25;12,62;16,86;16,39;10,2;17,43;14,17;13,86;11,53;10,73;17,03;12,19;9,5;9,98;tourisme_et_hotellerie
18,18;18,14;12,78;12,22;12,89;10,92;13,0;10,27;12,8;10,76;9,92;11,38;17,29;11,99;9,2;genie_mecanique_et_industriel
18,11;8,79;11,83;14,35;12,55;10,86;15,96;16,5;9,21;11,73;18,66;11,64;10,87;18,32;8,4;finance_comptabilite_et_audit
10,31;13,51;13,73;11,45;10,07;11,04;13,5;15,15;18,1;8,66;8,54;15,34;9,4;10,88;16,77;sciences_veterinaires
6,78;7,22;8,88;20,0;15,92;19,0;11,69;12,63;8,12;5,96;14,62;13,25;8,84;7,8;6,3;droit_et_sciences_politiques
7,73;9,86;11,19;16,5;13,43;15,22;16,92;12,76;10,7;10,07;7,89;11,83;9,93;7,56;7,88;langues_et_communication
14,1;17,14;18,3;14,84;13,48;12,92;11,66;13,68;18,2;14,21;12,35;13,39;9,84;12,55;16,06;medecine_et_sante
6,94;5,31;7,74;19,41;15,09;16,2;18,8;17,3;7,35;7,12;9,81;10,22;8,59;7,01;9,23;journalisme_et_medias
18,55;17,8;11,45;10,7;8,6;13,07;14,32;20,0;10,25;20,0;13,1;11,53;10,54;16,9;8,81;science_des_donnees_et_intelligence_artificielle
14,65;11,02;10,62;13,86;16,35;7,56;14,17;15,86;10,44;10,82;14,46;12,94;7,53;16,67;12,51;commerce_international_et_logistique
15,23;15,65;15,8;13,93;10,7;12,99;18,64;13,14;19,38;12,39;7,02;13,94;10,88;12,81;19,32;medecine_et_sante
13,03;8,67;10,4;15,22;12,45;18,07;15,34;17,88;16,49;11,06;8,88;14,24;10,4;10,82;8,26;psychologie_et_sciences_de_l_education
11,99;11,2;11,48;15,1;16,56;17,26;15,8;13,15;12,21;12,59;16,16;10,32;9,54;10,96;8,36;commerce_international_et_logistique
12,23;15,65;19,7;15,89;9,08;14,43;14,26;10,98;18,66;11,63;7,53;12,88;10,28;9,27;20,0;biotechnologie_et_sciences_pharmaceutiques
12,83;13,15;19,25;6,54;12,52;6,7;14,28;11,23;17,12;12,43;8,24;9,15;9,25;12,43;19,18;pharmacie
17,25;10,66;10,58;10,46;13,37;11,97;15,34;15,54;9,92;14,44;19,24;12,81;8,06;16,24;10,2;finance_comptabilite_et_audit
18,28;15,57;10,69;10,76;11,97;6,87;15,67;18,18;9,3;20,0;14,06;11,82;8,19;17,56;8,43;cybersecurite_et_reseaux
7,04;7,86;9,63;14,04;16,2;16,35;12,89;17,37;12,45;6,71;4,99;13,9;5,86;11,52;10,31;psychologie_et_sciences_de_l_education
8,64;11,61;10,21;19,09;17,86;15,58;11,67;18,75;13,22;12,68;10,14;14,11;9,65;13,75;9,83;sciences_sociales_et_sociologie
13,47;7,63;11,36;12,93;16,63;12,5;15,86;13,83;12,09;12,33;14,44;11,59;11,49;13,9;8,05;commerce_international_et_logistique
13,9;12,98;16,83;11,84;13,59;10,39;13,69;17,33;19,92;10,04;9,98;16,76;8,84;13,08;19,99;agronomie_et_environnement
15,93;18,22;18,8;7,81;16,74;8,56;12,58;12,02;17,54;13,62;7,36;13,91;10,8;13,2;17,19;biotechnologie_et_sciences_pharmaceutiques
14,73;14,34;17,21;11,73;9,55;9,06;12,25;13,93;15,76;11,39;7,76;7,13;9,66;15,99;18,51;pharmacie
17,33;19,23;11,74;9,91;9,55;10,31;13,6;14,72;6,81;15,99;7,67;16,69;15,36;15,08;8,27;genie_civil_et_construction
15,49;12,94;13,05;11,49;15,09;13,13;14,86;13,94;7,49;13,22;11,79;11,64;20,0;11,31;11,44;urbanisme_et_amenagement_du_territoire
11,34;11,09;17,46;10,22;12,22;6,28;12,71;11,93;18,04;5,72;6,25;15,55;11,32;10,73;15,92;sciences_veterinaires
14,74;15,33;17,93;12,3;14,08;12,95;15,34;15,7;18,39;10,99;9,04;11,07;7,76;11,45;17,12;medecine_et_sante
5,12;7,33;7,96;17,81;11,71;11,98;19,25;10,73;10,31;7,5;4,67;13,89;6,92;7,6;11,02;traduction_et_interpretariat
17,96;19,88;12,55;7,04;9,74;9,06;11,01;15,04;6,54;15,77;9,01;10,32;16,65;12,6;3,95;genie_mecanique_et_industriel
16,08;14,15;13,13;15,82;16,55;9,38;15,99;12,65;10,69;13,03;16,45;13,13;10,17;16,14;9,1;commerce_international_et_logistique
11,52;11,12;9,62;15,31;13,02;16,3;15,35;14,08;8,64;14,58;9,67;12,3;12,09;10,29;6,4;journalisme_et_medias
12,34;6,9;8,5;19,11;18,33;16,41;12,92;12,53;11,8;11,39;11,74;10,57;7,88;14,37;11,62;sciences_sociales_et_sociologie
10,64;7,92;12,36;14,63;13,77;20,0;13,87;16,4;15,66;10,13;8,38;14,94;8,97;11,2;12,35;psychologie_et_sciences_de_l_education
11,89;14,81;17,37;13,68;10,42;9,94;14,09;13,51;18,6;10,43;8,77;17,12;8,26;10,53;16,79;sciences_veterinaires
11,63;8,66;8,94;17,76;16,47;18,33;16,39;10,9;7,81;12,94;11,46;14,12;11,46;11,15;8,77;journalisme_et_medias
9,72;13,18;9,8;10,27;12,32;12,9;11,3;13,93;15,08;9,41;7,82;16,0;9,73;10,59;15,66;sport_et_sciences_du_mouvement
11,33;6,47;10,15;17,77;18,64;17,7;16,2;11,07;11,28;9,09;14,57;13,17;8,47;11,43;10,75;droit_et_sciences_politiques
7,77;10,55;10,97;19,34;16,61;17,85;14,51;13,31;14,26;11,08;14,85;13,4;7,94;10,2;12,09;sciences_sociales_et_sociologie
20,0;14,79;12,87;14,25;9,29;6,95;14,41;13,44;8,74;19,84;13,71;8,99;12,45;20,0;7,35;science_des_donnees_et_intelligence_artificielle
7,19;6,92;9,69;15,82;15,12;11,39;20,0;12,15;14,92;10,35;7,08;14,41;7,74;10,83;11,18;langues_et_communication
12,4;14,41;15,32;11,95;9,76;10,79;10,26;14,38;19,41;9,52;11,24;13,81;7,1;9,46;17,75;sciences_veterinaires
17,65;11,96;12,03;15,1;16,05;12,07;16,31;15,51;7,83;12,55;20,0;12,13;7,83;18,31;5,9;finance_comptabilite_et_audit
9,85;7,22;6,79;15,67;14,23;17,87;17,82;12,48;11,1;11,14;10,1;18,01;7,95;6,65;8,19;journalisme_et_medias
17,54;14,12;13,03;12,01;11,79;12,07;15,63;16,4;8,98;14,13;15,98;9,26;8,0;18,5;4,4;sciences_actuarielles_et_statistiques
8,26;7,95;8,15;14,99;11,02;13,36;19,84;10,64;11,24;8,75;8,78;13,98;8,01;8,1;7,4;traduction_et_interpretariat
16,06;18,56;10,16;12,85;10,86;9,3;13,62;14,75;12,3;15,23;10,9;14,34;17,44;11,6;8,12;genie_civil_et_construction
15,37;14,36;9,32;10,06;8,39;10,44;15,92;16,6;5,24;18,25;13,31;11,45;10,49;16,7;6,85;cybersecurite_et_reseaux
18,65;17,0;10,23;13,38;10,99;8,6;13,28;13,63;13,06;20,0;10,19;7,49;8,54;18,47;9,65;science_des_donnees_et_intelligence_artificielle
15,39;14,55;10,85;13,26;10,77;6,09;14,16;16,83;4,97;19,9;12,8;11,19;12,03;19,8;7,65;cybersecurite_et_reseaux
11,76;6,66;7,06;16,64;18,03;10,21;18,17;12,84;11,99;9,39;11,13;15,44;11,06;9,29;7,69;tourisme_et_hotellerie
15,5;14,7;13,34;15,26;8,97;9,87;12,39;12,88;8,41;13,96;6,52;13,05;20,0;11,86;10,37;architecture_et_design_interieur
14,68;16,86;19,06;10,96;17,03;8,76;8,31;13,9;16,79;11,61;10,35;11,83;7,68;11,1;17,25;medecine_et_sante
10,28;17,16;19,39;13,26;8,28;12,59;13,92;12,34;18,4;7,98;6,25;11,34;5,36;10,03;17,76;pharmacie
12,0;7,9;11,96;15,86;14,86;13,6;16,82;12,35;8,12;11,75;19,6;13,28;8,87;14,59;7,49;economie_et_gestion
9,22;7,3;7,89;17,98;19,19;18,16;14,28;12,39;7,8;10,05;14,76;11,95;9,07;9,99;10,03;droit_et_sciences_politiques
13,22;13,64;18,47;14,33;11,76;13,05;10,42;14,38;16,38;10,56;9,89;12,36;10,32;8,61;16,6;medecine_et_sante
16,0;18,92;13,45;10,77;10,62;10,24;11,78;17,23;13,99;11,53;9,95;10,62;15,56;14,53;9,74;genie_civil_et_construction
10,63;10,76;9,88;16,46;16,08;16,07;15,97;11,08;9,98;12,22;11,77;13,31;10,37;12,61;11,27;journalisme_et_medias
17,39;11,89;9,63;11,09;11,9;9,83;13,49;18,59;11,23;16,18;15,99;8,85;7,25;20,0;8,93;sciences_actuarielles_et_statistiques
10,88;9,49;9,88;16,21;10,48;17,1;15,47;18,92;17,2;9,83;9,78;11,99;9,52;9,36;10,09;psychologie_et_sciences_de_l_education
10,57;6,81;8,63;19,86;16,22;14,94;17,19;9,83;4,95;11,87;8,65;10,72;6,58;8,57;5,68;traduction_et_interpretariat
19,13;19,78;15,22;14,1;9,79;8,74;11,83;16,3;9,45;8,57;10,49;10,11;20,0;15,79;9,29;genie_mecanique_et_industriel
11,46;5,93;8,17;17,03;16,49;9,93;18,0;17,52;11,67;10,85;14,02;18,55;8,11;11,35;7,47;tourisme_et_hotellerie
13,55;12,35;10,44;12,0;14,1;11,32;15,34;12,58;7,81;10,24;10,53;8,1;15,97;12,87;8,63;urbanisme_et_amenagement_du_territoire
19,25;18,53;11,31;11,15;9,7;8,94;13,3;17,03;9,7;14,76;8,93;13,75;15,32;16,19;7,89;genie_civil_et_construction
7,8;7,31;8,29;17,18;12,35;14,31;17,03;14,27;8,28;13,16;12,44;11,17;9,68;7,69;8,46;journalisme_et_medias
18,05;17,07;13,75;14,99;8,47;11,24;17,07;16,92;14,01;19,02;12,5;11,17;12,84;18,38;13,51;informatique_administration_reseaux_et_ia
13,75;15,2;16,45;12,42;13,7;14,36;12,97;13,55;15,05;10,38;8,52;11,36;9,41;8,41;16,84;medecine_et_sante
6,95;8,58;9,97;17,78;14,33;13,91;17,48;13,57;7,56;10,02;11,36;10,48;6,72;6,46;7,01;traduction_et_interpretariat
11,75;16,81;20,0;12,15;13,86;10,56;12,79;12,03;16,89;11,66;9,64;9,71;8,2;10,57;16,86;pharmacie
18,66;19,38;12,68;12,63;11,2;9,0;14,18;15,08;12,16;11,98;10,18;12,65;18,52;15,73;11,49;genie_mecanique_et_industriel
14,52;15,4;19,36;11,69;11,66;7,92;12,76;15,15;16,74;9,09;8,04;6,92;8,61;13,17;17,48;pharmacie
9,92;8,97;8,56;17,26;12,05;11,8;17,14;12,43;9,35;11,04;7,01;9,82;8,92;11,49;11,06;traduction_et_interpretariat
14,76;7,89;14,08;8,52;11,98;7,13;9,71;13,11;18,17;13,26;9,96;10,92;7,89;14,41;19,68;sciences_veterinaires
10,58;12,39;12,07;15,97;9,77;14,9;14,96;18,36;14,62;11,19;8,79;10,17;10,2;9,12;11,36;psychologie_et_sciences_de_l_education
7,93;5,79;7,0;20,0;14,14;13,86;16,16;11,06;7,87;9,14;9,64;13,71;9,55;7,11;8,23;langues_et_communication
18,95;13,86;11,9;10,72;9,64;13,16;14,48;14,61;11,7;20,0;11,15;9,96;8,26;17,64;9,76;science_des_donnees_et_intelligence_artificielle
17,44;17,32;13,24;10,57;9,61;9,5;10,94;15,93;14,05;14,08;8,95;10,86;16,3;12,91;9,39;genie_civil_et_construction
9,98;12,79;10,32;13,0;11,45;10,87;13,63;14,17;13,55;10,29;12,22;18,41;7,8;6,94;11,53;sport_et_sciences_du_mouvement
17,58;17,06;20,0;12,42;14,56;7,8;9,81;10,28;17,11;15,04;10,39;7,53;10,63;11,75;17,35;pharmacie
15,44;14,22;12,71;14,44;5,18;8,3;15,35;18,54;15,09;15,77;10,43;13,41;10,95;13,99;10,13;informatique_administration_reseaux_et_ia
10,94;16,05;18,61;13,12;6,5;15,68;13,06;15,78;18,0;10,38;7,12;13,47;9,48;12,01;20,0;biotechnologie_et_sciences_pharmaceutiques
18,0;11,55;13,34;11,51;12,35;14,69;14,89;18,09;8,44;12,64;18,95;11,7;12,46;15,42;8,9;finance_comptabilite_et_audit
11,59;10,85;15,99;11,85;11,34;8,28;11,53;12,66;18,81;7,13;6,43;12,85;9,48;11,76;16,52;sciences_veterinaires
8,12;9,99;11,21;15,95;14,32;17,32;11,58;16,82;14,23;11,17;9,16;13,87;10,14;13,44;11,33;psychologie_et_sciences_de_l_education
11,73;9,52;11,26;14,51;17,08;13,19;17,25;15,0;8,61;9,15;9,37;12,51;9,7;9,34;7,27;tourisme_et_hotellerie
19,11;13,85;12,25;13,1;8,35;9,62;13,95;16,12;8,88;19,08;15,72;10,19;9,28;19,93;9,39;sciences_actuarielles_et_statistiques
15,37;16,32;19,61;9,19;16,33;9,58;11,69;12,22;18,38;14,35;10,46;10,26;8,43;11,53;18,31;biotechnologie_et_sciences_pharmaceutiques
9,74;14,87;18,74;14,11;11,21;12,52;12,25;11,83;18,88;10,02;8,76;12,39;6,86;12,1;19,46;medecine_et_sante
11,87;13,15;18,55;14,09;9,87;13,05;12,07;13,11;19,02;10,2;7,44;13,26;7,68;12,8;19,54;biotechnologie_et_sciences_pharmaceutiques
5,84;9,79;9,14;18,62;16,09;17,7;13,9;11,75;7,83;10,53;11,42;10,41;7,56;8,04;10,08;droit_et_sciences_politiques
17,44;17,15;11,79;13,23;10,92;10,42;12,32;15,72;11,09;15,57;11,82;16,14;15,46;9,51;6,86;genie_civil_et_construction
9,69;8,95;12,13;14,88;15,57;15,72;15,88;11,54;10,89;7,89;11,7;10,24;9,51;7,75;10,06;droit_et_sciences_politiques
18,13;19,83;9,35;12,17;7,9;8,71;14,02;17,19;10,68;15,69;10,26;8,79;13,09;14,04;10,13;genie_electrique_et_electronique
12,5;8,32;10,81;16,55;20,0;16,27;15,94;12,91;10,39;11,49;14,96;12,86;10,19;10,29;9,6;droit_et_sciences_politiques
14,77;18,11;17,45;10,57;15,02;11,29;13,47;12,32;18,81;13,38;10,65;7,97;12,27;10,63;20,0;medecine_et_sante
12,77;10,98;14,26;12,62;15,98;11,84;11,4;13,55;17,67;11,55;11,06;17,61;9,79;12,63;14,87;agronomie_et_environnement
13,08;9,71;12,54;14,05;17,25;11,27;15,75;13,18;12,62;11,44;16,74;14,79;10,86;12,21;10,3;commerce_international_et_logistique
15,07;15,71;12,73;9,71;20,0;13,6;18,35;16,62;5,81;14,04;14,76;10,89;19,29;14,15;6,79;urbanisme_et_amenagement_du_territoire
19,9;13,23;9,74;10,75;11,33;10,03;16,08;14,2;11,76;15,15;17,37;12,64;5,36;15,61;10,5;sciences_actuarielles_et_statistiques
17,45;18,38;10,22;10,31;8,15;9,18;14,39;16,09;10,49;19,75;9,36;12,27;9,23;12,4;7,58;cybersecurite_et_reseaux
16,42;12,78;15,48;10,97;14,73;8,8;13,04;13,21;15,66;14,37;11,46;12,46;11,78;12,58;17,47;agronomie_et_environnement
12,36;10,51;9,27;12,95;17,73;11,43;17,82;14,38;10,67;13,73;15,34;12,29;16,36;8,52;11,37;urbanisme_et_amenagement_du_territoire
8,16;6,64;10,59;17,03;13,82;14,03;18,52;9,66;5,08;8,99;10,34;12,6;7,29;7,06;9,49;traduction_et_interpretariat
15,69;12,73;12,29;16,71;18,88;11,45;19,62;13,52;9,93;13,79;15,12;14,32;10,86;15,26;7,96;commerce_international_et_logistique
12,69;9,74;9,42;17,25;17,65;12,35;18,15;11,83;12,52;12,57;16,29;13,87;8,22;10,84;10,88;tourisme_et_hotellerie
10,75;14,22;12,1;12,17;13,25;13,83;13,08;19,79;12,74;8,62;8,68;16,82;9,82;8,26;11,6;sport_et_sciences_du_mouvement
15,5;8,76;10,07;8,62;12,91;6,97;10,48;13,87;17,62;12,8;13,02;13,55;7,3;12,94;16,74;sciences_veterinaires
15,02;13,29;8,89;10,92;7,56;10,08;15,58;16,14;8,4;18,65;10,82;10,98;7,07;12,07;8,66;cybersecurite_et_reseaux
14,54;16,09;9,22;9,12;9,55;8,85;13,89;17,89;8,07;20,0;9,66;12,89;9,23;15,27;8,06;cybersecurite_et_reseaux
14,11;15,76;19,29;12,3;11,38;9,64;9,78;14,45;18,5;11,84;12,16;14,85;10,58;10,92;17,01;agronomie_et_environnement
11,69;16,51;19,29;14,28;9,49;11,21;12,98;13,39;18,1;9,41;8,68;9,25;8,5;12,09;18,77;pharmacie
13,01;13,69;19,37;11,16;9,92;10,77;14,93;12,34;16,31;11,86;8,81;11,84;7,67;11,1;18,1;pharmacie
6,8;7,04;8,43;19,34;14,01;14,88;16,35;9,75;5,81;8,45;8,02;13,73;9,72;5,67;8,73;langues_et_communication
9,52;8,33;11,56;18,38;13,34;13,76;16,06;13,53;8,83;8,26;10,87;15,31;12,68;7,56;11,03;journalisme_et_medias
10,89;9,02;11,21;14,7;16,71;16,73;12,25;15,85;13,87;9,71;12,83;13,03;7,43;13,6;11,99;sciences_sociales_et_sociologie
16,56;17,79;13,07;12,26;12,05;10,46;13,23;15,66;10,12;14,11;11,02;14,57;15,64;11,96;9,59;genie_civil_et_construction
6,98;7,01;8,04;19,25;17,68;18,19;11,39;12,66;7,33;10,41;13,96;12,15;6,03;11,42;7,48;droit_et_sciences_politiques
10,38;7,99;10,73;16,93;10,1;12,05;13,21;20,0;16,07;11,02;9,78;10,52;12,59;11,26;10,32;psychologie_et_sciences_de_l_education
12,69;14,83;18,97;11,31;14,19;12,46;14,52;12,09;17,13;11,28;9,83;8,98;9,71;13,45;19,92;biotechnologie_et_sciences_pharmaceutiques
17,86;16,7;15,02;11,71;12,98;11,22;14,03;16,45;10,56;14,34;13,73;9,44;9,02;15,42;7,49;sciences_actuarielles_et_statistiques
17,36;14,22;12,42;10,22;12,52;8,24;15,14;13,98;9,33;13,87;14,55;8,83;8,94;15,31;7,01;sciences_actuarielles_et_statistiques
9,4;12,79;18,87;13,39;11,35;9,46;15,16;15,51;20,0;7,23;5,86;15,19;9,99;6,63;17,77;sciences_veterinaires
18,65;14,96;9,76;11,18;10,07;13,95;17,08;15,62;8,19;20,0;10,77;9,77;14,04;19,75;8,92;cybersecurite_et_reseaux
15,74;19,94;13,78;11,14;11,54;7,64;13,78;18,11;11,0;13,61;8,19;10,33;11,62;15,17;8,7;genie_electrique_et_electronique
8,31;7,05;10,89;16,97;12,92;12,55;18,13;14,39;8,58;11,03;10,29;14,68;8,38;8,67;5,81;langues_et_communication
10,63;9,07;10,51;14,41;18,86;15,59;16,68;10,96;12,27;12,34;14,72;12,0;9,01;9,16;11,22;droit_et_sciences_politiques
15,89;15,32;10,66;10,18;7,16;9,84;9,47;15,33;7,77;19,76;8,62;11,03;11,84;17,41;7,15;cybersecurite_et_reseaux
8,96;8,6;8,46;17,38;12,13;12,71;17,44;13,02;8,61;10,61;9,13;10,46;8,11;10,33;9,83;langues_et_communication
10,53;8,37;9,92;15,03;15,55;12,94;15,66;13,06;9,32;10,17;11,13;15,28;12,98;11,14;9,79;tourisme_et_hotellerie
11,66;9,52;9,77;15,5;18,61;15,79;11,61;13,51;13,28;11,01;10,55;13,79;9,03;13,43;9,97;sciences_sociales_et_sociologie
19,0;16,63;14,32;10,35;10,31;14,08;14,56;15,14;14,78;16,81;11,6;11,63;13,16;16,23;9,87;informatique_administration_reseaux_et_ia
10,19;14,62;14,82;12,98;9,97;12,94;11,19;15,28;18,41;8,99;8,47;13,63;8,05;8,31;16,89;sciences_veterinaires
12,18;12,34;14,36;10,73;13,04;9,43;13,13;14,37;18,8;11,52;11,02;10,96;6,64;8,04;18,68;sciences_veterinaires
13,23;14,15;18,42;11,52;11,93;10,23;11,87;14,01;18,42;11,43;8,32;14,27;10,88;12,87;18,95;medecine_et_sante
12,35;16,76;17,01;17,38;8,59;12,07;15,94;18,21;19,59;12,29;7,79;9,68;9,01;9,24;20,0;biotechnologie_et_sciences_pharmaceutiques
11,06;9,23;10,11;18,06;18,57;15,88;17,4;12,97;11,66;12,52;11,09;13,78;13,41;9,46;11,94;journalisme_et_medias
16,66;19,64;11,84;9,26;9,89;6,92;11,46;18,42;8,28;16,55;7,82;5,9;15,12;15,9;9,36;genie_electrique_et_electronique
12,89;16,09;18,66;12,52;10,84;12,28;15,61;14,13;16,24;12,27;8,68;12,44;6,08;11,44;18,27;biotechnologie_et_sciences_pharmaceutiques
13,63;17,55;18,44;12,97;12,49;13,59;13,84;13,11;20,0;11,2;9,41;11,83;7,09;11,31;19,28;medecine_et_sante
10,35;13,22;11,95;12,24;12,24;10,81;10,99;15,12;13,64;9,48;9,11;18,31;9,84;9,91;13,97;sport_et_sciences_du_mouvement
12,53;16,42;18,33;14,62;11,0;11,61;10,63;11,37;17,16;10,58;10,02;15,11;7,18;11,89;17,95;pharmacie
13,61;8,25;12,86;13,43;15,95;9,66;16,88;13,71;9,57;11,7;14,28;13,54;7,95;16,59;11,2;commerce_international_et_logistique
10,13;12,45;14,36;12,73;7,73;10,61;16,11;16,07;18,56;8,11;11,13;15,91;9,76;10,29;17,38;sciences_veterinaires
18,02;12,88;12,49;12,82;14,91;10,19;18,82;15,94;9,14;11,61;17,17;13,53;9,38;15,87;7,79;finance_comptabilite_et_audit
7,86;5,93;5,96;15,52;15,32;16,23;18,12;15,66;6,76;7,89;9,02;11,2;8,7;11,27;4,51;journalisme_et_medias
14,58;12,86;17,69;13,69;13,12;14,9;12,15;12,46;16,99;10,15;12,5;12,2;9,15;12,02;18,26;agronomie_et_environnement
16,63;14,36;16,75;8,69;12,11;8,8;9,09;11,28;16,45;11,63;9,89;9,71;13,12;14,59;18,87;pharmacie
16,09;20,0;12,41;14,7;9,18;8,09;12,59;15,18;10,05;13,75;10,52;10,85;15,79;11,7;5,91;genie_civil_et_construction
10,83;16,77;17,01;14,1;9,95;12,78;14,66;12,92;17,89;8,87;8,38;15,23;7,26;8,53;18,91;medecine_et_sante
12,88;15,13;10,7;15,89;15,88;12,31;12,48;11,59;12,07;8,42;11,01;15,41;16,22;12,0;8,36;urbanisme_et_amenagement_du_territoire
8,84;8,54;8,05;17,67;16,57;16,92;13,64;15,48;11,31;8,5;10,06;11,57;8,65;10,76;12,65;sciences_sociales_et_sociologie
6,88;8,24;9,75;15,93;14,65;13,28;18,03;13,79;10,36;6,59;10,18;10,78;8,61;6,43;7,16;langues_et_communication
20,0;19,54;13,37;10,41;12,0;13,05;13,91;13,64;9,47;16,63;8,69;12,99;16,18;19,66;5,83;genie_electrique_et_electronique
10,97;14,61;20,0;12,77;10,79;12,02;13,33;13,51;18,82;11,44;8,34;7,88;4,39;13,58;19,29;biotechnologie_et_sciences_pharmaceutiques
18,43;19,98;11,35;11,98;11,56;13,0;14,36;15,67;9,96;15,06;8,09;12,55;16,42;16,73;10,46;genie_electrique_et_electronique
17,65;18,58;15,45;9,62;11,69;8,8;10,06;14,45;9,63;14,69;7,0;13,96;18,46;11,29;7,99;genie_mecanique_et_industriel
10,61;13,29;16,89;10,23;11,26;9,01;7,11;13,79;19,74;11,75;9,96;16,95;9,83;13,17;19,74;agronomie_et_environnement
10,4;10,16;8,3;14,97;13,37;15,34;15,26;19,3;13,91;12,18;8,06;11,54;7,31;11,44;10,1;psychologie_et_sciences_de_l_education
10,28;11,27;13,47;18,62;12,32;14,14;12,74;16,07;16,92;8,91;6,69;11,62;9,1;9,43;12,98;psychologie_et_sciences_de_l_education
14,96;16,24;11,27;10,07;17,22;12,08;17,86;16,87;7,07;11,7;12,38;11,2;18,52;13,65;6,18;urbanisme_et_amenagement_du_territoire
14,71;14,89;17,0;14,03;10,91;12,21;13,74;12,77;16,85;12,96;8,96;17,2;6,45;13,79;19,58;medecine_et_sante
14,74;14,39;8,49;7,43;7,51;9,79;13,32;14,0;7,1;18,93;10,86;13,21;7,08;17,56;9,27;cybersecurite_et_reseaux
17,98;16,55;14,79;12,01;9,52;8,63;13,85;14,06;13,17;19,42;13,75;7,56;11,05;17,24;13,27;informatique_administration_reseaux_et_ia
14,81;14,21;16,86;12,52;14,09;11,38;13,81;15,36;16,16;14,09;12,23;13,42;9,85;11,31;17,67;agronomie_et_environnement
9,75;4,85;6,78;18,58;18,3;14,92;15,65;16,06;8,71;7,63;9,64;9,63;10,4;6,43;8,86;droit_et_sciences_politiques
14,55;11,56;12,69;15,31;18,13;12,38;16,2;14,5;8,78;11,17;16,01;10,1;11,75;13,52;8,44;commerce_international_et_logistique
8,01;6,33;10,57;16,68;13,07;12,5;17,87;12,0;7,54;8,84;11,0;11,56;10,0;4,13;7,88;traduction_et_interpretariat
14,16;8,35;11,69;15,37;17,11;13,24;16,12;14,49;11,31;11,3;16,66;15,01;6,37;14,39;11,88;commerce_international_et_logistique
11,43;9,48;7,12;12,03;13,84;8,57;12,61;13,73;14,58;10,09;8,47;19,2;8,9;10,31;12,98;sport_et_sciences_du_mouvement
17,45;14,06;14,16;14,95;11,45;10,34;13,73;14,85;11,33;13,55;8,56;11,34;19,66;12,26;8,57;architecture_et_design_interieur
17,63;16,25;10,51;12,19;10,97;9,11;14,43;16,19;8,51;20,0;12,94;9,8;8,95;18,3;8,29;science_des_donnees_et_intelligence_artificielle
15,9;16,98;11,2;9,65;17,82;11,06;16,66;17,36;4,68;13,84;13,02;8,82;19,02;14,48;5,29;urbanisme_et_amenagement_du_territoire
9,97;5,85;9,87;18,95;16,87;16,65;16,36;13,02;8,61;7,02;12,36;14,81;8,71;8,01;8,07;droit_et_sciences_politiques
9,76;9,0;10,51;18,99;14,15;16,12;16,2;13,98;7,02;10,05;10,98;14,08;9,4;9,09;9,36;journalisme_et_medias
14,03;12,95;11,85;9,33;16,87;11,83;15,08;15,83;5,73;12,8;8,9;9,65;16,84;15,71;10,11;urbanisme_et_amenagement_du_territoire
7,71;5,78;9,03;19,04;15,69;17,3;12,46;10,62;10,53;7,42;12,49;13,19;7,99;9,07;8,88;droit_et_sciences_politiques
9,14;7,92;11,33;17,06;15,01;17,27;15,9;13,9;6,8;9,24;11,28;14,74;12,87;11,48;6,98;journalisme_et_medias
15,43;18,31;19,97;5,32;14,56;9,97;16,78;18,66;5,9;19,97;8,31;8,61;10,99;14,09;4,09;informatique_administration_reseaux_et_ia
13,04;9,86;12,47;14,64;13,3;13,45;13,19;14,53;10,58;12,32;16,92;10,69;10,48;12,3;6,95;economie_et_gestion
16,53;10,42;17,73;13,38;13,45;10,5;13,94;11,98;16,14;12,17;11,68;17,92;9,34;12,81;15,43;agronomie_et_environnement
14,16;13,65;19,09;12,81;11,08;10,96;14,66;11,09;20,0;10,79;10,53;9,23;8,86;13,04;19,28;pharmacie
10,51;7,65;7,57;19,33;11,73;13,99;19,09;10,94;8,46;9,27;8,13;12,7;9,79;7,41;10,53;traduction_et_interpretariat
18,81;14,15;11,21;13,56;10,8;10,06;12,12;15,26;2,84;20,0;11,45;12,42;7,82;16,14;5,77;cybersecurite_et_reseaux
13,17;15,63;19,27;11,55;11,56;9,96;9,56;13,22;17,87;9,28;8,21;8,39;9,61;13,78;18,77;pharmacie
5,53;5,97;8,04;18,26;11,17;12,51;19,29;10,58;8,61;8,75;7,7;13,2;9,28;7,46;8,4;traduction_et_interpretariat
19,49;14,7;10,91;12,71;9,14;7,02;12,91;16,14;7,43;20,0;10,63;11,08;8,54;17,03;6,64;cybersecurite_et_reseaux
16,85;14,71;15,35;12,86;10,4;7,66;12,12;14,51;10,44;13,07;10,71;11,92;16,24;11,33;9,16;architecture_et_design_interieur
9,92;9,59;12,04;16,02;11,41;15,38;14,58;20,0;15,95;10,23;7,63;16,46;8,98;10,51;11,53;psychologie_et_sciences_de_l_education
9,01;7,53;8,39;15,87;16,5;17,81;16,2;12,78;8,79;10,64;8,53;15,59;10,33;10,35;9,05;journalisme_et_medias
12,8;14,51;17,87;11,54;12,43;10,24;13,25;11,53;16,32;11,89;9,24;12,78;10,02;11,82;18,41;biotechnologie_et_sciences_pharmaceutiques
17,85;14,39;12,06;10,26;9,53;13,19;14,07;16,58;14,8;19,07;13,61;11,33;12,37;18,86;11,13;science_des_donnees_et_intelligence_artificielle
16,9;19,86;16,36;15,95;9,05;9,61;12,98;12,5;10,78;14,42;11,91;9,83;17,2;13,25;11,9;genie_civil_et_construction
10,79;8,18;10,3;17,87;15,7;16,26;15,72;13,49;10,94;9,66;13,17;10,72;6,97;9,09;11,83;droit_et_sciences_politiques
18,26;14,67;11,35;9,27;8,67;11,72;14,05;16,18;10,79;18,89;11,69;7,43;10,12;17,43;11,7;science_des_donnees_et_intelligence_artificielle
8,87;8,65;10,43;15,16;15,5;13,18;17,73;13,89;10,97;9,24;10,0;17,17;8,07;5,84;9,03;tourisme_et_hotellerie
16,34;13,52;8,33;11,58;9,31;8,64;15,66;14,41;8,62;20,0;12,08;9,27;9,57;17,83;6,32;cybersecurite_et_reseaux
12,18;12,19;11,44;15,23;16,11;10,41;10,93;11,97;12,07;9,68;13,35;11,04;16,61;11,67;10,24;urbanisme_et_amenagement_du_territoire
7,52;7,25;10,52;17,08;13,54;13,85;17,43;15,1;9,88;6,71;9,54;16,29;8,3;7,21;6,22;langues_et_communication
12,12;12,8;9,91;12,79;16,21;12,01;13,56;14,66;11,33;11,66;12,75;12,87;14,61;11,73;9,66;urbanisme_et_amenagement_du_territoire
14,32;9,83;7,86;18,13;15,44;16,13;15,92;11,06;9,37;12,89;7,35;11,04;9,7;8,78;7,55;traduction_et_interpretariat
13,82;14,37;11,96;13,14;16,39;14,23;17,71;12,58;11,82;9,18;13,87;15,33;13,88;12,6;7,82;urbanisme_et_amenagement_du_territoire
19,81;10,29;10,68;14,06;16,12;15,4;14,39;16,11;9,67;14,05;19,19;12,2;11,67;18,78;3,64;economie_et_gestion
13,65;13,14;17,13;13,41;12,17;10,26;16,26;20,0;9,79;9,72;18,96;9,46;8,19;13,69;8,77;finance_comptabilite_et_audit
6,43;10,25;11,5;16,99;18,37;18,4;12,1;16,23;13,76;7,12;10,94;10,25;9,67;9,52;8,54;sciences_sociales_et_sociologie
16,6;10,01;11,05;15,6;17,4;10,57;16,85;14,1;8,73;11,69;19,46;10,67;12,86;16,84;7,34;economie_et_gestion
14,68;14,87;10,41;8,91;18,56;11,85;18,87;16,36;5,61;11,77;10,54;11,73;18,46;13,21;6,97;urbanisme_et_amenagement_du_territoire
12,08;16,41;18,04;12,96;12,59;9,5;11,64;14,35;15,8;12,57;14,9;13,65;8,86;11,54;16,84;agronomie_et_environnement
11,38;12,6;14,67;11,72;12,11;10,6;9,4;14,81;18,75;9,32;7,05;14,87;6,35;9,35;18,08;sciences_veterinaires
14,1;14,7;14,72;11,11;9,92;8,77;14,84;16,87;3,45;18,85;8,79;13,0;9,19;13,07;5,56;cybersecurite_et_reseaux
16,92;12,7;9,57;13,05;9,16;9,0;13,07;15,03;10,41;14,07;14,25;12,73;4,74;16,99;7,25;sciences_actuarielles_et_statistiques
9,27;6,63;7,78;17,09;14,48;16,32;14,55;19,6;17,23;9,08;8,98;11,6;7,98;10,29;11,42;psychologie_et_sciences_de_l_education
15,58;14,18;16,78;13,51;9,85;15,0;11,74;14,98;18,24;13,76;10,48;13,73;8,62;9,91;19,72;medecine_et_sante
18,4;14,46;10,51;15,06;14,3;11,16;11,63;17,77;7,33;18,55;15,37;11,03;9,1;19,81;5,07;sciences_actuarielles_et_statistiques
8,66;5,09;8,56;15,16;14,09;13,79;14,46;14,92;11,82;10,11;8,9;15,39;11,6;11,12;10,21;tourisme_et_hotellerie
12,03;18,05;18,82;11,77;12,84;14,57;14,44;13,64;18,93;9,1;4,48;10,8;10,59;12,74;16,2;medecine_et_sante
15,09;15,58;14,61;11,95;7,47;10,07;14,83;16,83;9,53;18,09;9,51;11,46;10,43;16,54;11,48;informatique_administration_reseaux_et_ia
11,46;12,5;16,74;11,67;12,66;10,01;13,11;13,33;18,84;7,47;11,08;17,67;9,29;10,91;18,85;agronomie_et_environnement
13,66;10,96;13,12;17,06;17,77;17,56;14,9;12,51;10,28;17,31;10,75;15,77;17,17;13,44;8,26;journalisme_et_medias
11,33;17,68;20,0;13,34;10,76;13,05;11,0;14,46;18,24;8,53;7,25;8,05;9,97;10,79;19,39;pharmacie
16,53;14,8;7,73;13,51;13,13;9,03;13,43;14,43;9,83;13,2;9,24;12,02;20,0;11,02;6,44;architecture_et_design_interieur
9,67;8,45;13,92;15,37;16,99;18,93;13,18;18,23;12,51;10,42;9,14;10,49;8,56;11,81;7,5;sciences_sociales_et_sociologie
14,45;11,48;16,94;10,39;12,23;8,58;14,48;12,85;17,88;13,18;7,77;16,76;8,94;11,17;18,35;sciences_veterinaires
14,22;12,23;14,36;14,55;12,48;8,44;18,46;17,24;9,94;9,36;18,54;9,31;10,5;16,38;8,64;finance_comptabilite_et_audit
16,76;18,79;12,06;14,4;9,59;7,81;13,2;12,69;12,99;12,6;9,67;9,9;17,49;14,37;10,54;genie_civil_et_construction
5,8;5,16;5,93;14,05;9,54;11,67;20,0;11,48;8,26;7,67;12,67;13,82;5,3;6,95;12,57;traduction_et_interpretariat
7,45;5,73;7,24;18,03;12,66;11,45;20,0;8,65;9,65;12,43;13,02;8,31;6,74;5,52;10,4;traduction_et_interpretariat
8,68;4,72;8,78;12,94;14,75;18,01;11,93;13,61;11,46;9,98;13,13;11,0;7,44;12,51;11,59;sciences_sociales_et_sociologie
17,44;19,21;10,95;9,5;9,13;11,67;15,67;15,86;12,12;13,8;9,73;13,87;13,57;15,66;6,02;genie_civil_et_construction
14,65;15,71;17,64;15,42;8,44;11,49;13,62;10,88;18,15;9,9;10,15;14,92;6,47;13,47;17,54;pharmacie
11,49;10,34;9,07;15,48;19,79;12,07;13,51;9,92;10,04;8,54;11,44;17,98;13,27;13,71;9,43;tourisme_et_hotellerie
13,0;7,99;6,94;19,57;17,9;18,76;13,1;12,32;10,42;9,3;17,25;13,49;7,81;11,24;6,4;droit_et_sciences_politiques
16,33;14,9;14,84;11,28;8,67;8,85;15,12;15,02;16,72;15,12;10,84;8,57;11,75;14,63;15,28;informatique_administration_reseaux_et_ia
15,63;17,51;10,12;9,55;10,11;11,35;13,9;16,16;9,27;12,54;10,11;13,32;15,59;12,91;5,8;genie_civil_et_construction
14,68;16,11;19,69;14,05;12,31;12,08;9,56;15,22;15,89;10,98;8,26;11,41;7,67;12,69;16,05;pharmacie
16,29;18,98;13,33;8,43;11,65;7,91;11,58;15,58;10,9;11,86;6,43;12,35;19,18;14,75;7,97;genie_mecanique_et_industriel
12,83;15,05;14,44;11,33;11,08;10,53;11,62;14,13;17,93;11,8;8,52;13,78;8,59;9,97;17,73;sciences_veterinaires
10,49;13,23;17,39;14,83;9,39;11,49;15,65;13,27;17,39;6,76;11,82;13,36;5,1;11,03;20,0;pharmacie
10,44;6,91;10,22;15,25;13,52;8,88;17,76;14,23;12,07;9,12;12,43;16,88;7,59;12,69;11,25;tourisme_et_hotellerie
18,48;11,38;13,04;12,71;10,59;8,54;15,18;15,13;8,3;13,45;14,85;11,0;8,73;20,0;5,18;sciences_actuarielles_et_statistiques
15,79;18,04;14,12;13,61;10,44;11,7;11,98;15,05;10,19;13,76;10,31;14,94;14,78;13,96;7,15;genie_mecanique_et_industriel
20,0;14,4;10,08;11,76;7,99;6,47;13,72;12,6;10,39;16,88;14,68;9,38;10,02;20,0;9,01;sciences_actuarielles_et_statistiques
12,1;11,62;10,58;13,63;15,23;10,76;13,06;12,72;8,81;15,02;11,22;14,1;17,4;11,03;10,04;urbanisme_et_amenagement_du_territoire
14,15;8,68;12,32;15,61;18,14;11,03;17,02;13,6;9,91;12,86;17,03;11,89;8,85;15,27;6,31;commerce_international_et_logistique
17,1;18,2;10,92;11,55;13,73;11,78;14,88;17,21;7,34;11,19;9,84;10,29;17,95;11,36;11,29;architecture_et_design_interieur
8,57;7,57;9,55;13,58;14,7;18,26;12,34;17,63;15,54;11,38;7,75;11,74;6,68;12,76;11,14;psychologie_et_sciences_de_l_education
11,64;14,06;17,7;11,8;10,78;10,08;15,54;12,8;18,17;9,62;4,58;16,6;11,63;11,86;17,73;sciences_veterinaires
20,0;19,65;12,98;11,13;8,3;10,23;11,96;15,57;10,13;17,57;11,7;9,16;15,61;17,71;7,63;genie_electrique_et_electronique
9,63;7,18;9,27;16,4;12,2;12,59;19,88;10,52;11,96;10,93;11,98;10,41;9,86;7,13;11,1;traduction_et_interpretariat
13,64;13,63;12,29;12,06;14,81;13,88;14,84;13,72;8,69;16,13;11,54;12,41;19,35;11,93;9,67;urbanisme_et_amenagement_du_territoire
16,87;19,04;14,2;11,14;10,1;7,36;16,46;15,97;11,13;17,49;9,83;10,88;11,81;14,37;10,29;informatique_administration_reseaux_et_ia
15,25;20,0;14,49;9,61;14,21;10,68;14,23;16,76;8,1;12,85;7,12;9,79;15,06;15,8;8,23;genie_electrique_et_electronique
15,53;15,37;16,71;14,86;12,81;10,81;13,31;14,73;18,52;10,2;9,16;13,61;11,15;11,18;18,51;medecine_et_sante
14,5;16,42;17,85;14,86;9,82;10,82;12,29;14,25;20,0;11,98;6,55;11,86;6,75;11,6;20,0;biotechnologie_et_sciences_pharmaceutiques
18,02;20,0;12,88;6,97;7,27;8,6;13,77;16,3;6,54;12,45;6,8;11,05;15,64;13,77;4,97;genie_electrique_et_electronique
17,31;18,01;11,35;10,94;13,1;12,25;13,04;16,49;11,21;11,06;10,27;13,58;12,88;14,99;8,53;genie_civil_et_construction
11,97;15,89;17,03;12,94;12,58;13,37;12,04;14,0;17,4;11,72;6,78;14,21;10,37;9,26;18,03;medecine_et_sante
12,69;7,56;11,72;14,92;14,13;16,01;12,44;17,77;14,83;9,3;10,89;12,65;9,43;12,08;8,88;psychologie_et_sciences_de_l_education
13,51;14,13;16,36;14,34;11,61;10,73;12,99;7,24;14,47;10,59;10,88;13,24;13,16;11,65;15,7;agronomie_et_environnement
17,26;19,43;13,94;10,77;13,83;9,51;11,48;15,31;9,32;17,59;8,32;12,81;15,58;14,55;8,01;genie_electrique_et_electronique
14,46;12,08;13,46;14,66;15,02;11,15;15,73;14,84;11,18;11,51;19,07;9,49;10,05;18,23;9,64;economie_et_gestion
16,95;14,57;18,07;13,48;14,36;12,71;9,79;10,23;17,91;14,63;12,1;12,95;7,5;11,03;20,0;medecine_et_sante
15,46;12,03;13,16;14,9;17,22;8,72;17,86;15,16;7,87;14,74;15,25;13,0;8,94;15,65;8,63;commerce_international_et_logistique
15,49;15,86;11,83;6,67;7,48;8,97;9,08;16,64;8,14;13,1;7,76;13,77;15,3;15,29;5,93;genie_civil_et_construction
11,72;8,25;5,33;16,55;14,36;17,12;18,28;11,81;11,71;13,3;12,32;11,39;9,78;11,69;10,65;journalisme_et_medias
9,76;10,63;12,31;16,49;12,42;18,1;14,77;17,3;16,92;9,69;6,05;11,69;7,02;11,06;9,31;psychologie_et_sciences_de_l_education
12,74;12,9;9,42;12,84;19,63;9,99;10,49;14,84;13,24;12,01;6,6;18,05;10,27;11,97;14,17;sport_et_sciences_du_mouvement
9,11;4,77;8,04;17,82;17,1;15,81;14,75;12,8;9,93;9,45;17,13;13,49;5,7;10,04;11,13;droit_et_sciences_politiques
15,35;8,92;12,1;16,57;12,73;15,18;14,14;18,02;16,82;11,78;11,45;11,44;13,9;16,61;10,66;psychologie_et_sciences_de_l_education
19,14;11,72;13,5;17,84;16,18;10,84;18,83;15,26;11,25;16,44;18,58;15,02;11,9;14,76;7,64;commerce_international_et_logistique
19,16;14,2;8,9;13,13;9,75;10,47;11,89;18,92;11,5;20,0;11,89;9,54;9,18;19,06;7,28;science_des_donnees_et_intelligence_artificielle
15,59;19,55;12,04;13,78;11,16;7,05;16,83;13,88;8,53;16,88;6,42;10,6;12,9;13,45;5,65;genie_electrique_et_electronique
12,14;12,79;14,1;12,2;15,28;13,7;16,96;14,84;18,66;8,21;9,6;16,89;8,13;10,15;17,14;agronomie_et_environnement
12,99;14,34;17,39;11,26;14,81;13,25;12,21;12,03;17,92;13,53;8,99;14,7;10,4;14,39;16,78;medecine_et_sante
16,89;16,72;16,74;11,21;7,17;12,79;15,58;15,05;8,63;18,24;11,35;8,05;12,25;16,34;6,56;informatique_administration_reseaux_et_ia
12,91;10,48;9,7;14,93;11,38;8,48;10,3;14,4;12,95;9,58;9,04;19,47;9,88;11,36;13,74;sport_et_sciences_du_mouvement
14,81;9,42;12,82;16,31;16,58;11,36;18,38;14,17;8,83;13,02;20,0;13,87;8,52;15,24;9,57;commerce_international_et_logistique
11,28;8,89;11,52;16,75;13,95;8,88;19,41;15,52;12,88;9,79;11,52;15,98;12,37;9,74;9,46;tourisme_et_hotellerie
7,94;12,33;10,7;14,04;9,46;8,73;9,95;11,02;11,33;10,14;8,86;17,7;7,09;5,82;7,26;sport_et_sciences_du_mouvement
10,97;8,63;11,22;16,52;14,94;13,1;14,47;20,0;15,27;9,36;7,88;11,76;5,87;14,48;12,83;psychologie_et_sciences_de_l_education
16,76;16,32;11,47;15,95;8,44;8,12;10,74;12,18;9,75;14,22;11,06;9,57;19,46;13,08;6,24;architecture_et_design_interieur
18,47;14,39;11,47;10,63;8,9;8,57;9,21;16,04;11,35;19,95;11,91;7,21;14,32;19,14;10,71;science_des_donnees_et_intelligence_artificielle
16,8;16,94;12,15;12,12;11,26;11,84;14,12;13,6;11,71;13,33;8,9;14,27;18,65;15,61;10,75;genie_civil_et_construction
5,68;7,18;9,27;16,07;12,68;13,11;16,67;13,53;9,22;10,71;7,9;12,4;7,33;8,11;12,47;langues_et_communication
17,58;17,27;9,62;10,37;11,84;11,31;15,41;16,72;12,87;12,01;8,77;13,58;17,83;17,37;10,27;genie_civil_et_construction
18,1;16,94;11,09;11,94;9,98;10,18;13,35;18,75;11,92;18,45;12,42;15,25;7,98;18,35;12,28;science_des_donnees_et_intelligence_artificielle
14,47;15,34;9,27;13,96;12,42;8,37;13,24;17,01;4,31;19,03;11,86;9,62;9,45;15,01;4,88;cybersecurite_et_reseaux
6,98;9,9;8,88;15,4;13,0;13,42;18,53;8,88;10,66;9,59;10,49;10,02;7,71;8,11;9,76;traduction_et_interpretariat
13,34;11,11;12,22;12,44;10,34;9,14;12,89;14,92;20,0;12,66;11,01;13,6;6,14;11,74;19,53;sciences_veterinaires
18,07;19,51;14,38;10,04;11,29;8,56;14,12;14,38;9,91;16,47;9,65;12,59;15,48;11,72;5,66;genie_mecanique_et_industriel
14,83;9,38;9,89;11,88;14,83;12,46;16,84;17,76;11,0;10,86;17,56;11,86;10,62;13,03;9,89;commerce_international_et_logistique
13,54;12,12;9,32;10,37;14,56;11,76;15,62;14,87;6,6;12,61;12,54;10,75;17,71;12,32;6,34;urbanisme_et_amenagement_du_territoire
14,14;14,74;18,55;13,04;12,25;13,83;12,76;14,14;18,16;13,75;9,65;13,53;10,06;12,58;17,13;medecine_et_sante
17,99;11,83;14,75;13,48;11,58;10,48;14,51;19,23;9,0;15,27;17,77;12,57;8,02;17,64;10,44;sciences_actuarielles_et_statistiques
16,35;17,3;12,19;9,33;10,17;11,12;13,25;15,59;9,64;13,67;8,94;13,79;15,04;11,07;8,12;genie_civil_et_construction
19,78;15,32;9,6;10,73;9,58;10,37;13,15;18,45;11,21;20,0;10,92;10,78;9,82;20,0;11,25;science_des_donnees_et_intelligence_artificielle
19,34;17,03;13,83;9,96;11,1;9,41;15,43;17,83;13,43;19,37;11,3;9,9;9,66;15,98;11,51;science_des_donnees_et_intelligence_artificielle
16,91;11,58;12,97;17,52;12,64;12,58;16,2;14,67;9,19;10,71;19,19;12,98;10,44;18,46;8,1;economie_et_gestion
9,17;8,49;8,78;19,25;13,69;13,42;17,38;10,4;7,68;11,59;7,38;11,17;6,89;9,03;9,65;traduction_et_interpretariat
19,86;19,95;10,92;12,51;6,13;6,55;12,98;16,6;9,28;16,73;10,85;9,13;14,66;15,66;9,2;genie_electrique_et_electronique
19,93;11,24;10,44;10,77;10,6;13,93;16,86;12,25;7,35;15,06;14,44;10,45;4,72;18,26;7,22;sciences_actuarielles_et_statistiques
5,58;10,09;12,45;14,39;12,72;18,94;13,51;17,31;15,9;8,8;8,14;13,09;4,33;10,84;14,26;psychologie_et_sciences_de_l_education
14,01;14,84;9,75;11,38;12,13;11,18;12,73;13,74;7,96;13,51;13,31;9,95;17,26;12,08;5,77;urbanisme_et_amenagement_du_territoire
16,44;13,63;15,41;11,39;7,72;3,74;13,6;15,04;9,13;13,8;12,44;10,66;10,13;19,29;7,19;sciences_actuarielles_et_statistiques
18,9;14,57;9,06;10,92;9,43;10,29;13,03;17,06;9,09;19,94;10,33;7,86;10,73;18,93;6,69;science_des_donnees_et_intelligence_artificielle
19,09;19,45;8,73;9,39;8,25;8,67;12,27;15,63;8,49;20,0;7,05;7,85;17,17;17,12;7,89;genie_electrique_et_electronique
17,08;14,53;13,27;16,01;16,45;11,71;16,97;14,55;10,61;15,71;18,33;17,38;11,35;16,59;9,78;commerce_international_et_logistique
10,12;9,89;7,35;17,9;15,13;14,09;19,46;10,46;7,59;10,16;9,06;14,4;8,27;9,62;8,91;traduction_et_interpretariat
17,92;12,83;13,34;14,01;9,7;7,6;15,24;14,26;7,31;16,72;14,41;9,68;9,98;17,23;6,5;sciences_actuarielles_et_statistiques
10,17;8,36;9,6;14,0;14,25;9,67;18,29;14,81;11,63;9,82;13,62;13,91;8,12;8,24;12,11;tourisme_et_hotellerie
3,22;7,74;8,2;18,79;9,73;10,74;20,0;10,81;9,84;5,57;7,15;15,77;8,1;7,16;11,33;traduction_et_interpretariat
17,13;11,76;14,02;13,77;14,68;9,69;16,77;15,34;13,04;13,09;16,9;14,39;8,99;15,62;8,79;commerce_international_et_logistique
14,74;12,99;12,94;14,56;17,18;13,65;14,73;15,15;13,93;12,0;15,77;8,34;10,14;17,21;11,49;economie_et_gestion
5,55;6,85;8,63;18,08;12,2;12,6;17,14;11,55;11,69;7,16;7,83;15,73;8,09;7,99;9,47;langues_et_communication
10,68;11,49;15,57;13,77;7,31;12,38;12,66;14,06;19,14;5,25;7,33;14,67;8,75;10,51;15,85;sciences_veterinaires
13,68;9,24;12,5;14,82;15,52;10,07;16,29;12,77;11,44;11,49;17,6;14,46;7,31;16,23;10,05;economie_et_gestion
14,45;17,44;16,1;12,26;11,21;9,61;16,56;19,49;9,36;18,13;12,54;10,08;8,88;15,67;8,13;informatique_administration_reseaux_et_ia
6,99;10,13;11,45;17,05;12,06;15,84;11,61;14,92;16,68;11,09;8,07;12,96;10,91;8,58;10,82;psychologie_et_sciences_de_l_education
18,6;19,65;14,32;10,56;11,92;9,58;11,78;14,4;10,26;11,7;11,0;16,99;20,0;14,39;7,67;genie_mecanique_et_industriel
17,75;10,53;14,41;12,66;11,08;11,29;17,22;11,72;9,57;15,45;14,54;13,1;6,34;17,71;7,81;finance_comptabilite_et_audit
17,93;17,29;12,62;8,69;10,5;8,09;13,34;15,7;12,55;15,71;10,43;10,07;15,14;12,89;6,61;genie_civil_et_construction
11,31;15,34;11,15;14,3;13,38;14,75;12,23;11,82;14,21;9,23;11,67;15,88;15,51;12,26;4,25;urbanisme_et_amenagement_du_territoire
12,6;13,4;9,0;14,31;14,97;12,14;13,06;11,98;11,31;11,37;12,71;10,15;16,06;9,12;11,51;urbanisme_et_amenagement_du_territoire
19,34;12,33;12,74;11,78;13,2;11,73;14,04;14,69;5,6;15,28;14,29;9,9;11,9;20,0;5,25;sciences_actuarielles_et_statistiques
8,03;5,81;5,13;17,72;14,89;13,66;17,48;11,79;10,36;7,47;8,78;12,7;6,7;8,81;6,45;langues_et_communication
11,56;15,57;18,43;15,4;11,11;11,32;11,12;11,6;18,54;6,85;9,67;12,7;7,29;11,12;20,0;pharmacie
15,13;10,59;13,01;15,29;14,41;9,96;15,3;16,46;9,29;11,51;19,06;10,27;8,77;15,54;6,9;finance_comptabilite_et_audit
8,15;8,46;10,72;19,31;11,79;12,06;18,48;12,46;10,73;8,86;8,58;11,42;8,87;7,26;9,44;langues_et_communication
8,73;6,08;10,22;18,41;17,69;15,3;15,99;12,43;6,89;12,55;9,16;11,56;6,05;7,78;8,1;langues_et_communication
11,2;16,67;19,9;13,03;11,0;12,04;14,74;12,64;15,95;9,12;12,94;13,24;6,62;12,09;18,13;pharmacie
8,39;8,84;10,9;17,24;13,39;15,6;14,88;18,04;16,14;10,2;8,18;12,84;9,18;7,78;10,04;psychologie_et_sciences_de_l_education
17,99;16,42;13,06;13,56;9,61;11,61;14,75;11,12;12,91;15,9;13,15;10,33;20,0;17,9;7,4;genie_civil_et_construction
8,12;6,89;6,18;20,0;18,57;17,79;13,4;12,8;9,99;8,52;15,54;11,69;8,04;13,3;5,04;droit_et_sciences_politiques
9,01;8,75;6,82;13,55;13,57;12,55;17,93;12,55;8,62;10,02;4,57;16,57;8,23;6,75;7,45;traduction_et_interpretariat
11,1;9,37;11,94;13,14;11,34;15,33;13,35;18,73;14,21;11,66;8,33;8,86;10,02;8,83;11,95;psychologie_et_sciences_de_l_education
16,62;19,35;10,63;10,08;12,17;9,35;11,84;17,5;12,41;14,05;10,65;14,35;19,79;13,3;9,37;genie_civil_et_construction
17,59;17,55;12,76;10,74;12,92;9,2;13,28;16,11;11,03;14,64;10,07;14,62;17,48;16,72;9,06;genie_civil_et_construction
9,75;13,82;16,48;10,19;8,12;11,62;14,97;13,89;18,36;9,79;4,59;15,81;10,93;12,28;19,41;sciences_veterinaires
13,57;15,16;17,77;8,02;11,95;8,5;13,7;11,77;18,48;10,75;9,98;6,9;5,33;12,73;17,75;biotechnologie_et_sciences_pharmaceutiques
3,07;6,55;10,22;18,03;11,38;13,55;16,35;11,39;9,79;8,62;6,56;10,46;6,9;6,5;8,72;langues_et_communication
14,1;16,06;7,74;7,39;14,73;9,0;13,24;14,76;4,72;19,48;10,93;9,52;7,64;15,04;7,07;cybersecurite_et_reseaux
18,03;10,62;14,75;12,09;14,89;11,44;18,5;14,5;7,03;12,67;16,8;11,28;8,75;19,07;6,37;finance_comptabilite_et_audit
16,57;16,88;15,14;14,38;9,91;8,35;12,84;15,3;8,32;13,85;11,73;11,72;17,7;14,15;7,88;architecture_et_design_interieur
8,54;6,99;9,45;14,82;12,74;8,04;16,93;12,44;14,08;12,28;11,99;11,77;10,61;9,69;11,22;tourisme_et_hotellerie
15,09;14,01;12,01;8,6;11,38;8,64;12,55;16,12;7,35;18,6;9,54;12,77;5,56;11,45;7,05;cybersecurite_et_reseaux
10,05;9,38;10,57;15,2;16,84;11,31;17,67;10,78;10,27;7,98;11,15;16,48;11,95;10,08;9,91;tourisme_et_hotellerie
12,9;16,88;18,43;13,95;9,91;13,84;16,37;14,66;17,83;11,99;7,28;8,27;5,73;11,69;17,37;biotechnologie_et_sciences_pharmaceutiques
7,15;6,56;10,52;18,41;16,03;15,74;14,81;11,27;8,44;8,34;15,31;13,23;8,81;7,94;8,63;droit_et_sciences_politiques
8,51;8,62;9,89;16,07;16,66;13,38;14,33;14,99;12,65;8,64;9,96;13,98;6,91;12,59;12,84;sciences_sociales_et_sociologie
7,97;6,46;10,06;15,79;11,74;13,7;17,22;11,8;12,46;8,92;9,94;15,74;9,67;9,02;10,3;langues_et_communication
15,02;11,88;12,35;14,05;16,6;9,55;15,3;17,09;10,6;8,6;15,24;11,2;7,44;15,81;9,04;finance_comptabilite_et_audit
7,33;9,15;7,81;17,82;16,01;11,6;19,19;11,33;7,03;7,59;6,1;8,66;9,68;8,14;7,32;langues_et_communication
6,25;7,33;8,67;16,42;12,9;11,15;17,48;12,58;9,62;7,52;10,18;12,53;6,98;5,19;8,03;langues_et_communication
18,59;11,23;8,98;11,1;9,47;9,9;13,09;16,68;10,02;20,0;12,26;9,34;9,1;18,39;6,31;cybersecurite_et_reseaux
18,07;15,62;10,51;13,25;13,53;8,97;15,72;15,46;9,71;17,23;17,24;7,9;8,79;20,0;7,5;sciences_actuarielles_et_statistiques
7,71;5,15;9,67;16,3;16,24;15,21;18,87;14,07;11,11;11,18;10,78;13,78;11,44;9,43;8,38;journalisme_et_medias
9,52;8,62;9,93;14,19;14,72;13,17;20,0;12,79;9,94;11,13;14,11;15,38;6,59;10,43;11,38;tourisme_et_hotellerie
13,6;16,63;18,95;13,51;7,17;13,0;15,66;16,46;17,76;12,86;8,44;7,35;5,59;12,7;16,03;pharmacie
12,27;13,8;12,08;12,36;17,58;14,69;12,19;15,44;12,28;8,23;9,95;15,65;17,85;14,49;5,18;urbanisme_et_amenagement_du_territoire
18,21;18,08;12,38;17,62;9,68;7,69;12,32;13,12;8,59;12,95;6,52;13,12;19,72;10,16;9,6;architecture_et_design_interieur
11,65;16,38;18,33;12,43;11,6;11,69;11,09;13,33;17,41;8,48;8,79;14,1;9,5;11,76;17,69;pharmacie
18,43;15,75;17,96;14,84;7,59;12,25;13,01;16,08;8,73;17,37;12,65;9,36;13,46;15,01;7,78;informatique_administration_reseaux_et_ia
18,81;16,28;11,98;14,53;9,82;10,71;12,33;17,79;10,94;19,64;10,3;9,39;11,47;18,4;7,76;science_des_donnees_et_intelligence_artificielle
12,04;7,29;9,0;18,17;15,51;11,24;15,27;17,48;8,94;9,71;14,34;16,21;10,46;11,59;9,49;tourisme_et_hotellerie
9,7;9,95;9,98;16,21;16,72;10,27;19,86;13,57;14,22;8,07;11,77;17,18;10,07;8,43;9,09;tourisme_et_hotellerie
16,71;15,11;11,9;13,14;9,68;11,13;12,97;14,09;11,48;13,08;10,07;12,98;18,36;10,13;6,25;architecture_et_design_interieur
18,94;10,46;14,02;10,36;12,31;10,76;19,22;14,05;9,52;12,28;20,0;11,35;9,84;16,76;8,66;finance_comptabilite_et_audit
4,84;7,1;9,36;12,85;12,15;12,64;18,05;9,95;11,14;7,96;6,03;8,96;6,72;8,37;10,57;langues_et_communication
15,91;18,54;14,25;9,47;10,55;8,88;11,16;16,85;10,13;13,9;7,83;14,47;14,36;11,59;7,37;genie_mecanique_et_industriel
15,41;8,33;9,2;18,01;13,68;19,4;12,57;10,27;7,4;13,31;11,37;14,31;12,86;11,36;10,33;journalisme_et_medias
12,24;13,51;15,63;14,96;11,69;13,23;12,8;14,43;18,36;8,89;15,22;16,37;9,19;11,24;18,48;agronomie_et_environnement
9,24;4,0;9,06;12,95;17,79;19,1;13,22;14,6;11,39;10,35;9,86;11,57;9,12;10,56;8,52;sciences_sociales_et_sociologie
15,67;18,72;13,57;11,2;10,78;12,93;14,26;12,02;9,67;10,2;7,68;17,7;17,41;11,9;7,2;genie_mecanique_et_industriel
12,15;17,53;19,51;13,65;9,72;13,17;14,13;14,58;18,24;13,17;9,87;10,18;8,58;12,97;19,56;biotechnologie_et_sciences_pharmaceutiques
17,8;16,05;10,85;12,43;10,5;9,46;12,91;14,4;7,57;16,62;11,18;10,58;17,86;12,12;4,25;architecture_et_design_interieur
12,88;14,07;11,79;11,35;15,8;13,58;14,11;16,28;11,27;11,94;15,63;12,28;18,23;13,27;6,91;urbanisme_et_amenagement_du_territoire
9,89;6,29;10,2;16,24;17,14;19,8;12,07;13,4;11,88;9,83;9,6;13,27;8,55;13,37;11,38;sciences_sociales_et_sociologie
12,04;15,0;11,71;13,2;16,09;12,08;12,99;14,63;7,67;14,35;13,88;13,0;18,62;10,2;9,12;urbanisme_et_amenagement_du_territoire
11,57;9,44;8,04;17,46;17,69;17,13;16,49;10,29;10,74;8,11;14,49;8,48;8,86;11,17;8,96;droit_et_sciences_politiques
14,6;14,87;6,71;6,54;10,61;9,73;14,35;17,51;10,95;18,62;11,1;10,59;9,02;16,35;10,13;cybersecurite_et_reseaux
16,28;17,49;12,91;14,22;10,78;11,11;13,56;14,98;8,87;14,03;11,58;12,07;18,74;12,11;7,67;architecture_et_design_interieur
9,97;6,02;6,86;19,16;15,17;16,8;14,2;11,83;9,19;9,3;14,15;14,0;9,67;10,33;7,79;droit_et_sciences_politiques
18,88;11,32;13,03;10,33;17,34;14,14;16,17;12,39;11,86;12,65;19,2;14,66;11,87;18,29;7,24;economie_et_gestion
18,73;13,32;10,76;9,23;12,41;12,33;15,19;11,09;8,14;15,15;16,36;10,5;8,25;16,34;8,88;sciences_actuarielles_et_statistiques
7,65;9,21;8,07;13,24;17,18;9,6;18,11;10,35;11,06;10,96;9,17;15,97;11,4;9,59;9,1;tourisme_et_hotellerie
11,59;7,87;7,95;17,4;12,56;15,89;12,49;18,33;15,17;11,2;8,8;11,82;5,23;9,31;9,04;psychologie_et_sciences_de_l_education
12,54;14,88;9,83;13,36;15,65;10,56;12,77;13,15;9,3;12,52;12,19;9,22;17,99;10,02;10,66;urbanisme_et_amenagement_du_territoire
15,46;13,71;9,95;8,34;6,67;14,8;17,4;16,53;8,18;17,96;8,51;10,7;10,15;17,81;7,68;cybersecurite_et_reseaux
19,37;19,7;11,15;12,34;7,68;12,76;16,46;13,54;10,39;17,77;10,9;9,62;16,38;13,94;9,27;genie_electrique_et_electronique
8,45;11,3;8,47;12,3;9,72;10,45;11,77;11,39;13,62;7,26;11,22;20,0;8,91;8,71;13,02;sport_et_sciences_du_mouvement
13,76;12,89;17,07;12,57;12,21;13,85;11,0;12,24;17,51;8,72;11,17;16,84;8,35;13,52;18,19;agronomie_et_environnement
8,38;7,79;8,96;16,62;14,27;13,1;17,9;11,56;7,44;9,93;8,66;12,46;8,18;5,28;8,37;traduction_et_interpretariat
15,4;10,99;13,76;10,28;12,9;10,47;14,49;19,94;8,74;14,86;18,07;10,12;7,5;16,35;8,5;finance_comptabilite_et_audit
7,48;10,28;9,44;16,4;15,62;17,71;16,48;18,6;11,28;10,09;11,27;10,09;7,59;10,01;10,99;sciences_sociales_et_sociologie
7,67;5,74;8,26;16,99;10,21;11,31;19,47;13,65;9,77;8,32;8,26;12,4;7,56;7,55;8,7;langues_et_communication
19,74;15,39;12,53;9,3;8,51;11,62;17,42;13,25;10,46;19,9;9,65;9,86;11,16;17,73;8,12;science_des_donnees_et_intelligence_artificielle
13,5;6,49;9,6;16,42;20,0;17,74;16,22;12,7;12,74;8,34;16,32;10,03;6,33;11,42;8,6;droit_et_sciences_politiques
11,93;17,09;20,0;13,67;10,18;10,83;13,03;13,75;18,41;10,36;8,9;12,14;9,79;10,87;16,41;pharmacie
10,36;7,95;10,57;13,84;18,6;15,65;12,96;11,12;11,41;14,54;14,13;14,35;8,19;13,61;10,87;sciences_sociales_et_sociologie
18,02;13,07;12,53;14,69;13,82;14,14;14,74;14,96;9,71;13,67;18,88;10,81;10,15;17,95;7,91;finance_comptabilite_et_audit
18,89;19,53;14,09;12,44;12,49;10,87;15,98;13,46;9,64;15,41;10,43;12,21;16,15;15,59;3,94;genie_electrique_et_electronique
15,17;12,4;16,69;11,94;10,88;12,51;9,2;13,97;16,15;12,48;10,51;9,8;7,45;12,56;19,63;pharmacie
13,0;12,99;17,44;11,51;13,53;12,29;11,25;12,67;17,96;12,26;9,2;17,27;9,47;9,89;16,92;agronomie_et_environnement
15,63;15,16;15,44;13,65;11,22;9,45;12,36;16,85;16,52;10,58;13,68;16,61;9,11;10,72;17,31;sciences_veterinaires
17,44;12,63;11,82;13,7;16,03;9,2;20,0;14,93;10,22;15,19;20,0;17,04;5,73;15,22;9,65;commerce_international_et_logistique
9,22;8,76;8,4;19,12;18,71;16,53;15,51;10,81;4,67;9,13;11,6;11,72;10,72;11,08;7,09;journalisme_et_medias
19,07;11,12;11,66;10,88;12,31;9,68;17,74;12,32;10,34;12,93;15,29;10,36;8,72;19,15;9,75;finance_comptabilite_et_audit
13,99;12,36;11,42;13,63;18,23;11,76;15,83;12,27;8,02;13,59;19,82;8,28;10,79;15,21;9,44;economie_et_gestion
7,24;7,49;6,49;18,44;12,91;15,11;18,24;6,5;10,39;12,11;8,01;13,47;9,6;8,54;12,49;langues_et_communication
11,97;16,56;17,91;12,02;11,3;13,64;14,63;13,32;17,99;11,77;9,13;13,23;10,13;11,22;18,26;medecine_et_sante
17,98;19,32;15,38;9,61;12,8;9,86;14,85;13,98;14,0;12,71;11,91;9,45;20,0;17,12;9,76;genie_mecanique_et_industriel
16,19;16,99;10,48;14,18;11,77;12,57;14,43;15,24;11,78;12,09;6,04;13,57;16,43;7,76;9,8;architecture_et_design_interieur
18,26;17,97;14,89;10,79;13,49;10,35;14,23;13,75;11,34;11,67;9,78;9,35;18,68;13,56;8,62;genie_mecanique_et_industriel
18,91;14,57;11,26;11,11;8,15;8,73;13,91;16,67;14,73;17,52;11,85;7,35;11,98;16,1;13,52;informatique_administration_reseaux_et_ia
14,98;10,83;8,84;12,39;13,73;12,54;17,1;15,55;8,66;9,55;15,77;9,27;11,65;12,38;8,6;commerce_international_et_logistique
8,71;9,51;8,15;15,15;17,19;16,17;17,85;14,04;10,92;9,49;10,23;11,68;8,17;10,69;12,7;journalisme_et_medias
14,3;20,0;19,92;12,32;14,97;12,16;13,15;15,68;16,17;15,09;10,54;12,09;13,85;15,42;16,63;medecine_et_sante
14,55;9,09;12,42;13,38;18,43;14,4;18,05;14,2;10,3;13,11;17,94;9,23;10,33;11,78;5,5;commerce_international_et_logistique
7,48;10,5;12,11;16,89;19,69;18,12;13,83;14,32;13,08;11,53;11,55;11,71;9,05;11,34;10,99;sciences_sociales_et_sociologie
18,1;12,5;9,44;9,84;11,24;9,45;11,39;20,0;10,92;20,0;12,01;9,46;11,9;16,86;10,42;science_des_donnees_et_intelligence_artificielle
7,48;10,13;10,88;16,36;12,87;15,61;12,92;17,25;15,5;9,08;7,48;13,51;6,94;10,22;13,65;psychologie_et_sciences_de_l_education
17,14;10,92;12,93;12,59;12,82;9,11;18,59;14,14;11,88;12,65;18,01;12,38;8,09;18,92;9,76;finance_comptabilite_et_audit
15,46;8,35;9,67;14,09;14,06;12,99;18,31;14,63;9,51;9,99;20,0;14,85;7,19;13,9;7,94;economie_et_gestion
16,79;19,26;11,51;12,42;13,0;6,41;16,37;11,49;7,87;15,75;8,27;11,67;12,32;12,49;8,12;genie_electrique_et_electronique
4,11;7,31;11,07;19,64;10,98;13,2;15,2;8,95;5,02;11,08;10,5;7,35;5,4;5,13;8,6;traduction_et_interpretariat
16,75;16,29;18,79;13,7;9,0;7,6;11,34;12,21;18,19;11,63;7,07;14,04;9,89;14,38;17,52;pharmacie
8,53;8,26;8,92;20,0;15,67;13,78;18,21;11,27;6,94;8,95;6,31;15,39;10,26;7,45;8,12;langues_et_communication
15,01;12,7;12,43;15,8;14,79;14,35;14,19;12,38;15,87;8,77;16,16;15,32;9,07;9,85;15,64;agronomie_et_environnement
18,59;19,16;12,15;10,14;12,18;8,07;15,59;14,12;12,59;18,33;8,68;8,38;15,54;18,85;10,13;genie_electrique_et_electronique
15,87;15,83;10,53;15,98;11,7;11,16;16,17;16,19;1,94;19,66;10,15;8,15;12,52;13,1;4,09;cybersecurite_et_reseaux
8,59;5,93;8,3;19,77;13,63;14,09;15,16;13,93;8,99;8,23;10,47;13,45;10,86;9,67;9,02;langues_et_communication
12,75;20,0;13,08;12,73;10,63;6,03;11,91;15,61;4,26;9,52;9,41;11,17;17,88;10,98;6,75;genie_mecanique_et_industriel
9,95;10,94;9,94;14,81;16,47;16,81;17,0;14,59;11,23;16,37;11,31;13,77;10,8;10,5;11,64;journalisme_et_medias
10,57;5,65;10,33;16,11;17,14;16,85;19,9;11,5;9,88;11,87;13,57;13,08;7,2;8,6;10,03;droit_et_sciences_politiques
13,81;17,38;17,18;9,39;11,65;8,8;12,47;10,83;19,15;8,79;9,87;9,38;8,18;14,03;17,44;biotechnologie_et_sciences_pharmaceutiques
18,86;14,96;16,74;11,67;12,01;10,46;12,39;12,78;17,95;14,11;9,95;11,86;11,13;12,26;18,18;medecine_et_sante
13,01;13,67;10,25;12,63;14,12;11,1;13,52;13,35;9,24;13,31;15,02;10,05;16,62;10,65;9,56;urbanisme_et_amenagement_du_territoire
10,72;12,31;15,71;10,94;12,4;9,92;13,17;12,33;18,96;10,31;9,11;14,07;10,83;10,04;17,16;sciences_veterinaires
7,36;10,74;13,0;15,16;12,2;16,83;14,76;17,05;16,99;9,36;5,64;12,08;6,01;10,47;12,41;psychologie_et_sciences_de_l_education
11,8;11,84;13,29;16,16;18,85;12,42;18,52;10,71;10,58;12,8;11,44;15,38;9,37;7,87;12,67;tourisme_et_hotellerie
10,13;5,76;9,09;18,08;16,91;14,71;16,18;9,32;9,1;10,71;13,39;12,33;8,52;12,53;7,24;droit_et_sciences_politiques
12,06;9,9;13,63;18,14;14,38;15,66;15,37;13,06;6,82;11,74;10,69;13,19;12,17;12,33;8,65;journalisme_et_medias
18,48;17,0;15,66;10,78;13,85;12,43;13,21;18,53;6,86;16,31;10,2;7,68;8,73;17,19;9,3;informatique_administration_reseaux_et_ia
13,58;6,72;7,9;14,12;14,9;12,56;16,77;14,55;7,74;9,89;16,95;13,3;8,06;10,87;7,68;commerce_international_et_logistique
16,31;17,09;13,66;10,8;8,07;10,81;10,75;14,91;11,26;13,63;9,3;11,15;15,53;15,42;11,68;genie_civil_et_construction
15,27;17,02;18,66;15,93;13,42;11,21;12,03;14,81;15,44;12,43;16,53;17,82;14,02;11,38;16,5;agronomie_et_environnement
12,94;14,29;19,09;13,74;13,19;12,28;11,76;15,29;17,35;11,24;8,67;15,99;10,79;10,49;18,1;medecine_et_sante
16,36;16,05;17,41;12,95;10,69;11,66;13,38;13,23;17,88;9,31;11,48;12,82;11,31;14,06;18,71;pharmacie
18,73;16,75;9,4;12,66;10,83;12,34;13,08;18,36;12,03;19,25;11,87;11,33;10,82;19,25;9,95;science_des_donnees_et_intelligence_artificielle
10,07;7,12;8,73;14,9;16,75;11,29;15,78;12,51;13,12;10,51;11,22;14,28;8,52;11,74;11,94;tourisme_et_hotellerie
10,63;17,04;19,2;13,1;11,76;12,59;13,65;11,97;19,61;11,15;9,06;10,06;5,33;10,47;17,76;biotechnologie_et_sciences_pharmaceutiques
11,85;16,81;19,94;10,48;12,72;11,23;12,42;12,21;16,43;9,98;10,16;13,38;9,45;8,57;18,37;pharmacie
16,67;14,19;13,62;13,58;10,13;13,04;12,24;17,41;7,47;15,27;14,72;12,04;5,33;17,12;7,55;sciences_actuarielles_et_statistiques
14,35;12,65;12,26;12,46;5,83;6,76;10,35;13,94;9,81;18,5;8,44;10,67;8,75;14,74;8,77;cybersecurite_et_reseaux
